time,market_return,average_absolute_return,cross_sectional_dispersion,positive_asset_fraction,next_market_return,KMeans_regime,GMM_regime,BayesianGMM_regime,GMM_max_probability,BayesianGMM_max_probability
1,-0.01513283843607161,0.018276939257867372,0.016910432118604615,0.19607843137254902,-0.006694790502726793,0,0,0,0.9738978919998053,1.0
2,-0.006694790502726793,0.016495222720201954,0.021412427030734798,0.35294117647058826,0.002012140123043067,0,0,0,0.7291337648052211,1.0
3,0.002012140123043067,0.015403872027433825,0.02031674462362834,0.5294117647058824,0.011414243312454594,0,1,0,0.6655139672540018,1.0
4,0.011414243312454594,0.015508405251277453,0.01670709627850712,0.7647058823529411,-0.004881886466534936,1,1,0,0.9632726225052433,1.0
5,-0.004881886466534936,0.014702800177424867,0.018299555628710464,0.35294117647058826,0.012577943391031209,0,0,0,0.905177431934956,1.0
6,0.012577943391031209,0.022528550464803034,0.02560705011674078,0.7254901960784313,-0.00045934798244940496,1,1,0,0.9816654479804736,1.0
7,-0.00045934798244940496,0.014717599627133279,0.020644818369012774,0.47058823529411764,-0.009465112253775318,0,1,0,0.5561994687767846,1.0
8,-0.009465112253775318,0.016126863971659047,0.01986690362518827,0.3333333333333333,0.0004865142624916101,0,0,0,0.8561318200197888,1.0
9,0.0004865142624916101,0.012009772446362522,0.01685320018247931,0.5294117647058824,0.012233012261724052,1,1,0,0.7463316012783937,1.0
10,0.012233012261724052,0.02065245248553339,0.028944766486014895,0.6274509803921569,0.01759210418817017,1,1,0,0.8602932897670023,1.0
11,0.01759210418817017,0.023554418338154623,0.024904847150052388,0.803921568627451,-0.005094236021503063,1,1,0,0.9430649962383301,1.0
12,-0.005094236021503063,0.01650295335558354,0.021225219020158947,0.3137254901960784,0.0069274761177563395,0,0,0,0.8151107677568373,1.0
13,0.0069274761177563395,0.017893863803802913,0.02208835560643466,0.6470588235294118,-0.0027987545516292523,1,1,0,0.8489114262996046,1.0
14,-0.0027987545516292523,0.016450951523810098,0.021964140327941615,0.39215686274509803,0.002888610377253781,0,0,0,0.6541952723972255,1.0
15,0.002888610377253781,0.015692162993511387,0.02090209273588978,0.6470588235294118,0.004661967750814069,1,1,0,0.8387268545208132,1.0
16,0.004661967750814069,0.014659397986168509,0.019445694036681834,0.6470588235294118,-0.000271612135747206,1,1,0,0.6920697943174079,1.0
17,-0.000271612135747206,0.013837481839760772,0.01854258058584573,0.47058823529411764,-0.002885509896679176,0,0,0,0.5171915541870592,1.0
18,-0.002885509896679176,0.01709940013967369,0.020894496665280916,0.43137254901960786,-0.0021319913576690955,0,0,0,0.6137178775001668,1.0
19,-0.0021319913576690955,0.01437615804390051,0.01719779850597482,0.43137254901960786,-0.0038151815198740487,0,0,0,0.5454636131073886,1.0
20,-0.0038151815198740487,0.016076681168915797,0.02271652363660445,0.4117647058823529,-0.007972732818106338,0,0,0,0.7123126357301072,1.0
21,-0.007972732818106338,0.018688810759389315,0.02192835821086102,0.35294117647058826,0.005622374387930719,0,0,0,0.8040737052681695,1.0
22,0.005622374387930719,0.015992453694686454,0.01957219656150209,0.5686274509803921,0.007945301499245066,1,1,0,0.7994561912035643,1.0
23,0.007945301499245066,0.016526747257510518,0.019612996743587467,0.6862745098039216,-0.0019114372558792802,1,1,0,0.9274478726200962,1.0
24,-0.0019114372558792802,0.013410971758142558,0.017565283559537525,0.4117647058823529,-0.008930210708483093,0,0,0,0.6975952760687066,1.0
25,-0.008930210708483093,0.017417244515830474,0.02067319931695032,0.3137254901960784,0.00441211263806737,0,0,0,0.9265965138573157,1.0
26,0.00441211263806737,0.015852040548869063,0.02250739916923424,0.5882352941176471,-0.001738716593562077,1,1,0,0.9075055630463622,1.0
27,-0.001738716593562077,0.016477525558283253,0.022188423889149905,0.39215686274509803,0.007629933497040061,0,0,0,0.6688731722535445,1.0
28,0.007629933497040061,0.017464293396186915,0.02247301320962345,0.6274509803921569,-0.0023503479726667857,1,1,0,0.7340475646772434,1.0
29,-0.0023503479726667857,0.01463995922726434,0.019291887623496595,0.45098039215686275,0.001967942472841469,0,0,0,0.6806467161901254,1.0
30,0.001967942472841469,0.01415381924427087,0.018283124401561657,0.49019607843137253,0.013482123220634605,1,1,0,0.5154383233940809,1.0
31,0.013482123220634605,0.020608462779971144,0.023358867669650403,0.7254901960784313,0.003704560076443277,1,1,0,0.9390236797242518,1.0
32,0.003704560076443277,0.014227081556624983,0.018211993541638955,0.5294117647058824,-0.009428513069864076,1,1,0,0.8127716668953611,1.0
33,-0.009428513069864076,0.017799618545574047,0.023212458826509585,0.3333333333333333,0.007411594918558024,0,0,0,0.9095949301461698,1.0
34,0.007411594918558024,0.016978729485109215,0.021298369980660686,0.5686274509803921,-0.017539738672207053,1,1,0,0.7606460754252446,1.0
35,-0.017539738672207053,0.02058929916944921,0.01877058255543514,0.1568627450980392,-0.005385141725463371,0,0,0,0.9869836499314155,1.0
36,-0.005385141725463371,0.016838932416979507,0.02196387916964215,0.3137254901960784,0.006251396070287323,0,0,0,0.6706756877594471,1.0
37,0.006251396070287323,0.01701068349622668,0.020867206076876456,0.5882352941176471,0.003008348047246888,1,1,0,0.8005372763325419,1.0
38,0.003008348047246888,0.014427299173283718,0.0190089553079419,0.5490196078431373,-0.0030566305323458626,1,1,0,0.7319900077432864,1.0
39,-0.0030566305323458626,0.014040496438528357,0.016498783645440312,0.43137254901960786,0.006608160743739706,0,0,0,0.8374299289854035,1.0
40,0.006608160743739706,0.016769849641941167,0.020114666616773857,0.5686274509803921,-0.008636531793207697,1,1,0,0.9802683276403146,1.0
41,-0.008636531793207697,0.01713177618499733,0.02123997194799486,0.3333333333333333,0.0026211201972301946,0,0,0,0.7329307021936735,1.0
42,0.0026211201972301946,0.016117141329944466,0.01999369893602749,0.5098039215686274,0.010255956756383728,1,1,0,0.7163957211508046,1.0
43,0.010255956756383728,0.01706278295081837,0.017789813349709305,0.7647058823529411,-0.0002226587360621043,1,1,0,0.8828799677944529,1.0
44,-0.0002226587360621043,0.017458514214913404,0.02162184744407618,0.45098039215686275,-3.923535734521899e-05,0,0,0,0.7363372212602096,1.0
45,-3.923535734521899e-05,0.01811326124484506,0.02402782613077924,0.43137254901960786,-0.011877548875424493,0,1,0,0.8123423080083212,1.0
46,-0.011877548875424493,0.020717949297560444,0.02412359781348252,0.27450980392156865,-0.008130897877659226,0,0,0,0.9599166315122152,1.0
47,-0.008130897877659226,0.015975641459308496,0.01763851165800266,0.29411764705882354,-0.025240594338620248,0,0,0,0.8337462832722358,1.0
48,-0.025240594338620248,0.025885128550373292,0.01771167551491626,0.058823529411764705,-0.008232824979487635,0,0,0,0.9988887431774515,1.0
49,-0.008232824979487635,0.018621205179567044,0.022817221240734948,0.29411764705882354,-0.013041110270336201,0,0,0,0.7948762287364027,1.0
50,-0.013041110270336201,0.018530994232741255,0.020240396309932053,0.3137254901960784,0.0008117023380405054,0,0,0,0.9332576724421782,1.0
51,0.0008117023380405054,0.014879829865961291,0.019164530480441297,0.47058823529411764,0.004130407970735453,0,0,0,0.5977358545867201,1.0
52,0.004130407970735453,0.013570187859243903,0.01670396960352258,0.5294117647058824,-0.013057094768908336,1,1,0,0.5905856648896396,1.0
53,-0.013057094768908336,0.020294381727035057,0.020296517609108423,0.21568627450980393,0.00017455161353014816,0,0,0,0.9696309602714831,1.0
54,0.00017455161353014816,0.01621607478944431,0.022787376038365278,0.5098039215686274,0.0246873667227584,1,1,0,0.6984093858017311,1.0
55,0.0246873667227584,0.027040085108954743,0.02206997640993951,0.8823529411764706,0.003959987119620721,1,1,0,0.9982831567227982,1.0
56,0.003959987119620721,0.01509751482918712,0.01990578863696451,0.5882352941176471,-0.0055763784991584,1,0,0,0.5901572363043055,1.0
57,-0.0055763784991584,0.014043448661465643,0.019577626464783886,0.29411764705882354,0.0034589728479096993,0,0,0,0.9111448646856813,1.0
58,0.0034589728479096993,0.013668415809399257,0.017640587033180284,0.5882352941176471,-0.0028088152892313156,1,1,0,0.689243902231391,1.0
59,-0.0028088152892313156,0.01651523726947098,0.023440211604692476,0.49019607843137253,0.006524985688739334,0,1,0,0.5451205116464387,1.0
60,0.006524985688739334,0.014370211302440181,0.017044172102571725,0.7058823529411765,0.008771732117368085,1,1,0,0.9227054334382985,1.0
61,0.008771732117368085,0.015873505895613232,0.019063105754418986,0.6666666666666666,-0.011605357744707443,1,1,0,0.875579900620177,1.0
62,-0.011605357744707443,0.017708043772947286,0.020853580037909065,0.23529411764705882,-0.011965847751107598,0,0,0,0.9614171865049314,1.0
63,-0.011965847751107598,0.022036574036444066,0.02541166424369498,0.37254901960784315,0.008818838866844314,0,0,0,0.831628433814459,1.0
64,0.008818838866844314,0.01732430625834383,0.019503071902846267,0.6274509803921569,0.007975795910128399,1,1,0,0.8569190143619458,1.0
65,0.007975795910128399,0.020880185439161227,0.026318676482660706,0.5098039215686274,-0.002853542786140993,1,1,0,0.8820299465403328,1.0
66,-0.002853542786140993,0.01733294216317271,0.02621748150444145,0.49019607843137253,0.01121202438532377,0,0,0,0.5538110449702757,1.0
67,0.01121202438532377,0.019207316767561853,0.020083667967468573,0.7450980392156863,-0.005308158671484358,1,1,0,0.9734277134524556,1.0
68,-0.005308158671484358,0.016452041261639596,0.021183591357656583,0.43137254901960786,0.0032516446573494407,0,0,0,0.7126639306148175,1.0
69,0.0032516446573494407,0.015478367650308751,0.0219940409935328,0.5882352941176471,0.006071269561770671,1,1,0,0.6710372275435258,1.0
70,0.006071269561770671,0.017170363328990912,0.02035620923927423,0.5882352941176471,0.008544409961171026,1,1,0,0.9093674115908648,1.0
71,0.008544409961171026,0.017331860207045118,0.02076397709880383,0.5882352941176471,0.002003196128475901,1,1,0,0.8898093566102041,1.0
72,0.002003196128475901,0.01530299784165507,0.020073580912926582,0.5294117647058824,-0.008289310725935237,0,0,0,0.5194142563071706,1.0
73,-0.008289310725935237,0.01780853361305322,0.023103443900206244,0.37254901960784315,-0.007051856529398056,0,0,0,0.789999549352681,1.0
74,-0.007051856529398056,0.015706066567154404,0.020720423991384018,0.35294117647058826,-0.0034757780900286665,0,0,0,0.6649614013617502,1.0
75,-0.0034757780900286665,0.0168408285174559,0.02057071507375606,0.43137254901960786,0.005685291772313385,1,1,0,0.8763667557746943,1.0
76,0.005685291772313385,0.014308140807004826,0.017048587276891736,0.5882352941176471,0.005037231853632569,1,1,0,0.6639482967556758,1.0
77,0.005037231853632569,0.019415546767720133,0.0243357342909499,0.5294117647058824,-0.0052771130176633195,1,1,0,0.6626950118025725,1.0
78,-0.0052771130176633195,0.01930344767745884,0.02413339663400342,0.37254901960784315,-0.012101945807583498,0,0,0,0.8362360269613769,1.0
79,-0.012101945807583498,0.01938986551589181,0.021027212936057773,0.23529411764705882,0.007560478475997555,0,0,0,0.9681327550754439,1.0
80,0.007560478475997555,0.015254885409348757,0.019450879497389616,0.6274509803921569,0.005777040246890693,1,1,0,0.8862643833030561,1.0
81,0.005777040246890693,0.02128030944577609,0.026734820456156175,0.6666666666666666,0.0007269868414391343,1,1,0,0.899131981200979,1.0
82,0.0007269868414391343,0.015038028946757345,0.020319095195613174,0.47058823529411764,-0.016340485520024737,0,0,0,0.6256266093128552,1.0
83,-0.016340485520024737,0.022452389936628923,0.02074811622645405,0.21568627450980393,0.0055441227794339396,0,0,0,0.9907067810300156,1.0
84,0.0055441227794339396,0.01640909338123755,0.020015116203167684,0.6274509803921569,-0.006158315615828802,1,1,0,0.6632899469559336,1.0
85,-0.006158315615828802,0.01780181892622412,0.02285498016930216,0.3333333333333333,-0.006512632099228617,0,0,0,0.8598218438015215,1.0
86,-0.006512632099228617,0.016510878812496972,0.022139116162252306,0.37254901960784315,0.011330289990660814,0,0,0,0.7858251713573051,1.0
87,0.011330289990660814,0.017347765205112622,0.018093673818104256,0.7647058823529411,0.003559784328949207,1,1,0,0.9174024713871589,1.0
88,0.003559784328949207,0.015684397517639007,0.019022468255405774,0.6470588235294118,0.0033435330124006912,1,1,0,0.8989982874947109,1.0
89,0.0033435330124006912,0.020496291543407402,0.027473781394460817,0.6078431372549019,0.011989084423873798,1,1,0,0.8789172670702478,1.0
90,0.011989084423873798,0.016924184262104885,0.01948435421882546,0.7450980392156863,-0.01211835795132136,1,1,0,0.9314371459843747,1.0
91,-0.01211835795132136,0.01576158097304325,0.017220858976566673,0.17647058823529413,0.01265927567640211,0,0,0,0.9546692044690961,1.0
92,0.01265927567640211,0.022988893859405207,0.02918545332281214,0.7254901960784313,0.007785996808522901,1,1,0,0.9892651602903788,1.0
93,0.007785996808522901,0.016505626740767634,0.021505951602128044,0.6862745098039216,-0.005968466769955608,1,1,0,0.7846673581912793,1.0
94,-0.005968466769955608,0.01571369719501197,0.01950768144968783,0.39215686274509803,-0.0036472179146733795,0,0,0,0.5258409319667723,1.0
95,-0.0036472179146733795,0.017344664512539257,0.021594476813728714,0.35294117647058826,-0.005901333041727133,0,0,0,0.8313349806126469,1.0
96,-0.005901333041727133,0.015039025837726849,0.016651667903552995,0.35294117647058826,-0.009208996038982356,0,0,0,0.7315334637174352,1.0
97,-0.009208996038982356,0.01474293532570738,0.017542785351613254,0.29411764705882354,0.004340038776924749,0,0,0,0.889564431034532,1.0
98,0.004340038776924749,0.0186501428114347,0.024559768250721523,0.6274509803921569,0.0023747881577936072,1,1,0,0.8126391122362894,1.0
99,0.0023747881577936072,0.015046524185464255,0.019865910693643376,0.5686274509803921,-0.0034445718190879346,1,1,0,0.5685149781974911,1.0
100,-0.0034445718190879346,0.015262580217736741,0.021236324515562156,0.39215686274509803,-0.0022957052198993542,0,0,0,0.6010054824036507,1.0
101,-0.0022957052198993542,0.0161248502196085,0.022027145472856353,0.49019607843137253,0.007047695501912001,0,1,0,0.5167559233315966,1.0
102,0.007047695501912001,0.016459093717538825,0.01898334700552643,0.6862745098039216,-0.008113622781642646,1,1,0,0.856870795563825,1.0
103,-0.008113622781642646,0.018032762199019402,0.02187828211355399,0.29411764705882354,-0.006641041971734259,0,0,0,0.9332269048987643,1.0
104,-0.006641041971734259,0.014633700146452537,0.016969203132039503,0.3333333333333333,0.014710421089843901,0,0,0,0.8509225170895242,1.0
105,0.014710421089843901,0.0210598793625675,0.02700685565148949,0.7254901960784313,0.0035036243885405737,1,1,0,0.9740960629788145,1.0
106,0.0035036243885405737,0.01525349833570896,0.021618795153998685,0.5490196078431373,0.004975667814807895,1,1,0,0.6766440580782612,1.0
107,0.004975667814807895,0.014176970435576863,0.017252983324437532,0.5882352941176471,-0.017582247942261497,1,1,0,0.8602933454939702,1.0
108,-0.017582247942261497,0.023620051459350765,0.021342120693038782,0.17647058823529413,-0.01896828565320642,0,0,0,0.9948881130139856,1.0
109,-0.01896828565320642,0.023820967212434496,0.025399533872140587,0.19607843137254902,-0.008989528883303342,0,0,0,0.9840175682626371,1.0
110,-0.008989528883303342,0.016587027009457182,0.01862166320822958,0.29411764705882354,0.00041079275041370144,0,0,0,0.9534722236311751,1.0
111,0.00041079275041370144,0.017059778790228176,0.021709233045738973,0.5098039215686274,0.004667181967437454,1,1,0,0.6347043602018367,1.0
112,0.004667181967437454,0.015607335647457234,0.020523713850234715,0.6078431372549019,0.022945392146950242,1,1,0,0.7881846523571946,1.0
113,0.022945392146950242,0.024121043256771026,0.023070262413200673,0.8823529411764706,0.02104493495641327,1,1,0,0.9879153507755294,1.0
114,0.02104493495641327,0.0240353702274909,0.019410981354059494,0.8431372549019608,0.0004932176701251188,1,1,0,0.9798597471379367,1.0
115,0.0004932176701251188,0.016142314127135217,0.02095261795284851,0.45098039215686275,-0.00432276991340063,1,1,0,0.6470877987040451,1.0
116,-0.00432276991340063,0.017281610467180155,0.02165099047654312,0.37254901960784315,0.007399198648102299,0,0,0,0.8798448987085061,1.0
117,0.007399198648102299,0.016949991697903722,0.019145404891027798,0.6862745098039216,0.0022296625822698754,1,1,0,0.7890035599341201,1.0
118,0.0022296625822698754,0.019462774781871906,0.026186585185646778,0.4117647058823529,-0.0023418472683073787,0,1,0,0.5535686065780333,1.0
119,-0.0023418472683073787,0.017815686465733414,0.0223852211087336,0.43137254901960786,-0.014939354477557086,0,1,0,0.5130771569362919,1.0
120,-0.014939354477557086,0.01732240290332265,0.016980018869894933,0.21568627450980393,-0.006510672800245475,0,0,0,0.9805628779421753,1.0
121,-0.006510672800245475,0.01816026756806832,0.0260630414846221,0.45098039215686275,-0.015684997276458296,0,0,0,0.7948854451254157,1.0
122,-0.015684997276458296,0.02039689001925175,0.02103225837670917,0.11764705882352941,-0.003536636446575203,0,0,0,0.9784596534301894,1.0
123,-0.003536636446575203,0.01687680831174355,0.0227253404699336,0.37254901960784315,0.013179168238166943,0,0,0,0.8414891649517917,1.0
124,0.013179168238166943,0.019556762571926414,0.02102312637416535,0.7450980392156863,0.005644636774923646,1,1,0,0.9588247603718397,1.0
125,0.005644636774923646,0.01514386174011116,0.019651303482656913,0.5686274509803921,0.011912050205206465,1,1,0,0.7085501817179198,1.0
126,0.011912050205206465,0.020136377230321342,0.02332469152788795,0.7058823529411765,0.005526248895568726,1,1,0,0.9754707521491914,1.0
127,0.005526248895568726,0.013742585100980653,0.016964539366620082,0.5882352941176471,-0.0027392671611517843,1,1,0,0.7602184653440772,1.0
128,-0.0027392671611517843,0.015710353813202235,0.019588443074649447,0.43137254901960786,0.004942276959369325,0,0,0,0.6750322414087876,1.0
129,0.004942276959369325,0.014268631083061593,0.018867940693021633,0.5490196078431373,-0.0058227717019781544,1,1,0,0.8344249662424356,1.0
130,-0.0058227717019781544,0.01739782585154048,0.020664814690971298,0.43137254901960786,0.007683213302608472,0,0,0,0.5366063950157376,1.0
131,0.007683213302608472,0.018291939759953166,0.021377259967232533,0.6078431372549019,0.01092128867055731,1,1,0,0.8744142716824004,1.0
132,0.01092128867055731,0.018079495648023608,0.022854469408421858,0.5882352941176471,0.006371210406917053,1,1,0,0.7808253002603295,1.0
133,0.006371210406917053,0.01518979673239423,0.01924621327874116,0.5686274509803921,0.0006036035057457334,1,1,0,0.8432374301941468,1.0
134,0.0006036035057457334,0.016546500342363307,0.02084664522015283,0.49019607843137253,-0.00107941788020767,0,0,0,0.5583454243478946,1.0
135,-0.00107941788020767,0.015238343376387617,0.020568813145454758,0.3333333333333333,0.022096515874170816,0,0,0,0.5907176141231986,1.0
136,0.022096515874170816,0.026229414993760854,0.022285032221051125,0.8235294117647058,0.002220429314874306,1,1,0,0.9935698707512067,1.0
137,0.002220429314874306,0.01390853516945416,0.018452648426798897,0.5294117647058824,0.010286430706350224,1,1,0,0.6367875806974697,1.0
138,0.010286430706350224,0.01737468357620133,0.019542811302570105,0.7058823529411765,-0.004050838591591216,1,1,0,0.9712758051968757,1.0
139,-0.004050838591591216,0.015413804947500546,0.020748257769452307,0.43137254901960786,-0.006840599563169472,0,0,0,0.5363567209066181,1.0
140,-0.006840599563169472,0.01700125529381125,0.02020252483228103,0.29411764705882354,-0.006803427099018033,0,0,0,0.8962617575116242,1.0
141,-0.006803427099018033,0.01758978956315676,0.021529287390732912,0.29411764705882354,0.007329262571739091,0,0,0,0.8839132623961631,1.0
142,0.007329262571739091,0.01762762385049029,0.023114298745015385,0.5490196078431373,0.00992005748757744,1,1,0,0.9025293223406211,1.0
143,0.00992005748757744,0.01579639285288803,0.017485509928420302,0.7254901960784313,-0.007910825368464562,1,1,0,0.935855647459671,1.0
144,-0.007910825368464562,0.019987730706879422,0.02703545847883334,0.43137254901960786,-0.013523911942731203,0,0,0,0.9228463718411619,1.0
145,-0.013523911942731203,0.021601205580371593,0.022346093132004974,0.2549019607843137,-0.015554165613576615,0,0,0,0.9393472398550077,1.0
146,-0.015554165613576615,0.020254195868592763,0.018535402666835,0.19607843137254902,-0.01632132561002765,0,0,0,0.9824749086731444,1.0
147,-0.01632132561002765,0.01948043528037646,0.019060254207075807,0.17647058823529413,0.003097928825403008,0,0,0,0.9664989038038436,1.0
148,0.003097928825403008,0.017147002432869977,0.020948209154260735,0.5490196078431373,0.003618528102253119,1,1,0,0.9371167882070669,1.0
149,0.003618528102253119,0.014464095336853805,0.018519730848269605,0.6274509803921569,-0.01732416732340434,1,1,0,0.614161266811381,1.0
150,-0.01732416732340434,0.021246124833986527,0.017905886181658986,0.13725490196078433,0.0002866407463820632,0,0,0,0.9936685815749272,1.0
151,0.0002866407463820632,0.014901786027246766,0.018869637684813183,0.47058823529411764,0.011817301818835708,0,0,0,0.6603279854579439,1.0
152,0.011817301818835708,0.019354941961428423,0.024180509313547028,0.6666666666666666,-0.005265293672347644,1,1,0,0.8943732169476999,1.0
153,-0.005265293672347644,0.015773067349162947,0.019207058595700387,0.3333333333333333,0.014906484858260542,0,0,0,0.8801598645654585,1.0
154,0.014906484858260542,0.018813862958283557,0.0183026796790345,0.7647058823529411,-0.022352281247003277,1,1,0,0.9543361382549033,1.0
155,-0.022352281247003277,0.024372664799423575,0.017012978403582485,0.0784313725490196,-0.001985359899911859,0,0,0,0.9968694153773608,1.0
156,-0.001985359899911859,0.01590105165699789,0.02105901862150933,0.47058823529411764,-0.005648814942167807,0,0,0,0.7009160458890171,1.0
157,-0.005648814942167807,0.013736656357225378,0.016152133489303878,0.27450980392156865,0.0032725750704972246,0,0,0,0.8764177705906181,1.0
158,0.0032725750704972246,0.01871997837219389,0.02294963925298391,0.5686274509803921,0.02369745099735918,1,1,0,0.8621124680009095,1.0
159,0.02369745099735918,0.025227696018412935,0.018863675172830427,0.9411764705882353,0.0016643277313720852,1,1,0,0.9938659468854012,1.0
160,0.0016643277313720852,0.015195349219777558,0.019545907175066976,0.49019607843137253,0.00017864700128960586,1,1,0,0.7140637097884479,1.0
161,0.00017864700128960586,0.017389603547725722,0.02358531945325527,0.4117647058823529,-0.015452423420553333,0,1,0,0.6700835068202956,1.0
162,-0.015452423420553333,0.022258426462675274,0.02387672562586119,0.23529411764705882,-0.002521879814711769,0,0,0,0.9265984969882539,1.0
163,-0.002521879814711769,0.016324044292778294,0.020843942147018926,0.37254901960784315,0.006658784539722142,0,0,0,0.6268311936534053,1.0
164,0.006658784539722142,0.01910309304316951,0.024875640353994862,0.7058823529411765,-0.0008038473706522912,1,1,0,0.9720436282767679,1.0
165,-0.0008038473706522912,0.017636160805879878,0.0230768904049383,0.45098039215686275,-0.014762021495844517,0,1,0,0.5468880591579258,1.0
166,-0.014762021495844517,0.021447256526418344,0.023102066553128006,0.23529411764705882,0.011268579899607452,0,0,0,0.8677669488656485,1.0
167,0.011268579899607452,0.018071109475436047,0.01944700439720199,0.6862745098039216,0.009464826096894738,1,1,0,0.9546236413386668,1.0
168,0.009464826096894738,0.020486678668108372,0.023706255626007488,0.7058823529411765,-0.00754767917502481,1,1,0,0.9640943413510477,1.0
169,-0.00754767917502481,0.016624445329499315,0.020606606485271545,0.35294117647058826,-0.00441732951727624,0,0,0,0.6600087511836391,1.0
170,-0.00441732951727624,0.012614062952911648,0.015227250821371973,0.35294117647058826,0.0043703404114677855,0,0,0,0.7471422519011198,1.0
171,0.0043703404114677855,0.016664147944968864,0.020883024064386448,0.5490196078431373,0.012332716560953156,1,1,0,0.7997795567030881,1.0
172,0.012332716560953156,0.019997976925920147,0.026069343227321583,0.7254901960784313,0.012395119315786397,1,1,0,0.953353507258888,1.0
173,0.012395119315786397,0.019197078967600506,0.022572379702322825,0.7058823529411765,0.006891944401423066,1,1,0,0.917368506920916,1.0
174,0.006891944401423066,0.014609839726754927,0.017049443210458717,0.5882352941176471,-0.001138162784190594,1,1,0,0.7004008671170577,1.0
175,-0.001138162784190594,0.015159575355027452,0.019174878974386547,0.45098039215686275,0.015170697573553743,0,0,0,0.6852205510387335,1.0
176,0.015170697573553743,0.018437789609484476,0.016360413223710287,0.7843137254901961,-0.010691052990676986,1,1,0,0.9849696358985077,1.0
177,-0.010691052990676986,0.01792411387475342,0.0200073559159703,0.2549019607843137,-0.011058041166407663,0,0,0,0.8935087659259916,1.0
178,-0.011058041166407663,0.019317845030908592,0.020248215216144488,0.27450980392156865,-0.00029925237394345065,0,0,0,0.9279159807899898,1.0
179,-0.00029925237394345065,0.013436315907448555,0.01775403273549557,0.45098039215686275,0.017066681018640898,0,1,0,0.6000257014908416,1.0
180,0.017066681018640898,0.022105240245786365,0.022397180836387802,0.7647058823529411,-0.0030100711764813326,1,1,0,0.9777342520302065,1.0
181,-0.0030100711764813326,0.016989361944781782,0.02098108993099954,0.37254901960784315,0.009005859752989382,0,0,0,0.8615454859778174,1.0
182,0.009005859752989382,0.015030350366636275,0.018442991965623927,0.7058823529411765,0.005198260895262077,1,1,0,0.9141667489395269,1.0
183,0.005198260895262077,0.018145215456173605,0.023637849207106244,0.6470588235294118,-0.0036402490096245936,1,1,0,0.9284894885457831,1.0
184,-0.0036402490096245936,0.014587247846504475,0.018436447567753075,0.4117647058823529,-0.0006749552125861882,0,1,0,0.6360313599945968,1.0
185,-0.0006749552125861882,0.016479154134656022,0.02023690428710209,0.43137254901960786,0.0077212197774340725,0,0,0,0.6103267750651703,1.0
186,0.0077212197774340725,0.015205007392776677,0.020698876494019025,0.6274509803921569,0.009690516106167574,1,1,0,0.9111481779233653,1.0
187,0.009690516106167574,0.015397781231984759,0.018049293532366555,0.6666666666666666,0.006132207150037653,1,1,0,0.8856411809417453,1.0
188,0.006132207150037653,0.020488120121795465,0.025107368685954336,0.5686274509803921,0.014292023130890294,1,1,0,0.9108695663819237,1.0
189,0.014292023130890294,0.021496296621350136,0.022110521825495406,0.7254901960784313,-0.0033922522927891793,1,1,0,0.9959227734045953,1.0
190,-0.0033922522927891793,0.014124743507741944,0.01721992782050035,0.47058823529411764,-0.008933606860500114,0,0,0,0.6430432658045344,1.0
191,-0.008933606860500114,0.015396153788260758,0.016532791379654924,0.35294117647058826,0.009636977979505398,0,0,0,0.9493061213554748,1.0
192,0.009636977979505398,0.020658897888693524,0.024508308680523904,0.6470588235294118,0.014012673417783126,1,1,0,0.9604678900594753,1.0
193,0.014012673417783126,0.021025275464863644,0.02255663744031918,0.7254901960784313,-0.00745825816086083,1,1,0,0.968637362913947,1.0
194,-0.00745825816086083,0.015345368315598962,0.020581250957700775,0.3333333333333333,0.01657584450487346,0,0,0,0.7691889858703104,1.0
195,0.01657584450487346,0.023882568869250474,0.024375028775682227,0.803921568627451,0.01466039130595058,1,1,0,0.993161472983617,1.0
196,0.01466039130595058,0.019214067596502273,0.021956637845580135,0.7647058823529411,0.008967249171160119,1,1,0,0.9686182990613409,1.0
197,0.008967249171160119,0.01933693404377163,0.024269010857641774,0.7058823529411765,0.007411648317818798,1,1,0,0.9534849341372407,1.0
198,0.007411648317818798,0.016803463822984806,0.02257787118528482,0.6078431372549019,0.00027805097297687036,1,1,0,0.9086518990558653,1.0
199,0.00027805097297687036,0.013863548434279198,0.01838460507470286,0.5098039215686274,0.005540229556077226,1,1,0,0.5649411295012806,1.0
200,0.005540229556077226,0.01655241613535203,0.019424987404599543,0.6274509803921569,0.0075967653829946075,1,1,0,0.8533591309449925,1.0
201,0.0075967653829946075,0.01732171759649031,0.021682392919152107,0.5882352941176471,-0.001255325989961395,1,1,0,0.8694248557041775,1.0
202,-0.001255325989961395,0.016762317725297488,0.02064364860138838,0.43137254901960786,-0.00990876663260938,0,0,0,0.7187881266790589,1.0
203,-0.00990876663260938,0.016506387340306745,0.020255423697859463,0.2549019607843137,0.01822941557158413,0,0,0,0.881808463553673,1.0
204,0.01822941557158413,0.021556224808003364,0.019487324563460796,0.8823529411764706,0.00127077370428245,1,1,0,0.9841445954792598,1.0
205,0.00127077370428245,0.015366377205394471,0.019208695773199443,0.5490196078431373,-0.003834432020100948,1,0,0,0.5642165315352593,1.0
206,-0.003834432020100948,0.01592750668836514,0.020319959756857506,0.43137254901960786,-0.016128728952587507,0,0,0,0.5191911351679253,1.0
207,-0.016128728952587507,0.022015379736749975,0.02318070220545859,0.21568627450980393,-0.01416236090556212,0,0,0,0.9484035759434923,1.0
208,-0.01416236090556212,0.0209418420371177,0.021990688638595827,0.21568627450980393,-0.00800383258150544,0,0,0,0.875259987778675,1.0
209,-0.00800383258150544,0.01766513238499226,0.022276097503719252,0.4117647058823529,-0.006471127158515719,0,0,0,0.6136212951867891,1.0
210,-0.006471127158515719,0.017350965591026262,0.02180480765179321,0.27450980392156865,0.010858586801626208,0,0,0,0.8584405722724912,1.0
211,0.010858586801626208,0.019542789294022426,0.023415131612533856,0.7254901960784313,-0.005889036335076499,1,1,0,0.9423721209101358,1.0
212,-0.005889036335076499,0.016127831554641023,0.019894346066220096,0.29411764705882354,0.010829591058643675,0,0,0,0.9002185458392314,1.0
213,0.010829591058643675,0.01794761216826257,0.01888921987553402,0.7254901960784313,-0.011072402995375614,1,1,0,0.9216232141254171,1.0
214,-0.011072402995375614,0.018535313291976975,0.020167690203282213,0.27450980392156865,-0.010308660801695088,0,0,0,0.8341317086632469,1.0
215,-0.010308660801695088,0.016233629536024904,0.01814778625673868,0.29411764705882354,0.00261148775273847,0,0,0,0.9590518283594888,1.0
216,0.00261148775273847,0.014572746937902505,0.01889054581825819,0.5882352941176471,-0.014198002036213584,1,1,0,0.7093263745988498,1.0
217,-0.014198002036213584,0.022364346507426473,0.026128126835447397,0.27450980392156865,-0.005862901736455197,0,1,0,0.5274644911269988,1.0
218,-0.005862901736455197,0.014576858949909711,0.017543904182527995,0.45098039215686275,-0.0007045012595862773,0,0,0,0.8674807025175602,1.0
219,-0.0007045012595862773,0.01684843955152159,0.02187405924437537,0.47058823529411764,0.0068628656721651145,1,1,0,0.910557659836278,1.0
220,0.0068628656721651145,0.018223011740028515,0.020295380860241876,0.6862745098039216,-0.004015431131279878,1,1,0,0.6649657798700104,1.0
221,-0.004015431131279878,0.014976121491002477,0.020123023826281294,0.39215686274509803,0.026124587120766336,0,0,0,0.6425762923905537,1.0
222,0.026124587120766336,0.02891386777541243,0.025641106842307335,0.9215686274509803,0.010544912332749113,1,1,0,0.9906082037057067,1.0
223,0.010544912332749113,0.01763286447839402,0.024025950322760375,0.6470588235294118,-0.0008974316915750987,1,1,0,0.942533005694851,1.0
224,-0.0008974316915750987,0.016883302694752775,0.021075705360337437,0.45098039215686275,0.009861772996976324,1,1,0,0.6215764337178074,1.0
225,0.009861772996976324,0.01704015597806073,0.020847712625247383,0.7254901960784313,0.004528632148814528,1,1,0,0.7020169540767938,1.0
226,0.004528632148814528,0.012760573754491591,0.016656508029619318,0.6078431372549019,-0.016276947489926846,1,1,0,0.6807318565662993,1.0
227,-0.016276947489926846,0.01904388780606373,0.01653923118457151,0.23529411764705882,0.012591116364206137,0,0,0,0.9882293693851841,1.0
228,0.012591116364206137,0.019751139709330574,0.0205763056161366,0.7450980392156863,0.011351386164983544,1,1,0,0.9039001913299372,1.0
229,0.011351386164983544,0.022060842173957092,0.02764288055508558,0.6274509803921569,-0.010248599785625279,1,1,0,0.9607893815582653,1.0
230,-0.010248599785625279,0.016920117708210666,0.019803839655418293,0.29411764705882354,-0.0062635334958359495,0,0,0,0.85665868553398,1.0
231,-0.0062635334958359495,0.015072138220952085,0.01760199729226594,0.37254901960784315,-0.01440450200343431,0,0,0,0.6473399164859943,1.0
232,-0.01440450200343431,0.019601162762798042,0.018235307399266702,0.13725490196078433,-0.0013471373417623922,0,0,0,0.9916348688218316,1.0
233,-0.0013471373417623922,0.015951607838008072,0.021853255863406768,0.39215686274509803,0.003450549535370064,0,1,0,0.5794270027570435,1.0
234,0.003450549535370064,0.019164028653937095,0.024985747582963114,0.5490196078431373,0.010410815795186988,1,1,0,0.9506375678831808,1.0
235,0.010410815795186988,0.0185016074702306,0.021376318222084356,0.7450980392156863,-0.006404435576194211,1,1,0,0.9332575075583348,1.0
236,-0.006404435576194211,0.015319682693424453,0.01984671282900837,0.39215686274509803,0.004324297425293044,0,0,0,0.728626235057483,1.0
237,0.004324297425293044,0.014090324352492136,0.01897276825581214,0.6274509803921569,0.0033294080706108165,1,1,0,0.8322257890680701,1.0
238,0.0033294080706108165,0.01589264224736057,0.022755100745920007,0.6078431372549019,-0.019717495483980923,1,1,0,0.6614930256836661,1.0
239,-0.019717495483980923,0.022143728454604144,0.017817094594570163,0.0784313725490196,-0.017948042658890957,0,0,0,0.9903094560554407,1.0
240,-0.017948042658890957,0.0249274838313798,0.02569369623613707,0.1568627450980392,0.013004569521776074,0,0,0,0.9847850400197481,1.0
241,0.013004569521776074,0.017531380395194147,0.020328826888297003,0.7058823529411765,-0.014997480380134393,1,1,0,0.9387295493462064,1.0
242,-0.014997480380134393,0.02201417979176157,0.022099935264492776,0.1568627450980392,-0.0053802993984265225,0,0,0,0.9706616312074663,1.0
243,-0.0053802993984265225,0.016816385509591098,0.022467254795841708,0.27450980392156865,0.0013180615378151855,0,0,0,0.8519143983525855,1.0
244,0.0013180615378151855,0.017352950334314582,0.021876271790923527,0.5098039215686274,0.0071017064429461495,0,1,0,0.798725565111056,1.0
245,0.0071017064429461495,0.015506733552769839,0.018563947776009015,0.7058823529411765,-0.0069250126809119504,1,1,0,0.9305105147420142,1.0
246,-0.0069250126809119504,0.014035035867547884,0.018204227910639918,0.29411764705882354,-0.015313673102991119,0,0,0,0.7886575315036065,1.0
247,-0.015313673102991119,0.020589397529411507,0.021116002639629594,0.17647058823529413,-0.007362827968651764,0,0,0,0.9617480264659816,1.0
248,-0.007362827968651764,0.017522456389339067,0.021030058142841115,0.35294117647058826,0.007608185163491189,0,0,0,0.9008552415865393,1.0
249,0.007608185163491189,0.015977405738096348,0.01939115961445753,0.6862745098039216,-0.00512282662864648,1,1,0,0.8123149134487173,1.0
250,-0.00512282662864648,0.017409915375663512,0.022517583897717335,0.37254901960784315,-0.010964135854584453,0,0,0,0.72819172189098,1.0
251,-0.010964135854584453,0.01601424390408056,0.016845789900603945,0.19607843137254902,0.025147703185446006,0,0,0,0.9534390468370084,1.0
252,0.025147703185446006,0.027318803043112436,0.019880721064093502,0.9215686274509803,-0.012246451581925038,1,1,0,0.9906850524437953,1.0
253,-0.012246451581925038,0.02043255213405306,0.02060946378632323,0.21568627450980393,-0.009944151691334663,0,0,0,0.9439347961715154,1.0
254,-0.009944151691334663,0.017823664404687443,0.02122350454159671,0.3137254901960784,-0.00023064302534190384,0,0,0,0.9444682626124782,1.0
255,-0.00023064302534190384,0.015058527299420059,0.019109873450683965,0.45098039215686275,0.004630215910578086,0,0,0,0.519552282518834,1.0
256,0.004630215910578086,0.013583217624306842,0.016685907320305084,0.6274509803921569,0.006612134423482468,1,0,0,0.5176640708211252,1.0
257,0.006612134423482468,0.015999746787655096,0.019386465479853517,0.6666666666666666,0.0004495332245160885,1,1,0,0.9525253016266335,1.0
258,0.0004495332245160885,0.01578972296364698,0.020783097997969638,0.49019607843137253,-0.002715809682382632,0,1,0,0.7318159399376567,1.0
259,-0.002715809682382632,0.012601353580325774,0.016597467487357256,0.43137254901960786,-0.0007719711627418558,0,0,0,0.5480506928066216,1.0
260,-0.0007719711627418558,0.014817670690784086,0.020615539462864527,0.49019607843137253,0.006761977276031378,1,1,0,0.728088081878326,1.0
261,0.006761977276031378,0.01413127066604046,0.017304780048423354,0.6470588235294118,-0.010320453493583065,1,1,0,0.6271283780419526,1.0
262,-0.010320453493583065,0.014940572616219247,0.014509886337049529,0.21568627450980393,0.01358990245460696,0,0,0,0.9469360487935886,1.0
263,0.01358990245460696,0.021235977079174777,0.021905831861225786,0.7058823529411765,0.0030689736519090983,1,1,0,0.9750619160384641,1.0
264,0.0030689736519090983,0.01771060952293152,0.022836726056160682,0.5294117647058824,-0.013291134871635297,1,1,0,0.6860929616558699,1.0
265,-0.013291134871635297,0.018718026322810118,0.018668667064208888,0.27450980392156865,0.009934614658646491,0,0,0,0.946783538064038,1.0
266,0.009934614658646491,0.01885172216275298,0.022520733112040756,0.6666666666666666,0.015552509380218776,1,1,0,0.9324954273930202,1.0
267,0.015552509380218776,0.02095936164117813,0.0220637691885848,0.803921568627451,0.01459861588783767,1,1,0,0.9747929716465675,1.0
268,0.01459861588783767,0.019056417809583538,0.019391076772725106,0.7647058823529411,0.007056370730262405,1,1,0,0.9683970053663498,1.0
269,0.007056370730262405,0.018673066815233116,0.022537500200465625,0.7450980392156863,-0.008140927349533858,1,1,0,0.9728610160888116,1.0
270,-0.008140927349533858,0.01568055824263337,0.019097946434180803,0.23529411764705882,-0.003296154903969299,0,0,0,0.9317708525814641,1.0
271,-0.003296154903969299,0.01711906277702594,0.022334037993714365,0.5098039215686274,0.006376393640072765,1,1,0,0.7038981164225627,1.0
272,0.006376393640072765,0.021247405954973857,0.028138985863142587,0.6274509803921569,0.002033984473435286,1,1,0,0.8890035078395662,1.0
273,0.002033984473435286,0.01450303836414412,0.0198441449585381,0.5490196078431373,-0.012566274947009407,1,1,0,0.682639004417097,1.0
274,-0.012566274947009407,0.016314886567468056,0.01833468637745184,0.19607843137254902,-0.004992404881975013,0,0,0,0.9290996505737105,1.0
275,-0.004992404881975013,0.015399371362847573,0.01889820820874242,0.39215686274509803,0.000417703197162352,0,0,0,0.6762296245411655,1.0
276,0.000417703197162352,0.014839044308719143,0.021547631606331646,0.6274509803921569,-0.0052588779262624265,1,1,0,0.6053386763543239,1.0
277,-0.0052588779262624265,0.01765837537454415,0.021788580712494742,0.3333333333333333,-0.0020190703410479295,0,0,0,0.9227937309617836,1.0
278,-0.0020190703410479295,0.017252756151091495,0.023362661485957177,0.4117647058823529,0.012910996965131849,0,1,0,0.5373946617118007,1.0
279,0.012910996965131849,0.016429287461230832,0.01759967672488102,0.7450980392156863,-0.017841186101203457,1,1,0,0.9335757811267276,1.0
280,-0.017841186101203457,0.023549160374818166,0.020839990138487103,0.11764705882352941,-0.0030647693492795855,0,0,0,0.9968764814787338,1.0
281,-0.0030647693492795855,0.014015598056626612,0.016093298337761637,0.39215686274509803,-0.005851381728845186,0,0,0,0.8693137949638988,1.0
282,-0.005851381728845186,0.01749527237602099,0.022149686815671542,0.4117647058823529,-0.001072582247526882,0,0,0,0.5942704291765817,1.0
283,-0.001072582247526882,0.015458725532118786,0.020189135490752356,0.35294117647058826,-0.01961943792146595,0,0,0,0.6675586959140054,1.0
284,-0.01961943792146595,0.02285227697508103,0.0236631617623374,0.21568627450980393,0.008377343304962004,0,0,0,0.99269855728799,1.0
285,0.008377343304962004,0.014272927847042286,0.01565797416732916,0.6862745098039216,0.0010940677939733677,1,1,0,0.8486866153439744,1.0
286,0.0010940677939733677,0.014544783072993422,0.019097825770857252,0.5882352941176471,0.00014092407965401302,1,1,0,0.5961597029413748,1.0
287,0.00014092407965401302,0.018225399369658658,0.027180760624877794,0.49019607843137253,0.022960816456187753,0,1,0,0.5974309120598873,1.0
288,0.022960816456187753,0.024936226995240608,0.023138721649433494,0.8823529411764706,-0.013116248048435745,1,1,0,0.9961572892067124,1.0
289,-0.013116248048435745,0.02086448392564556,0.022574492705251595,0.3137254901960784,-0.01040572219171563,0,0,0,0.970424364690967,1.0
290,-0.01040572219171563,0.018186604379460684,0.02042339342604891,0.27450980392156865,-0.01006912212438551,0,0,0,0.9569384884010825,1.0
291,-0.01006912212438551,0.016762493529884452,0.01765886158244147,0.3137254901960784,0.008038987602431356,0,0,0,0.9444574425492575,1.0
292,0.008038987602431356,0.013886302746674455,0.017091528644582018,0.7058823529411765,0.01080611910390408,1,1,0,0.7927211016289956,1.0
293,0.01080611910390408,0.018739608361264704,0.02227652728353384,0.7647058823529411,-0.008469546003816268,1,1,0,0.9345915545794627,1.0
294,-0.008469546003816268,0.018279530286284533,0.021915026619998494,0.35294117647058826,0.0012887964572218535,0,0,0,0.9005941556767205,1.0
295,0.0012887964572218535,0.016124575794769013,0.021445357795745888,0.5098039215686274,0.016300858736533568,0,0,0,0.5317458411055811,1.0
296,0.016300858736533568,0.018898590845542407,0.016719461225660856,0.803921568627451,0.0019503219772820156,1,1,0,0.9659734085656274,1.0
297,0.0019503219772820156,0.017366989368552372,0.02138856981570362,0.6078431372549019,0.009591421941215391,1,1,0,0.6481920214658599,1.0
298,0.009591421941215391,0.01907359861116505,0.02449839225832855,0.6666666666666666,-0.004417206811374033,1,1,0,0.9895208604649183,1.0
299,-0.004417206811374033,0.02119720192160143,0.026634919612818324,0.27450980392156865,0.0011934628204419966,0,0,0,0.8786932648188659,1.0
300,0.0011934628204419966,0.01485270227245954,0.019616288851775725,0.5294117647058824,-0.007495277892677759,1,1,0,0.8752726394722874,1.0
301,-0.007495277892677759,0.020152366085703557,0.024990277855547395,0.3137254901960784,-0.0004738502215111363,0,0,0,0.9684801123404537,1.0
302,-0.0004738502215111363,0.017199791305727023,0.023012928079984427,0.47058823529411764,0.010247538923124756,0,1,0,0.6424670991919085,1.0
303,0.010247538923124756,0.019595032292332535,0.024993026273271574,0.7254901960784313,-0.014687570186599547,1,1,0,0.9589311948730156,1.0
304,-0.014687570186599547,0.01957174811957141,0.0189727994871603,0.19607843137254902,-0.002226100822767438,0,0,0,0.9834893094887579,1.0
305,-0.002226100822767438,0.01531217213548884,0.020116051646157623,0.3137254901960784,0.003372534429559537,0,1,0,0.5972198968205341,1.0
306,0.003372534429559537,0.01325030669298873,0.016068656887224184,0.5686274509803921,-0.005952307562380652,1,0,0,0.50403157184424,1.0
307,-0.005952307562380652,0.014921903561240568,0.019067277876806017,0.37254901960784315,-0.0047250213743227154,0,0,0,0.7942257648112702,1.0
308,-0.0047250213743227154,0.015454717099533383,0.017867515919249014,0.35294117647058826,0.01346697321439347,0,0,0,0.9138283931899668,1.0
309,0.01346697321439347,0.020376690650333422,0.023382157846996744,0.7843137254901961,-0.011208098262073357,1,1,0,0.9516320144756455,1.0
310,-0.011208098262073357,0.015289783044517481,0.015690014396081843,0.21568627450980393,0.0011565338572622035,0,0,0,0.97245439271456,1.0
311,0.0011565338572622035,0.012253106926616417,0.01619443432029253,0.5882352941176471,0.01482800564469128,1,1,0,0.591825772738655,1.0
312,0.01482800564469128,0.020621327027251498,0.019325601131842087,0.7647058823529411,0.012438382005107527,1,1,0,0.9666909543375299,1.0
313,0.012438382005107527,0.01958214222414032,0.025846409804207097,0.7058823529411765,-0.018563263308277584,1,1,0,0.846744608145291,1.0
314,-0.018563263308277584,0.021629079902598228,0.0188184181939306,0.13725490196078433,-0.00039855748088086,0,0,0,0.9874241520989143,1.0
315,-0.00039855748088086,0.014595639449698905,0.020439889093015754,0.5294117647058824,-0.005227453472923919,0,1,0,0.5534652339909929,1.0
316,-0.005227453472923919,0.015440393474743679,0.018212757152566855,0.37254901960784315,-0.012135728921845517,0,0,0,0.8558151499240156,1.0
317,-0.012135728921845517,0.016908403109068812,0.019013012242214033,0.27450980392156865,-0.007640297806807016,0,0,0,0.9586132991572105,1.0
318,-0.007640297806807016,0.017584870086108623,0.021595294422612855,0.27450980392156865,-0.0013426137941298993,0,0,0,0.7018628294187573,1.0
319,-0.0013426137941298993,0.018639519471158134,0.02517275479781584,0.43137254901960786,0.018075415206412433,0,0,0,0.7895221886247645,1.0
320,0.018075415206412433,0.01991873591905821,0.018856008777048183,0.9019607843137255,0.012720347357542778,1,1,0,0.9717096360047862,1.0
321,0.012720347357542778,0.019397878469547204,0.023256224194783962,0.6666666666666666,-0.011234380948190688,1,1,0,0.9820828882041948,1.0
322,-0.011234380948190688,0.02308315652022732,0.026466809050232794,0.27450980392156865,0.014523063008744933,0,0,0,0.9690022894628436,1.0
323,0.014523063008744933,0.019173389770316657,0.021081763960119192,0.7843137254901961,-0.010393804952567457,1,1,0,0.9838036590093067,1.0
324,-0.010393804952567457,0.018233475940627884,0.021879521721436025,0.37254901960784315,-0.0013363607865302933,0,0,0,0.8888700156389366,1.0
325,-0.0013363607865302933,0.01345847056967998,0.017114593975773872,0.5098039215686274,-0.0038557912910456033,0,0,0,0.6922630788551668,1.0
326,-0.0038557912910456033,0.01613189514074319,0.021696150115571314,0.4117647058823529,-0.009928705364694795,0,0,0,0.7522589979725799,1.0
327,-0.009928705364694795,0.019390536219860373,0.021944567135008856,0.27450980392156865,-0.003771123493529946,0,0,0,0.9488383811276085,1.0
328,-0.003771123493529946,0.020150958948115298,0.026230714932451292,0.39215686274509803,-0.0004082930573637866,0,1,0,0.6549445229588763,1.0
329,-0.0004082930573637866,0.015840094235848753,0.020807067112223118,0.45098039215686275,0.021017357869443885,1,1,0,0.5701473692294765,1.0
330,0.021017357869443885,0.023877499247695978,0.01962077103168406,0.9019607843137255,-0.011817922100240174,1,1,0,0.9944896339625614,1.0
331,-0.011817922100240174,0.01774140854718271,0.022147032399330496,0.29411764705882354,0.004953785172079143,0,0,0,0.9426944685057751,1.0
332,0.004953785172079143,0.016826519663253,0.020435733853994886,0.5294117647058824,0.008538566116706971,1,1,0,0.8974014826388295,1.0
333,0.008538566116706971,0.015006742932479928,0.018912638626748305,0.6862745098039216,0.0037194057849183767,1,1,0,0.8390117923392388,1.0
334,0.0037194057849183767,0.017805605395023624,0.02468165275165184,0.6862745098039216,-0.0021204004026939027,1,1,0,0.9277844389899568,1.0
335,-0.0021204004026939027,0.014282319107971156,0.0190834760866915,0.39215686274509803,-0.0023835164302014765,0,0,0,0.7003946993474444,1.0
336,-0.0023835164302014765,0.013359833529797362,0.016850222633223107,0.43137254901960786,-0.0025552197754979944,0,0,0,0.7864057019540116,1.0
337,-0.0025552197754979944,0.013916950894201096,0.017760174098951906,0.37254901960784315,-0.0008086320655819808,0,0,0,0.724509477945532,1.0
338,-0.0008086320655819808,0.01623416891780746,0.021361378097894325,0.43137254901960786,0.017652155815839312,1,1,0,0.7117850424709402,1.0
339,0.017652155815839312,0.022479543822645498,0.023866836242858375,0.7647058823529411,-0.012543513636687351,1,1,0,0.9929274336999218,1.0
340,-0.012543513636687351,0.0197229102632702,0.021949771950642634,0.23529411764705882,-0.030929473053156478,0,0,0,0.9149807919832665,1.0
341,-0.030929473053156478,0.030983322261909668,0.019600670880820528,0.0196078431372549,-0.015048726524716793,0,0,0,0.9990841359963821,1.0
342,-0.015048726524716793,0.020334119405919313,0.01914962546997219,0.27450980392156865,0.016134396746386566,0,0,0,0.9833823767120683,1.0
343,0.016134396746386566,0.021144890146277667,0.022627962942232606,0.8235294117647058,0.0033342322657219587,1,1,0,0.9615569309820716,1.0
344,0.0033342322657219587,0.017820562813972346,0.02325429632950468,0.6274509803921569,0.00138046157659062,1,1,0,0.9462885823218279,1.0
345,0.00138046157659062,0.014573746634385834,0.018829909391897222,0.5882352941176471,0.004461225757775916,1,1,0,0.7293685017301579,1.0
346,0.004461225757775916,0.014050299997068512,0.018130301892364916,0.5490196078431373,-0.0022471821471538424,1,1,0,0.6437821770802175,1.0
347,-0.0022471821471538424,0.01574320572510232,0.019588166051426128,0.43137254901960786,-0.00971997456542323,0,0,0,0.529395788597198,1.0
348,-0.00971997456542323,0.01641052573826597,0.017823902874333813,0.17647058823529413,0.005943097840429326,0,0,0,0.9081131710145216,1.0
349,0.005943097840429326,0.017386627156933267,0.022712614957547946,0.6078431372549019,-0.016816776669056323,1,1,0,0.7949657442811728,1.0
350,-0.016816776669056323,0.018971013391256158,0.01459269376739078,0.09803921568627451,-0.008970359378098588,0,0,0,0.9806139918229441,1.0
351,-0.008970359378098588,0.016904904881161444,0.02072178330288904,0.2549019607843137,0.01893005954167613,0,0,0,0.8969984253648262,1.0
352,0.01893005954167613,0.023920209666672427,0.02163349501313794,0.8431372549019608,-0.008975271876370459,1,1,0,0.9938150131076833,1.0
353,-0.008975271876370459,0.017821457797539717,0.02058174038817848,0.37254901960784315,0.015060996258274948,0,0,0,0.7921232234939142,1.0
354,0.015060996258274948,0.018541157845200038,0.02151991075132724,0.7843137254901961,0.005084130413618416,1,1,0,0.9458104746758292,1.0
355,0.005084130413618416,0.015390263055315663,0.020763678863896146,0.6078431372549019,0.01327156546237774,1,1,0,0.829421820735269,1.0
356,0.01327156546237774,0.01907086525782769,0.020301914603984103,0.7647058823529411,0.02063230782714914,1,1,0,0.9608561461987818,1.0
357,0.02063230782714914,0.024737902778220706,0.023404000922153483,0.8431372549019608,0.005637220918531911,1,1,0,0.9971755259999351,1.0
358,0.005637220918531911,0.018192786284427727,0.023353874752925188,0.6470588235294118,0.013418002896046494,1,1,0,0.9011135363800945,1.0
359,0.013418002896046494,0.02140014993916025,0.02122060215033646,0.7450980392156863,0.0016462080106923955,1,1,0,0.9784012891332707,1.0
360,0.0016462080106923955,0.01476057472666877,0.01989996683123511,0.5098039215686274,-0.01062510381052276,0,0,0,0.5415429129134331,1.0
361,-0.01062510381052276,0.017674900503790492,0.0217429553286635,0.3333333333333333,0.013536541403441677,0,0,0,0.8020538825019393,1.0
362,0.013536541403441677,0.022428088962225225,0.024353203170289363,0.7450980392156863,-0.010076642801418983,1,1,0,0.9858359044100251,1.0
363,-0.010076642801418983,0.017107375631379665,0.019455601505034652,0.29411764705882354,-0.012558473207903842,0,0,0,0.9246840720935502,1.0
364,-0.012558473207903842,0.020330533497362777,0.02465275088442741,0.3137254901960784,-0.005520322214554809,0,0,0,0.8876624861399961,1.0
365,-0.005520322214554809,0.013901263448580758,0.016987009726575665,0.4117647058823529,-0.0022358823145172953,0,0,0,0.805742388729948,1.0
366,-0.0022358823145172953,0.014611580018794906,0.019028012448451103,0.43137254901960786,-0.006080695427054792,0,0,0,0.741668141219076,1.0
367,-0.006080695427054792,0.013943138919834092,0.01722707143031816,0.3333333333333333,0.007999396438132729,0,0,0,0.8387758664866168,1.0
368,0.007999396438132729,0.016980969775687634,0.021040277233033925,0.6274509803921569,-0.004954945699930295,1,1,0,0.924419490152861,1.0
369,-0.004954945699930295,0.01580855617406556,0.019441116981881768,0.43137254901960786,-0.003921846510276131,0,0,0,0.8251429385863734,1.0
370,-0.003921846510276131,0.01622109795993434,0.018971999380667515,0.39215686274509803,-0.009354235203925029,0,0,0,0.9177570133914518,1.0
371,-0.009354235203925029,0.016409859099317026,0.01806543023460362,0.23529411764705882,0.0008411370709372697,0,0,0,0.9284770982071969,1.0
372,0.0008411370709372697,0.019165784125443106,0.024225710685389444,0.4117647058823529,0.009404959775306542,0,1,0,0.7470758541119338,1.0
373,0.009404959775306542,0.0165954650266475,0.01893873835804571,0.6862745098039216,0.005547081975010613,1,1,0,0.7852533579474746,1.0
374,0.005547081975010613,0.01688787025948887,0.021880184541745434,0.6666666666666666,-0.0036343492969074503,1,1,0,0.7218116237249029,1.0
375,-0.0036343492969074503,0.016726571083802003,0.020183567399787238,0.45098039215686275,-0.011714217056645056,0,0,0,0.6939117059856486,1.0
376,-0.011714217056645056,0.01824135069381725,0.021615105259790816,0.29411764705882354,-0.00460200342997135,0,0,0,0.9672025920113306,1.0
377,-0.00460200342997135,0.016866774051795944,0.022180085551673064,0.37254901960784315,0.004073226650409203,0,0,0,0.7674493246325313,1.0
378,0.004073226650409203,0.01975884512720653,0.02537581743064208,0.6470588235294118,0.006388321472754455,1,1,0,0.9781197348605678,1.0
379,0.006388321472754455,0.013347934652085027,0.016507109842625087,0.6274509803921569,0.0007979646048967575,1,1,0,0.8132991319996903,1.0
380,0.0007979646048967575,0.015189611411552612,0.019704896709624078,0.5294117647058824,-0.001843094539998407,1,0,0,0.5283081571678282,1.0
381,-0.001843094539998407,0.019370796934727614,0.024725418210312367,0.5098039215686274,-0.01663046157586531,0,1,0,0.6369159208455862,1.0
382,-0.01663046157586531,0.020505557972233333,0.022557514348014732,0.21568627450980393,-0.013555594097162732,0,0,0,0.9840951620476084,1.0
383,-0.013555594097162732,0.01790648666155782,0.016895431588430473,0.17647058823529413,0.0015486295289889927,0,0,0,0.9651093118889457,1.0
384,0.0015486295289889927,0.013059701658198596,0.019234542577577694,0.45098039215686275,-0.006264362620091652,1,1,0,0.5353512759209843,1.0
385,-0.006264362620091652,0.016128050822392527,0.02044067800011497,0.37254901960784315,0.0035578833119799366,0,0,0,0.78616853515879,1.0
386,0.0035578833119799366,0.019822044953732344,0.025863248360614863,0.6078431372549019,0.004828005548767334,1,1,0,0.9460993934239942,1.0
387,0.004828005548767334,0.014020939219209726,0.01786013720028841,0.5882352941176471,-0.004155659491954463,1,1,0,0.6671663872338063,1.0
388,-0.004155659491954463,0.01804592245059028,0.02490498764963226,0.37254901960784315,-0.012213161778150001,0,0,0,0.5142886386767613,1.0
389,-0.012213161778150001,0.019259980666087383,0.023556172761384966,0.29411764705882354,0.011053830514761701,0,0,0,0.8798620453097599,1.0
390,0.011053830514761701,0.01713230792993127,0.01779951946383059,0.6470588235294118,-0.009834604296335078,1,1,0,0.9242617748052122,1.0
391,-0.009834604296335078,0.016109642174048554,0.01835580026962244,0.3333333333333333,0.004632324124310258,0,0,0,0.97028664099691,1.0
392,0.004632324124310258,0.0175899925894109,0.023526731705726462,0.5490196078431373,-0.02193032440626346,1,1,0,0.8582964252129404,1.0
393,-0.02193032440626346,0.023345689360169085,0.01839520226899984,0.09803921568627451,-0.0057527713926107385,0,0,0,0.994671902867729,1.0
394,-0.0057527713926107385,0.014890677742383718,0.017766045252754496,0.4117647058823529,-0.001879280238826825,0,0,0,0.9373050607877635,1.0
395,-0.001879280238826825,0.014965622462128889,0.01863837706067214,0.45098039215686275,-0.02340104916968315,0,0,0,0.5897930594043331,1.0
396,-0.02340104916968315,0.025336449512900587,0.017133339985471858,0.11764705882352941,0.0062007432617020505,0,0,0,0.9990487543582612,1.0
397,0.0062007432617020505,0.014764227547334582,0.01904555778278907,0.6274509803921569,-0.002154940951987447,1,1,0,0.853888413762649,1.0
398,-0.002154940951987447,0.016002090581207617,0.019460439292194615,0.45098039215686275,0.0061083780404143995,0,0,0,0.8984747761827695,1.0
399,0.0061083780404143995,0.01497149212541535,0.02008063992522499,0.5098039215686274,0.008366497615274424,1,1,0,0.8044433038052203,1.0
400,0.008366497615274424,0.017849468866818367,0.02162602474396225,0.7254901960784313,-0.003334534023618148,1,1,0,0.9732913316271588,1.0
401,-0.003334534023618148,0.017521117902476662,0.021837135254566268,0.47058823529411764,-0.001892504809253125,0,0,0,0.5234531275569886,1.0
402,-0.001892504809253125,0.015016691878589809,0.020223118533096177,0.39215686274509803,0.022528547739237733,0,0,0,0.8340598766099466,1.0
403,0.022528547739237733,0.02581034252149002,0.024658608940434756,0.8235294117647058,-0.013814501986821675,1,1,0,0.9859405578137461,1.0
404,-0.013814501986821675,0.01828965248335619,0.01865707462153779,0.23529411764705882,0.0001837153539840538,0,0,0,0.9587272543053027,1.0
405,0.0001837153539840538,0.01650151158524295,0.022821824269448242,0.5294117647058824,0.009038589116432518,0,0,0,0.7113159544515343,1.0
406,0.009038589116432518,0.01779350407982045,0.021546230444896872,0.7647058823529411,-0.018889353242124124,1,1,0,0.8871334298947634,1.0
407,-0.018889353242124124,0.022453335527106252,0.02004467852707571,0.09803921568627451,0.006321248324528932,0,0,0,0.9849844412098747,1.0
408,0.006321248324528932,0.016420997052010264,0.02149291291346697,0.5686274509803921,-0.008141114928820465,1,1,0,0.9197652814158428,1.0
409,-0.008141114928820465,0.01484623512638919,0.017528759687118076,0.3333333333333333,0.011033445744518759,0,0,0,0.8890652164247912,1.0
410,0.011033445744518759,0.01689232930787596,0.017088075795151897,0.7843137254901961,-0.016571458953583293,1,1,0,0.9673711437950171,1.0
411,-0.016571458953583293,0.020351613082374334,0.01885988008892566,0.17647058823529413,0.009895916744396068,0,0,0,0.9856428576181866,1.0
412,0.009895916744396068,0.015669301955586416,0.01659350779609566,0.7647058823529411,0.0003933654498944557,1,1,0,0.8791884079673647,1.0
413,0.0003933654498944557,0.01385044967513953,0.017115299264717127,0.5490196078431373,0.009830797490304468,0,0,0,0.5688735923180083,1.0
414,0.009830797490304468,0.01700568188884511,0.02207938301124457,0.6862745098039216,-0.006048412663358313,1,1,0,0.8950460754355548,1.0
415,-0.006048412663358313,0.014974105355520524,0.017324189348566426,0.29411764705882354,0.0029455638602572517,0,0,0,0.9147693176210034,1.0
416,0.0029455638602572517,0.015339845930143883,0.01949749761713175,0.5686274509803921,-0.030794396084192013,1,1,0,0.638119753461662,1.0
417,-0.030794396084192013,0.031532340528442136,0.01870859948616983,0.0392156862745098,-0.004755674568090301,0,0,0,0.998668815404555,1.0
418,-0.004755674568090301,0.013132234245965923,0.01689005353020118,0.4117647058823529,0.009659886304620472,0,0,0,0.8238768569487934,1.0
419,0.009659886304620472,0.019732550229614204,0.02288800181454807,0.6862745098039216,-0.007064130252793266,1,1,0,0.9461233945453569,1.0
420,-0.007064130252793266,0.018096262687738607,0.022542826234225828,0.35294117647058826,-0.007012906712311662,0,0,0,0.8705766927315483,1.0
421,-0.007012906712311662,0.013950887061212554,0.017423338400671798,0.29411764705882354,0.010330295574640899,0,0,0,0.8910835561900862,1.0
422,0.010330295574640899,0.018078882896792693,0.02054111517976714,0.6666666666666666,0.00652423654210978,1,1,0,0.9734545555937667,1.0
423,0.00652423654210978,0.019084464010945337,0.023862562109918436,0.6274509803921569,-0.001961103526815057,1,1,0,0.8932459621997617,1.0
424,-0.001961103526815057,0.015235870876561877,0.019423581028869964,0.5098039215686274,0.005225509337520816,0,0,0,0.7615616504036052,1.0
425,0.005225509337520816,0.017066680354929926,0.020403448105742458,0.6078431372549019,0.0027118608970013313,1,1,0,0.8367860065001231,1.0
426,0.0027118608970013313,0.015240731704731555,0.018221177826204766,0.5490196078431373,-0.012735147703723183,1,1,0,0.582597666403268,1.0
427,-0.012735147703723183,0.01974695621080029,0.021353279106503226,0.23529411764705882,-0.019750992705664442,0,0,0,0.9637647148359603,1.0
428,-0.019750992705664442,0.022764465104476956,0.01816153019437773,0.13725490196078433,-0.006114280687647544,0,0,0,0.9971562289722241,1.0
429,-0.006114280687647544,0.01826805994934194,0.02449805156115317,0.3333333333333333,5.285098820366022e-05,0,0,0,0.9417496120938967,1.0
430,5.285098820366022e-05,0.019510072178416403,0.02672804649320679,0.43137254901960786,-0.010131229005101121,0,1,0,0.5016701369458993,1.0
431,-0.010131229005101121,0.019757246996010346,0.022916641120566114,0.3137254901960784,0.0026438373753470677,0,0,0,0.9564914046208065,1.0
432,0.0026438373753470677,0.014806996575817593,0.019260290656793664,0.5098039215686274,0.0015308490527389709,1,0,0,0.5550363474796919,1.0
433,0.0015308490527389709,0.015311567173348618,0.02182530842402328,0.5490196078431373,-0.003200531142658657,0,0,0,0.5453508423249008,1.0
434,-0.003200531142658657,0.01740887277342356,0.02204058090947134,0.39215686274509803,0.0006635473787278515,0,1,0,0.6130001933134961,1.0
435,0.0006635473787278515,0.013994036070017556,0.018844751473639145,0.5294117647058824,0.006077031402834062,1,1,0,0.5596298037383782,1.0
436,0.006077031402834062,0.014500650066472207,0.017398809578980497,0.6470588235294118,-0.0006588317059884281,1,1,0,0.8493307186173977,1.0
437,-0.0006588317059884281,0.013960664625170153,0.01677978022620003,0.45098039215686275,-0.00774513265554971,0,0,0,0.7739463446988756,1.0
438,-0.00774513265554971,0.016940776094484456,0.020904294551901268,0.3333333333333333,0.015678956317416292,0,0,0,0.8889961829981168,1.0
439,0.015678956317416292,0.019449868576867882,0.01761055708128812,0.8235294117647058,0.0048180525859006645,1,1,0,0.9782387550739107,1.0
440,0.0048180525859006645,0.01567815947816802,0.020668750542334628,0.49019607843137253,0.0005729538537017555,1,1,0,0.6550823635182453,1.0
441,0.0005729538537017555,0.016425821392448855,0.02125056988003338,0.49019607843137253,-0.010031834702322481,1,1,0,0.7662386923079822,1.0
442,-0.010031834702322481,0.01676618228780258,0.018620804318867545,0.29411764705882354,0.0033783711003764444,0,0,0,0.880994887330102,1.0
443,0.0033783711003764444,0.01631507749875771,0.021094657623653697,0.5294117647058824,0.0104938389986765,1,1,0,0.7277206161156682,1.0
444,0.0104938389986765,0.017221890429647804,0.01784245349550495,0.7058823529411765,-0.013177563840417716,1,1,0,0.967563825099212,1.0
445,-0.013177563840417716,0.01801271431576704,0.017377656133590876,0.17647058823529413,0.004215980005584114,0,0,0,0.9879351860391036,1.0
446,0.004215980005584114,0.013139166507579287,0.01629243953860303,0.6078431372549019,0.0019619089313393043,1,1,0,0.7067478675914151,1.0
447,0.0019619089313393043,0.015410023351719225,0.01911908248676826,0.5686274509803921,-0.0024227909997325573,1,1,0,0.714982866643738,1.0
448,-0.0024227909997325573,0.014851346643138271,0.02004627531879739,0.43137254901960786,0.010132484553909565,0,1,0,0.6525516559681817,1.0
449,0.010132484553909565,0.016171255316491554,0.020870940846780817,0.6470588235294118,-0.007287862015998218,1,1,0,0.9404680824157196,1.0
450,-0.007287862015998218,0.016359587985871532,0.020104505743729906,0.45098039215686275,-0.005225820450013401,0,0,0,0.8719667649151357,1.0
451,-0.005225820450013401,0.014914969547904082,0.019368271610541304,0.3333333333333333,0.010868064557618882,0,0,0,0.7936854877129822,1.0
452,0.010868064557618882,0.020323405299297485,0.025424529428253614,0.5882352941176471,-0.005331184978047201,1,1,0,0.943439329576689,1.0
453,-0.005331184978047201,0.016249837668309036,0.02043391649553059,0.47058823529411764,0.0013227018399582131,0,0,0,0.6368263558732771,1.0
454,0.0013227018399582131,0.014586902511959385,0.019764298816121805,0.47058823529411764,-0.014757026899297424,0,0,0,0.7650093878684562,1.0
455,-0.014757026899297424,0.021474544745751438,0.022791707694334754,0.2549019607843137,-0.0009673886778565458,0,0,0,0.9750934299404008,1.0
456,-0.0009673886778565458,0.017696973166402577,0.025130424427877926,0.47058823529411764,-0.01719822204936568,0,0,0,0.5941538739047705,1.0
457,-0.01719822204936568,0.022889531972529076,0.021368994708333727,0.1568627450980392,-0.006798322247341396,0,0,0,0.9882649206251551,1.0
458,-0.006798322247341396,0.01647106582098735,0.0193102362717598,0.29411764705882354,-0.005910602588941305,0,0,0,0.7707779189555071,1.0
459,-0.005910602588941305,0.01427698000852024,0.01713359573678263,0.3137254901960784,0.0007315059651325931,0,0,0,0.9100350786573193,1.0
460,0.0007315059651325931,0.013939908041683121,0.018431826609943247,0.5686274509803921,0.004874644726167845,1,1,0,0.7001913905390867,1.0
461,0.004874644726167845,0.013487444079095953,0.01614255950441024,0.6470588235294118,0.009600869781426814,1,1,0,0.763623921188797,1.0
462,0.009600869781426814,0.02031297951460519,0.025752446521133964,0.7647058823529411,-0.017007377688293742,1,1,0,0.9251854935142038,1.0
463,-0.017007377688293742,0.02049621079541235,0.019337160636093868,0.17647058823529413,0.002693173020296123,0,0,0,0.9847608539068242,1.0
464,0.002693173020296123,0.015475160924558105,0.020639497812927274,0.5294117647058824,0.01354844828720934,1,1,0,0.6198235333297443,1.0
465,0.01354844828720934,0.020844559744946953,0.025655815675877592,0.6862745098039216,-0.0033831693709104153,1,1,0,0.985132836674437,1.0
466,-0.0033831693709104153,0.013521340515521984,0.01838479783405811,0.37254901960784315,-0.0013255649819898536,0,0,0,0.9058045769283652,1.0
467,-0.0013255649819898536,0.014959451560211555,0.019723831539967453,0.43137254901960786,-0.018507313796144485,0,0,0,0.8711060061377484,1.0
468,-0.018507313796144485,0.022780643756461515,0.020571845313526033,0.21568627450980393,0.00574350193812151,0,0,0,0.9787801102059863,1.0
469,0.00574350193812151,0.01623187235765947,0.019907081826167378,0.6274509803921569,-0.008539552120465957,1,1,0,0.715349408487042,1.0
470,-0.008539552120465957,0.01774909265992093,0.02254340194095221,0.35294117647058826,2.4910877187715704e-05,0,0,0,0.8198562902950532,1.0
471,2.4910877187715704e-05,0.02218277834209653,0.032477631116000126,0.39215686274509803,0.005967677371905661,0,1,0,0.5926099101174999,1.0
472,0.005967677371905661,0.017143377867527426,0.020449630932678757,0.5882352941176471,9.796594023220851e-05,1,1,0,0.8071310977467608,1.0
473,9.796594023220851e-05,0.013307610345220811,0.01865204433890118,0.5098039215686274,-0.012996870714459326,1,1,0,0.661178636371819,1.0
474,-0.012996870714459326,0.021488270437579695,0.02376623399953638,0.29411764705882354,-0.011372596629504952,0,0,0,0.8733740664058824,1.0
475,-0.011372596629504952,0.017168904816931715,0.019651983245921514,0.2549019607843137,-0.005658100889428116,0,0,0,0.8617751959812608,1.0
476,-0.005658100889428116,0.017994835772020847,0.022056753781540088,0.43137254901960786,0.011666398236755002,0,0,0,0.8593682210525545,1.0
477,0.011666398236755002,0.020357544644533262,0.02502716938347362,0.6666666666666666,-0.007801786390789684,1,1,0,0.9669327971515029,1.0
478,-0.007801786390789684,0.01686782398237601,0.019586628674452992,0.3137254901960784,-0.0031862521829602946,0,0,0,0.8539288432329719,1.0
479,-0.0031862521829602946,0.017089063062571463,0.023089557501219403,0.43137254901960786,0.009007831495024574,0,0,0,0.5711394837111704,1.0
480,0.009007831495024574,0.01761659212278334,0.024152088799831845,0.6078431372549019,0.0103770871964747,1,1,0,0.7884933585724712,1.0
481,0.0103770871964747,0.019652331079360267,0.023717154441836457,0.6470588235294118,0.005424736800250855,1,1,0,0.896924738684744,1.0
482,0.005424736800250855,0.014052016908293363,0.017540262492039865,0.6470588235294118,0.0014467617710468496,1,1,0,0.5392876606762846,1.0
483,0.0014467617710468496,0.017891631121227086,0.02360618181258338,0.49019607843137253,0.013368456346741624,1,1,0,0.7502970691949562,1.0
484,0.013368456346741624,0.021488737814896824,0.024312042558333028,0.6862745098039216,-0.013222786412113264,1,1,0,0.9626151236507315,1.0
485,-0.013222786412113264,0.017580880407218193,0.019074822755518656,0.27450980392156865,-0.003059240647794109,0,0,0,0.9646456892520698,1.0
486,-0.003059240647794109,0.016200283983948165,0.020924866833600224,0.3137254901960784,0.010362835619330393,0,0,0,0.760730839202945,1.0
487,0.010362835619330393,0.018750416690352056,0.020623743347451005,0.6862745098039216,0.002948847772003688,1,1,0,0.9291297875179376,1.0
488,0.002948847772003688,0.01212341419124662,0.01587811052796254,0.5490196078431373,-0.01858006166295284,1,1,0,0.7121874270618953,1.0
489,-0.01858006166295284,0.023667428510229915,0.026184702867191368,0.17647058823529413,-0.0008932036400850126,0,0,0,0.9549691355568697,1.0
490,-0.0008932036400850126,0.015500097463685955,0.020097188976213685,0.43137254901960786,-0.010245570964760238,1,1,0,0.676171785091896,1.0
491,-0.010245570964760238,0.019325395947350228,0.022433233270335945,0.35294117647058826,0.0026627697362138062,0,0,0,0.9268025209836076,1.0
492,0.0026627697362138062,0.014761866543171803,0.01826703518797088,0.5882352941176471,-0.009918868593584072,1,1,0,0.7305756846561858,1.0
493,-0.009918868593584072,0.01880146272637361,0.021420465221055736,0.2549019607843137,-0.013865802538557298,0,0,0,0.9411936555216797,1.0
494,-0.013865802538557298,0.020981024650862334,0.021590422104842983,0.23529411764705882,0.0007927059644147935,0,0,0,0.9243714400837524,1.0
495,0.0007927059644147935,0.018211503285387277,0.024535002427088975,0.47058823529411764,0.012827977253187281,1,1,0,0.9521397050230048,1.0
496,0.012827977253187281,0.018467966572472832,0.018949557181653157,0.7647058823529411,0.009497683197805765,1,1,0,0.9789687951410015,1.0
497,0.009497683197805765,0.014273829393210653,0.015586658138060577,0.7058823529411765,0.010782291105369468,1,1,0,0.9520012392639589,1.0
498,0.010782291105369468,0.020131877166981244,0.023338619031854156,0.6862745098039216,0.00042830213532878326,1,1,0,0.9558704060141842,1.0
499,0.00042830213532878326,0.01689209927084818,0.02198722522369968,0.47058823529411764,0.011838082283351615,0,0,0,0.640219838883611,1.0
500,0.011838082283351615,0.020457811599359475,0.022772466452118514,0.7058823529411765,-0.0001646883243590603,1,1,0,0.9684429495772005,1.0
501,-0.0001646883243590603,0.01791826320058567,0.0239419312075638,0.5294117647058824,0.0031034595030841375,1,1,0,0.8526489703104402,1.0
502,0.0031034595030841375,0.012677724712038959,0.018413115682463857,0.49019607843137253,-0.005335577966519366,1,0,0,0.5967731591210756,1.0
503,-0.005335577966519366,0.01546194903445766,0.020460570080907365,0.37254901960784315,-0.012584034159318259,0,0,0,0.8675197274660461,1.0
504,-0.012584034159318259,0.018776701503368434,0.019035226789609196,0.27450980392156865,0.011459710276879677,0,0,0,0.9890457104155032,1.0
505,0.011459710276879677,0.017148963540068857,0.017883880389924067,0.8235294117647058,-0.0024729006830998775,1,1,0,0.8702651909095391,1.0
506,-0.0024729006830998775,0.01665647556422217,0.022020869640661196,0.4117647058823529,-0.013554911510800918,0,0,0,0.5396561452496433,1.0
507,-0.013554911510800918,0.02058648452230758,0.023658596028215767,0.29411764705882354,0.00027514890717509277,0,0,0,0.7341807758416191,1.0
508,0.00027514890717509277,0.016360126146541292,0.02327150038861737,0.43137254901960786,0.010674492644412541,0,1,0,0.6306694948147309,1.0
509,0.010674492644412541,0.01609685245599271,0.018191513070973307,0.7058823529411765,-0.005568202349231804,1,1,0,0.8956422555662548,1.0
510,-0.005568202349231804,0.015563954690679779,0.019056673997743495,0.39215686274509803,-0.0060769479914367305,0,0,0,0.5688501573585873,1.0
511,-0.0060769479914367305,0.01758038539202172,0.019448854649095598,0.4117647058823529,-0.0011565281486818498,0,0,0,0.8413998953591948,1.0
512,-0.0011565281486818498,0.01379739486919239,0.017473721579124094,0.45098039215686275,-0.007732160919036974,0,1,0,0.5977856514182008,1.0
513,-0.007732160919036974,0.01610775333413324,0.019301284674995384,0.3137254901960784,-0.00988594344818308,0,0,0,0.9221808494816268,1.0
514,-0.00988594344818308,0.016574980284607327,0.017867613675116325,0.29411764705882354,0.00026367881185918913,0,0,0,0.8664710559687102,1.0
515,0.00026367881185918913,0.015786257441476378,0.019863718691636473,0.47058823529411764,0.0007037702772872314,0,0,0,0.6636744813488087,1.0
516,0.0007037702772872314,0.015547803073683015,0.01927676780716677,0.49019607843137253,0.004594790080633324,1,1,0,0.6690486743627533,1.0
517,0.004594790080633324,0.017226229195065067,0.020418612031379662,0.5686274509803921,-0.004978685363757776,1,1,0,0.8169968742958814,1.0
518,-0.004978685363757776,0.015851441736679434,0.01961783783972281,0.37254901960784315,-0.005487780410563512,0,0,0,0.926024249598503,1.0
519,-0.005487780410563512,0.014126728939541882,0.01834396649446372,0.37254901960784315,-0.013199857239847948,0,0,0,0.8169639805374977,1.0
520,-0.013199857239847948,0.017105930577064807,0.016703166558384837,0.23529411764705882,0.013888365930264478,0,0,0,0.9662448068309326,1.0
521,0.013888365930264478,0.01835421028926688,0.01803337545671649,0.803921568627451,0.012175417742497597,1,1,0,0.9440574885511938,1.0
522,0.012175417742497597,0.017740161900233073,0.018944052863149048,0.7450980392156863,-0.0008934193843668073,1,1,0,0.9497881684524319,1.0
523,-0.0008934193843668073,0.015520616608520624,0.019726549512492062,0.5294117647058824,-0.00234534058024677,0,0,0,0.828562502323302,1.0
524,-0.00234534058024677,0.014922180536737644,0.019351016936661587,0.43137254901960786,-0.01803879723507032,0,1,0,0.5167345156784461,1.0
525,-0.01803879723507032,0.021087062413075605,0.022116687444198552,0.1568627450980392,-0.0012051142747672554,0,0,0,0.9742645934082018,1.0
526,-0.0012051142747672554,0.013498982237230478,0.017475159823717452,0.45098039215686275,-0.0013343752030670086,0,0,0,0.6586575287744163,1.0
527,-0.0013343752030670086,0.013239658945881057,0.018189236917733612,0.5686274509803921,0.005284385335118573,1,1,0,0.711113191367176,1.0
528,0.005284385335118573,0.015813644691073752,0.019794731952897562,0.6078431372549019,-0.004168489846332443,1,1,0,0.7348950864114432,1.0
529,-0.004168489846332443,0.016892202019418264,0.02322441998839776,0.39215686274509803,-0.006759905947747773,0,0,0,0.7679964681065906,1.0
530,-0.006759905947747773,0.01639991633798938,0.021769234952136528,0.43137254901960786,-0.0069814417930477,0,0,0,0.5944482425373242,1.0
531,-0.0069814417930477,0.015778628388341674,0.02062203929590932,0.4117647058823529,-0.010889907580998639,0,0,0,0.7759738702440253,1.0
532,-0.010889907580998639,0.018106367167220187,0.02044174388729716,0.23529411764705882,-0.009592387253782699,0,0,0,0.9120012878550616,1.0
533,-0.009592387253782699,0.019375922543325937,0.023355880397834355,0.3137254901960784,-0.0020794693256998816,0,0,0,0.8931186083901076,1.0
534,-0.0020794693256998816,0.016603607823855827,0.021615160676133595,0.49019607843137253,0.018960970549755513,1,1,0,0.8582387972468551,1.0
535,0.018960970549755513,0.02260412578259678,0.020860848167032684,0.8431372549019608,0.0039864994546982375,1,1,0,0.9568971870970299,1.0
536,0.0039864994546982375,0.017157712786645844,0.023675675997742545,0.6078431372549019,0.004140689148199576,1,1,0,0.8164767951019911,1.0
537,0.004140689148199576,0.0176113724412411,0.023948559640237548,0.5882352941176471,-0.008463185120997,1,1,0,0.8688291702358572,1.0
538,-0.008463185120997,0.015506093845740147,0.017738991456481123,0.3137254901960784,-0.008979498448842705,0,0,0,0.8852366782155606,1.0
539,-0.008979498448842705,0.020126233797516935,0.024790649852551097,0.3333333333333333,0.004837346203180078,0,0,0,0.9002951002925995,1.0
540,0.004837346203180078,0.013268118233791015,0.01776189079956757,0.6078431372549019,0.009980935928707671,1,1,0,0.7122011772967781,1.0
541,0.009980935928707671,0.014083136853355587,0.016641008417590787,0.7058823529411765,-0.011379896667989126,1,1,0,0.8341637130120755,1.0
542,-0.011379896667989126,0.018006605767688155,0.020122648203290384,0.3137254901960784,0.011960423779616182,0,0,0,0.9753018944059081,1.0
543,0.011960423779616182,0.01816476370119439,0.019275825518154516,0.7254901960784313,0.006933913951533293,1,1,0,0.9499907609319612,1.0
544,0.006933913951533293,0.01688958949593262,0.020002806407966527,0.6666666666666666,0.003964752310404875,1,1,0,0.7184169036935162,1.0
545,0.003964752310404875,0.014325563204824594,0.019022980549129397,0.5882352941176471,-0.004580574653642314,1,1,0,0.6628749227653628,1.0
546,-0.004580574653642314,0.01600472074972559,0.01974111857666269,0.35294117647058826,-0.0023589372116548427,0,0,0,0.5550521706021171,1.0
547,-0.0023589372116548427,0.014319155390747379,0.019003647827014858,0.3333333333333333,0.00950205097529495,0,0,0,0.5336200190537621,1.0
548,0.00950205097529495,0.018554694032939308,0.020517261962943817,0.7058823529411765,0.0024338793268758917,1,1,0,0.9337767452152543,1.0
549,0.0024338793268758917,0.014675594816162523,0.018140573506811603,0.5490196078431373,-0.007960319843897543,1,1,0,0.7252911144132365,1.0
550,-0.007960319843897543,0.015724378160590722,0.018836178981519923,0.27450980392156865,0.001549580362606074,0,0,0,0.7898881780272919,1.0
551,0.001549580362606074,0.015303807322484913,0.021506756241528563,0.5686274509803921,0.00012844983263662085,1,1,0,0.7337715717753355,1.0
552,0.00012844983263662085,0.01613464169870216,0.020351830125962346,0.5294117647058824,-0.014857758190156648,1,1,0,0.7458537400224596,1.0
553,-0.014857758190156648,0.020676703784340025,0.022656718175292006,0.21568627450980393,0.0023358355523998117,0,0,0,0.9741922203678619,1.0
554,0.0023358355523998117,0.016296008475444514,0.02132559120502769,0.5294117647058824,0.013814890652605414,0,1,0,0.5706021081893403,1.0
555,0.013814890652605414,0.0218884662318463,0.024893273734054314,0.7450980392156863,0.009222328040337038,1,1,0,0.989736127279906,1.0
556,0.009222328040337038,0.018186433930769946,0.021794808519876467,0.6666666666666666,-0.011381993286075424,1,1,0,0.9459773052075338,1.0
557,-0.011381993286075424,0.0170387433191719,0.02160103597970608,0.23529411764705882,-0.01749082533189202,0,0,0,0.9214701473664229,1.0
558,-0.01749082533189202,0.020996836488627213,0.020123065287754746,0.1568627450980392,0.0030695245589195054,0,0,0,0.9621139996624299,1.0
559,0.0030695245589195054,0.013424396981749971,0.019789378143800086,0.5294117647058824,-0.002959756972530322,1,0,0,0.5299318561719001,1.0
560,-0.002959756972530322,0.014917094664726087,0.019177385329432743,0.43137254901960786,-0.0052377883104403125,0,1,0,0.6228952170962965,1.0
561,-0.0052377883104403125,0.01738102063151091,0.02224232064828641,0.3333333333333333,0.0027994704129825,0,0,0,0.536297947424051,1.0
562,0.0027994704129825,0.016472840164159317,0.020827324179307286,0.6078431372549019,0.012401024072890114,1,1,0,0.600577302817539,1.0
563,0.012401024072890114,0.01824076943731238,0.020664939526251567,0.6862745098039216,-0.015541691344807651,1,1,0,0.9629387268242046,1.0
564,-0.015541691344807651,0.0200668420602867,0.0192459310542688,0.23529411764705882,0.005524796658887037,0,0,0,0.9707826070663788,1.0
565,0.005524796658887037,0.01660906682241355,0.020152744490272826,0.6078431372549019,-0.016892658120281883,1,1,0,0.9074618207883405,1.0
566,-0.016892658120281883,0.02098458078592055,0.021434181816237744,0.17647058823529413,0.0014449519800077682,0,0,0,0.9930075600850446,1.0
567,0.0014449519800077682,0.012332968592098944,0.01695049069258646,0.5098039215686274,-0.011319678383409389,0,0,0,0.5819583448747709,1.0
568,-0.011319678383409389,0.01805575420576014,0.020079508167666155,0.27450980392156865,-0.00843201072577313,0,0,0,0.9573297194733542,1.0
569,-0.00843201072577313,0.018630524353274697,0.021962047167248113,0.3333333333333333,-0.005062019927755672,0,0,0,0.8358598777755789,1.0
570,-0.005062019927755672,0.015361593858194699,0.01906826829462905,0.39215686274509803,-0.007927379620277068,0,0,0,0.8510443038933674,1.0
571,-0.007927379620277068,0.015283843654246645,0.018607245536988285,0.27450980392156865,0.02767080024068159,0,0,0,0.8256052277666719,1.0
572,0.02767080024068159,0.028287974009959384,0.02156148801671777,0.9215686274509803,0.001863646015071431,1,1,0,0.9972639207945234,1.0
573,0.001863646015071431,0.015630232353111322,0.020457541474010275,0.43137254901960786,3.4356110240712075e-05,1,1,0,0.7830115534087052,1.0
574,3.4356110240712075e-05,0.016845555712980676,0.02098807932544117,0.5686274509803921,0.0025857750876577454,1,1,0,0.8942595841475843,1.0
575,0.0025857750876577454,0.014582487085823156,0.018837377566875264,0.6470588235294118,0.00230337642108505,1,0,0,0.6231367669700171,1.0
576,0.00230337642108505,0.016045898513627494,0.021912109616479738,0.6078431372549019,-0.011914595488096745,1,1,0,0.7295911067010037,1.0
577,-0.011914595488096745,0.016114119964386203,0.018441038406990608,0.19607843137254902,-0.006651804819061972,0,0,0,0.8959573882636445,1.0
578,-0.006651804819061972,0.01522875914810569,0.017617463599070515,0.3137254901960784,-0.001874435293862801,0,0,0,0.9269509741753165,1.0
579,-0.001874435293862801,0.015004883979070268,0.019537879051554876,0.4117647058823529,-0.006519687815797392,0,0,0,0.6993219045179301,1.0
580,-0.006519687815797392,0.017587194208318783,0.02224863788609874,0.35294117647058826,0.0019017946175256377,0,0,0,0.7955083936392849,1.0
581,0.0019017946175256377,0.01434690247418438,0.01972259185275363,0.6078431372549019,-0.019317803372077863,1,1,0,0.6981187059182397,1.0
582,-0.019317803372077863,0.025194934351484698,0.023801683611627784,0.23529411764705882,0.010007960007018315,0,0,0,0.9905290027384703,1.0
583,0.010007960007018315,0.017047169066681956,0.021354236655439087,0.5882352941176471,0.01723983911381381,1,1,0,0.9421120829969947,1.0
584,0.01723983911381381,0.022198901805652847,0.022471867323923443,0.803921568627451,0.005006632523582919,1,1,0,0.9517641899858243,1.0
585,0.005006632523582919,0.01966166985295045,0.02310640019269252,0.6078431372549019,0.006717703366295659,1,1,0,0.9261054914892328,1.0
586,0.006717703366295659,0.01737428107076149,0.02162081041758678,0.7058823529411765,-0.002447901138691354,1,1,0,0.8363650857571951,1.0
587,-0.002447901138691354,0.01650762035594151,0.02098438802550117,0.43137254901960786,0.008133545426028422,0,0,0,0.7967968290092646,1.0
588,0.008133545426028422,0.017734957157134225,0.02146094879315649,0.7058823529411765,0.017167178892092835,1,1,0,0.9109185431475197,1.0
589,0.017167178892092835,0.021154653510544748,0.019760570426359047,0.8431372549019608,0.009753236641923907,1,1,0,0.9914496376850163,1.0
590,0.009753236641923907,0.020304238894987295,0.02468586004815717,0.6470588235294118,0.005022972529868908,1,1,0,0.9547161920975695,1.0
591,0.005022972529868908,0.018611921089503634,0.02402850834522622,0.6274509803921569,0.014611808038385762,1,1,0,0.608161159602768,1.0
592,0.014611808038385762,0.019341996068248418,0.019650881186251225,0.803921568627451,-0.00437246585375909,1,1,0,0.9676759107575743,1.0
593,-0.00437246585375909,0.01754719781052065,0.02237411742717513,0.45098039215686275,-0.03459498853032039,0,0,0,0.80292372799086,1.0
594,-0.03459498853032039,0.03459498853032039,0.018814623837413398,0.0,-0.013676676429131073,0,0,0,0.9996402018215944,1.0
595,-0.013676676429131073,0.01897508719522365,0.018090071271445435,0.1568627450980392,0.0028313511522070002,0,0,0,0.9328761855167003,1.0
596,0.0028313511522070002,0.0166079547365563,0.019893674516648824,0.6274509803921569,0.01781930033548273,1,1,0,0.659777278678595,1.0
597,0.01781930033548273,0.02113800469804721,0.020606302481964347,0.8235294117647058,-0.0014809191727941395,1,1,0,0.9950750190860423,1.0
598,-0.0014809191727941395,0.013859342293910044,0.01701887730433398,0.4117647058823529,0.013715717349183948,0,0,0,0.6285723792284286,1.0
599,0.013715717349183948,0.019608393765260534,0.02169481999393348,0.7254901960784313,-0.016547286003814613,1,1,0,0.8989281786651965,1.0
600,-0.016547286003814613,0.019336173255880922,0.014637309159969173,0.11764705882352941,0.01577052745908435,0,0,0,0.9784397620659137,1.0
601,0.01577052745908435,0.021056909801519214,0.023752376459132467,0.7647058823529411,0.0033200104452889,1,1,0,0.9920244490560644,1.0
602,0.0033200104452889,0.01714140046291466,0.021810731357548414,0.49019607843137253,-0.011369729557524973,1,1,0,0.8032769876351125,1.0
603,-0.011369729557524973,0.01815936733408112,0.01944785938221549,0.27450980392156865,0.015732302063190585,0,0,0,0.7239043690427256,1.0
604,0.015732302063190585,0.021624413143598073,0.023950190430978926,0.7647058823529411,-0.0021506405689628015,1,1,0,0.9599563507330461,1.0
605,-0.0021506405689628015,0.017614526528738222,0.02178258560531417,0.43137254901960786,-0.00146589865206678,0,0,0,0.8538261515458444,1.0
606,-0.00146589865206678,0.011538456122918652,0.014893305920621715,0.39215686274509803,0.014250063133282465,0,1,0,0.6503039441393754,1.0
607,0.014250063133282465,0.021218681871472547,0.021621144247986047,0.7647058823529411,0.016321977592828347,1,1,0,0.9264244780759734,1.0
608,0.016321977592828347,0.019099082376948184,0.01867868417405288,0.8235294117647058,0.008870091687394567,1,1,0,0.9775509426943021,1.0
609,0.008870091687394567,0.01576386785825082,0.02023050314186263,0.7058823529411765,0.0044147565851155365,1,1,0,0.8991122096655423,1.0
610,0.0044147565851155365,0.016139212999907435,0.0214957838170753,0.6078431372549019,0.005457065803584234,1,1,0,0.8356901277149102,1.0
611,0.005457065803584234,0.013462366090499342,0.01709264344766231,0.5686274509803921,0.009081072032953491,1,1,0,0.6148670600319599,1.0
612,0.009081072032953491,0.017665041811553647,0.02075634369246694,0.6666666666666666,0.005823848596206379,1,1,0,0.956830993404557,1.0
613,0.005823848596206379,0.016106277740299567,0.021680692805735355,0.6470588235294118,0.0028322328889598836,1,1,0,0.7410421166212154,1.0
614,0.0028322328889598836,0.015992655655914182,0.02127015074677345,0.5686274509803921,0.009282997989502394,1,1,0,0.860792926935594,1.0
615,0.009282997989502394,0.015862415095933644,0.01874531137698962,0.6470588235294118,-0.01434502714957903,1,1,0,0.7386943037559013,1.0
616,-0.01434502714957903,0.020953042793480692,0.022905698898859506,0.2549019607843137,0.007628241738463587,0,0,0,0.9750728301886444,1.0
617,0.007628241738463587,0.018276011233930505,0.02232970939125948,0.6666666666666666,-0.013403628728860155,1,1,0,0.9522703548895908,1.0
618,-0.013403628728860155,0.018685570401455343,0.017638824213397134,0.17647058823529413,-0.005463908046100456,0,0,0,0.9700470151468039,1.0
619,-0.005463908046100456,0.016032765577588873,0.021624764629318262,0.37254901960784315,0.0009608524234250315,0,0,0,0.9229207100112662,1.0
620,0.0009608524234250315,0.015513892307309691,0.02018641760331001,0.45098039215686275,-0.004203746134788455,0,1,0,0.5253112829359614,1.0
621,-0.004203746134788455,0.015029221707580798,0.018023318878524576,0.39215686274509803,-0.017615289411168796,0,0,0,0.7507721076224807,1.0
622,-0.017615289411168796,0.02112523791122035,0.020058803850918107,0.17647058823529413,-0.004850546655351625,0,0,0,0.991959375287656,1.0
623,-0.004850546655351625,0.02143656604994657,0.028079831213695405,0.35294117647058826,-0.0024084514211297147,0,0,0,0.5187836852035661,1.0
624,-0.0024084514211297147,0.01410599100046409,0.017609030854584238,0.45098039215686275,-0.0007738760176743175,0,0,0,0.8112235420446735,1.0
625,-0.0007738760176743175,0.013098645024288967,0.017916554854620844,0.5490196078431373,0.010307023027976939,0,0,0,0.6219230318530412,1.0
626,0.010307023027976939,0.01938879690221045,0.02277654843007808,0.6666666666666666,0.0006398701981120778,1,1,0,0.9525091556443073,1.0
627,0.0006398701981120778,0.017877110136511252,0.02349541146492433,0.49019607843137253,0.0114947339472636,1,1,0,0.7033117914220638,1.0
628,0.0114947339472636,0.02011789159930717,0.023032990650239425,0.7058823529411765,0.016484811722700637,1,1,0,0.9541726053417003,1.0
629,0.016484811722700637,0.021948241742166023,0.02030464373394737,0.803921568627451,-0.0015427817466752212,1,1,0,0.9837902958429365,1.0
630,-0.0015427817466752212,0.014248203193928867,0.020021924593465208,0.49019607843137253,0.002495145375383362,0,0,0,0.5422650315137826,1.0
631,0.002495145375383362,0.011372956708776107,0.016177020631008676,0.5294117647058824,-0.0065953443730090286,1,0,0,0.5471609066511564,1.0
632,-0.0065953443730090286,0.017621803053805722,0.021525796917717218,0.3137254901960784,0.007290314729146423,0,0,0,0.8427443492125944,1.0
633,0.007290314729146423,0.016385212775426955,0.019982427189123346,0.6862745098039216,0.013193713687011884,1,1,0,0.7374742407550912,1.0
634,0.013193713687011884,0.01966629417176023,0.022224980886188454,0.7254901960784313,0.016092616679689784,1,1,0,0.9605672393767168,1.0
635,0.016092616679689784,0.022762045445874606,0.024619929237724804,0.7647058823529411,-1.5484586551071578e-05,1,1,0,0.9710371882821652,1.0
636,-1.5484586551071578e-05,0.015755272105931393,0.020684726619306256,0.49019607843137253,-0.01785860120925907,0,1,0,0.742230129844316,1.0
637,-0.01785860120925907,0.021534566815938044,0.019412298397733153,0.21568627450980393,-0.0002511303493924314,0,0,0,0.9819428396307347,1.0
638,-0.0002511303493924314,0.016748189962893397,0.02350824210190425,0.43137254901960786,0.004602163965674963,1,1,0,0.7278122974738522,1.0
639,0.004602163965674963,0.013990101392857878,0.017952190025318726,0.5882352941176471,0.019026791612542084,1,1,0,0.6702748753933345,1.0
640,0.019026791612542084,0.025464261934084444,0.02404189714161516,0.8235294117647058,0.008247058049045302,1,1,0,0.9951451878374935,1.0
641,0.008247058049045302,0.019871486351747517,0.027502732080341867,0.6274509803921569,0.008884160278950925,1,1,0,0.8689528766564842,1.0
642,0.008884160278950925,0.015719756851412536,0.018769480839271963,0.6862745098039216,0.013716320897016484,1,1,0,0.8789171769926207,1.0
643,0.013716320897016484,0.019964906252783986,0.021061984078374944,0.6862745098039216,-0.021666466353690055,1,1,0,0.9733097546738096,1.0
644,-0.021666466353690055,0.023427805318517122,0.015228928374226286,0.058823529411764705,-0.005508572742081997,0,0,0,0.993517676021788,1.0
645,-0.005508572742081997,0.015099570972683348,0.019759854258777618,0.43137254901960786,-0.003268904797636956,0,0,0,0.7881039956422206,1.0
646,-0.003268904797636956,0.015880991999758995,0.021189192299602096,0.4117647058823529,-0.005150649677675545,0,0,0,0.7200028537417281,1.0
647,-0.005150649677675545,0.015570255645010586,0.021407516507307392,0.37254901960784315,0.004353255686055484,0,0,0,0.7590180565563357,1.0
648,0.004353255686055484,0.0204482642229696,0.025945955672463224,0.5882352941176471,-0.013331763067262003,1,1,0,0.9721531685830551,1.0
649,-0.013331763067262003,0.022277033245979173,0.024929572372090456,0.17647058823529413,0.02101491952097138,0,0,0,0.942865285287236,1.0
650,0.02101491952097138,0.02431607862761915,0.021702200205596777,0.8235294117647058,0.005529632058618408,1,1,0,0.9957262780047755,1.0
651,0.005529632058618408,0.015336751003673887,0.018959680574119255,0.6470588235294118,-0.002918034359610092,1,1,0,0.8012732380059773,1.0
652,-0.002918034359610092,0.013708073383451208,0.016619650625348842,0.43137254901960786,0.0009501850584458526,0,0,0,0.8439813063251653,1.0
653,0.0009501850584458526,0.01267791272952806,0.017024733002477994,0.5294117647058824,0.007927139096016127,1,1,0,0.5052796543028135,1.0
654,0.007927139096016127,0.01689649562036585,0.020137514611952116,0.6666666666666666,-0.02059026078106612,1,1,0,0.8607512747337692,1.0
655,-0.02059026078106612,0.024003178524773326,0.01974316436635643,0.13725490196078433,0.00364937219486369,0,0,0,0.9961406022848769,1.0
656,0.00364937219486369,0.01620268713632649,0.02081172541006885,0.6274509803921569,0.0027415237028609834,1,1,0,0.6760608973271086,1.0
657,0.0027415237028609834,0.015284094407912202,0.021609886977867088,0.49019607843137253,-0.008648130398656893,1,0,0,0.5478131862023062,1.0
658,-0.008648130398656893,0.016409469551845617,0.019076885657703567,0.3137254901960784,-0.005102940050464432,0,0,0,0.952337942216521,1.0
659,-0.005102940050464432,0.016126021681032648,0.021053011546813966,0.3333333333333333,0.0022028637172102827,0,0,0,0.7651849662587349,1.0
660,0.0022028637172102827,0.014075429092339005,0.018490938706889615,0.5098039215686274,-0.014163555184803502,1,1,0,0.6727027759642848,1.0
661,-0.014163555184803502,0.019783985472394065,0.019670175087007736,0.2549019607843137,-0.010369143525295868,0,0,0,0.9735318472130512,1.0
662,-0.010369143525295868,0.017524766645219115,0.02085752354508269,0.29411764705882354,0.002265315401671861,0,0,0,0.8853896409793626,1.0
663,0.002265315401671861,0.015754045481929897,0.0215493780993185,0.5098039215686274,0.012549940017155065,0,1,0,0.7151472215511852,1.0
664,0.012549940017155065,0.018059079769531406,0.020293002337832048,0.6862745098039216,0.007899878045349307,1,1,0,0.9468178598557111,1.0
665,0.007899878045349307,0.017621019974060934,0.02072624236784712,0.6078431372549019,-0.010922952947270989,1,1,0,0.7840973853581444,1.0
666,-0.010922952947270989,0.019601849500209975,0.022134279026619325,0.35294117647058826,-0.0029898765707130305,0,0,0,0.8278434405017461,1.0
667,-0.0029898765707130305,0.01530696284944875,0.021362243303566463,0.45098039215686275,-0.010775856994389741,0,1,0,0.6978782901126677,1.0
668,-0.010775856994389741,0.018744153197158216,0.02054816958953396,0.19607843137254902,-0.01826888187571268,0,0,0,0.7842160874287718,1.0
669,-0.01826888187571268,0.022194898856221668,0.019457616554381947,0.19607843137254902,0.0029218955080706076,0,0,0,0.9947654231557524,1.0
670,0.0029218955080706076,0.01797075976351011,0.02458601974481383,0.5294117647058824,0.0009589374173610788,1,1,0,0.8267813778896977,1.0
671,0.0009589374173610788,0.01427954659484484,0.017799526211926972,0.4117647058823529,-0.006046531818610984,0,1,0,0.505334333553738,1.0
672,-0.006046531818610984,0.015901510945552467,0.019428847211412678,0.35294117647058826,-0.022121924332504334,0,0,0,0.9350667501996947,1.0
673,-0.022121924332504334,0.02503218264194908,0.021412969496956338,0.11764705882352941,-0.005079373091291174,0,0,0,0.9874656602046039,1.0
674,-0.005079373091291174,0.014015463420308433,0.01855653441363706,0.37254901960784315,-0.019288666200455523,0,0,0,0.8094124571491856,1.0
675,-0.019288666200455523,0.023260342240766983,0.02110728965356077,0.13725490196078433,-0.018337851014356314,0,0,0,0.9820846293361147,1.0
676,-0.018337851014356314,0.022785046512077682,0.02347383694683263,0.19607843137254902,-0.010294837849392991,0,0,0,0.9890200061681496,1.0
677,-0.010294837849392991,0.01841491557052086,0.02054985818513572,0.21568627450980393,0.007725717367015487,0,0,0,0.9563691898307249,1.0
678,0.007725717367015487,0.01754165221583517,0.02179876632715316,0.6274509803921569,0.0004956728115586812,1,1,0,0.8069963270756886,1.0
679,0.0004956728115586812,0.014554456584222093,0.01784298958945982,0.5490196078431373,0.007931023824043915,1,0,0,0.5472550856283276,1.0
680,0.007931023824043915,0.013931800246137419,0.017045618774245732,0.6666666666666666,0.0014702315947028703,1,1,0,0.8755948919485163,1.0
681,0.0014702315947028703,0.014277297815200117,0.01967399196994947,0.5882352941176471,0.02519144561111327,1,1,0,0.5432420607006873,1.0
682,0.02519144561111327,0.025580273424588428,0.01999275981100023,0.9019607843137255,-0.00730111028657437,1,1,0,0.9951936969372508,1.0
683,-0.00730111028657437,0.014279761514889062,0.01766680976226302,0.35294117647058826,-0.007011694069954713,0,0,0,0.7860448149881772,1.0
684,-0.007011694069954713,0.0166829790809105,0.02079406894797278,0.3137254901960784,0.007437198131667652,0,0,0,0.7717751635802417,1.0
685,0.007437198131667652,0.018057057061107083,0.021351802170500842,0.6666666666666666,0.02676888660391074,1,1,0,0.9238452487226207,1.0
686,0.02676888660391074,0.02780535894976898,0.019369622910567767,0.9411764705882353,-0.007635712088839837,1,1,0,0.997054023740835,1.0
687,-0.007635712088839837,0.01992871771683453,0.022838002314321745,0.29411764705882354,-0.0005391365162721949,0,0,0,0.7824644279924259,1.0
688,-0.0005391365162721949,0.018077683699261677,0.024442910604419294,0.5490196078431373,-0.0011313421952393815,1,1,0,0.83811869552723,1.0
689,-0.0011313421952393815,0.015800498519746638,0.02098105180415469,0.43137254901960786,0.0006532163303855414,0,0,0,0.7188802685937071,1.0
690,0.0006532163303855414,0.012116055726543534,0.015802353681809787,0.5098039215686274,0.013336661348405152,1,1,0,0.5133301430406075,1.0
691,0.013336661348405152,0.018491192879657174,0.019826409052175392,0.6862745098039216,0.005029345616297573,1,1,0,0.854314106997698,1.0
692,0.005029345616297573,0.014163722892011935,0.020306760628063105,0.5294117647058824,0.01609713931986631,1,1,0,0.7602756054000431,1.0
693,0.01609713931986631,0.02305591810937271,0.024784788727828605,0.7843137254901961,0.008789824212129154,1,1,0,0.9574705639150163,1.0
694,0.008789824212129154,0.01879410737006173,0.02395692117449057,0.6470588235294118,0.0045973646483860086,1,1,0,0.9382740973640801,1.0
695,0.0045973646483860086,0.017706250972188732,0.021963430817207433,0.6274509803921569,-0.014858667628714121,1,1,0,0.8478920367072126,1.0
696,-0.014858667628714121,0.020202652051701953,0.020604141533639483,0.19607843137254902,0.013883487934716773,0,0,0,0.9399053170479424,1.0
697,0.013883487934716773,0.020449105389899563,0.01983403363303157,0.7647058823529411,-0.00023926782890007983,1,1,0,0.9555021259419896,1.0
698,-0.00023926782890007983,0.016137924490251598,0.02076977998127363,0.5098039215686274,0.010445986224414647,1,0,0,0.5135960074064239,1.0
699,0.010445986224414647,0.01933074324895425,0.022706995110413734,0.7058823529411765,0.006988338636649061,1,1,0,0.9149434685868805,1.0
700,0.006988338636649061,0.015234812090152006,0.017948456045410083,0.6274509803921569,0.006526706061670441,1,1,0,0.872154749342574,1.0
701,0.006526706061670441,0.016322796465375385,0.02068372501374901,0.6470588235294118,-0.004915087922826236,1,1,0,0.8912299398180603,1.0
702,-0.004915087922826236,0.01459871878161122,0.017624295789264676,0.37254901960784315,-0.009489679654988354,0,0,0,0.5950986491900307,1.0
703,-0.009489679654988354,0.015525019474404926,0.019296989853746532,0.29411764705882354,-0.006576900032861083,0,0,0,0.9078494302438618,1.0
704,-0.006576900032861083,0.016742843349571344,0.022006018464715643,0.37254901960784315,0.0006681728020541841,0,0,0,0.7261038075304268,1.0
705,0.0006681728020541841,0.013514269605029224,0.018581299862580846,0.5490196078431373,-0.019753836451245402,1,0,0,0.5849371403605862,1.0
706,-0.019753836451245402,0.025274618163762263,0.023349292446167683,0.17647058823529413,-0.0027423150619399995,0,0,0,0.9765002093621723,1.0
707,-0.0027423150619399995,0.01696456448445645,0.022636046819409863,0.5098039215686274,0.005302371287786656,0,1,0,0.5695409481482586,1.0
708,0.005302371287786656,0.015508098292429724,0.020846691809722637,0.6470588235294118,-0.006377943321330684,1,1,0,0.7822101162918107,1.0
709,-0.006377943321330684,0.015632411997947186,0.018941290386056443,0.37254901960784315,-0.010878658715557417,0,0,0,0.6498969826314493,1.0
710,-0.010878658715557417,0.018410967103770312,0.021814066274853664,0.21568627450980393,-0.003196686555908293,0,0,0,0.9590235833820056,1.0
711,-0.003196686555908293,0.015061096407227033,0.01832062131080287,0.45098039215686275,-0.01886137825211666,0,0,0,0.6763673372817828,1.0
712,-0.01886137825211666,0.02282458432994423,0.01915944490694648,0.1568627450980392,0.009845169603280832,0,0,0,0.9975529641462468,1.0
713,0.009845169603280832,0.019065405416978265,0.02431503082832278,0.6862745098039216,0.007159714342013405,1,1,0,0.94129259779052,1.0
714,0.007159714342013405,0.01947024879492587,0.02511388174282843,0.7254901960784313,0.0076780897826599385,1,1,0,0.9481466081142981,1.0
715,0.0076780897826599385,0.01951168844651655,0.02345727223556134,0.6470588235294118,0.014633971404266087,1,1,0,0.8485069320517935,1.0
716,0.014633971404266087,0.020258831175972346,0.022972041476811367,0.7647058823529411,0.009093186504154685,1,1,0,0.9838036854549091,1.0
717,0.009093186504154685,0.019872771279205215,0.023442872512736385,0.6470588235294118,-0.0024268729825591105,1,1,0,0.9728783019326067,1.0
718,-0.0024268729825591105,0.016096454838686377,0.019982037692749272,0.43137254901960786,-0.014375617075985146,0,0,0,0.7605437482712284,1.0
719,-0.014375617075985146,0.01713516280407563,0.01881985781349437,0.17647058823529413,0.0026585218734721788,0,0,0,0.9783672239141658,1.0
720,0.0026585218734721788,0.014071921729724114,0.018280433670336837,0.6274509803921569,-0.008128287310468158,1,1,0,0.7737185223697989,1.0
721,-0.008128287310468158,0.018801976699960078,0.02247583859814547,0.35294117647058826,0.00345936962849259,0,0,0,0.8798193681440882,1.0
722,0.00345936962849259,0.01700052396920405,0.02156250381166401,0.5686274509803921,-0.004116309170360696,1,1,0,0.8722007527235565,1.0
723,-0.004116309170360696,0.017565312786506207,0.02175466212270591,0.3333333333333333,-0.007589694373150199,0,1,0,0.5611782437060681,1.0
724,-0.007589694373150199,0.014509191653182665,0.017770425398733327,0.3333333333333333,0.001614923065686046,0,0,0,0.8440374647704887,1.0
725,0.001614923065686046,0.016507240591899133,0.022045629542027656,0.5294117647058824,0.007426651407207452,1,0,0,0.5329753912511412,1.0
726,0.007426651407207452,0.012806023768880077,0.01508547332013126,0.6666666666666666,0.00807195943742533,1,1,0,0.6863023904713419,1.0
727,0.00807195943742533,0.01920381204879691,0.02155997993116068,0.5882352941176471,-0.010086475660736506,1,1,0,0.9684298899968407,1.0
728,-0.010086475660736506,0.01780273124373575,0.020718554780410823,0.2549019607843137,0.02771494935457394,0,0,0,0.9388761256475385,1.0
729,0.02771494935457394,0.029499857915317465,0.019996991883646016,0.9019607843137255,0.004631784223240509,1,1,0,0.995192728241112,1.0
730,0.004631784223240509,0.01769226495517559,0.02355869258120859,0.7254901960784313,0.020522038682878628,1,1,0,0.8614246901842089,1.0
731,0.020522038682878628,0.024882409333753082,0.021207200824928427,0.8823529411764706,0.0043049287256623206,1,1,0,0.998477585306913,1.0
732,0.0043049287256623206,0.016481955922796273,0.021428002410636107,0.5294117647058824,-0.0017095229519507322,1,1,0,0.596130666917943,1.0
733,-0.0017095229519507322,0.01667240240413519,0.02055550887119948,0.5098039215686274,0.007213542335667233,0,0,0,0.5395919055147974,1.0
734,0.007213542335667233,0.01691840361235946,0.022312857785795264,0.6274509803921569,0.0017560627614858965,1,1,0,0.940362414058471,1.0
735,0.0017560627614858965,0.016092602408833315,0.019267457342073132,0.5882352941176471,-0.010345990308645966,1,1,0,0.5666451250144672,1.0
736,-0.010345990308645966,0.019470615388736987,0.02143392191330384,0.3137254901960784,0.011719830808404942,0,0,0,0.9034378208835256,1.0
737,0.011719830808404942,0.017788784604384246,0.020383014580862464,0.6666666666666666,0.014904644342248054,1,1,0,0.8766363417597753,1.0
738,0.014904644342248054,0.01781823050945674,0.0164278782325791,0.8823529411764706,-0.011778588671831413,1,1,0,0.9125007441877409,1.0
739,-0.011778588671831413,0.016210969746442695,0.017112189871314402,0.19607843137254902,0.006143740476916155,0,0,0,0.9312141101162582,1.0
740,0.006143740476916155,0.017242155449513356,0.020037144007165976,0.6666666666666666,0.010769664588636407,1,1,0,0.7417120371521727,1.0
741,0.010769664588636407,0.019097238884173008,0.02203710370251828,0.6862745098039216,0.009687650453929438,1,1,0,0.9744018766190158,1.0
742,0.009687650453929438,0.01625525296092198,0.01886401147037409,0.7450980392156863,0.006403789942233523,1,1,0,0.9288894303816138,1.0
743,0.006403789942233523,0.01992393208812429,0.026085833298937655,0.6274509803921569,-0.006253910809932239,1,1,0,0.916816872063422,1.0
744,-0.006253910809932239,0.01660413562173695,0.019327982615119477,0.3333333333333333,-0.0028461189566281425,0,0,0,0.7196960324176394,1.0
745,-0.0028461189566281425,0.019067592411811655,0.02423415980696331,0.4117647058823529,-0.007986392407515138,0,0,0,0.6503817011093654,1.0
746,-0.007986392407515138,0.014851690756025509,0.017178444553426545,0.3137254901960784,-0.0018161796460096765,0,0,0,0.797206058666504,1.0
747,-0.0018161796460096765,0.014483698479771618,0.01866040203199691,0.45098039215686275,0.018211563299048206,0,0,0,0.5026944899640391,1.0
748,0.018211563299048206,0.02433086147691276,0.02492943075651031,0.803921568627451,-0.01099262705618653,1,1,0,0.9948283335079744,1.0
749,-0.01099262705618653,0.01700297859963273,0.020667959595453103,0.2549019607843137,0.004460255888305965,0,0,0,0.8239140045698539,1.0
750,0.004460255888305965,0.014254162020627487,0.018813742292649455,0.6666666666666666,-0.010806373615614455,1,0,0,0.5572915293329876,1.0
751,-0.010806373615614455,0.015431690300413189,0.015204820709349382,0.23529411764705882,-0.0023720561344347077,0,0,0,0.9673156380547774,1.0
752,-0.0023720561344347077,0.01632979003413764,0.022474824424247992,0.47058823529411764,-0.0005829115081876496,0,0,0,0.816951106324207,1.0
753,-0.0005829115081876496,0.016180642453813773,0.020626004819946458,0.47058823529411764,0.003923353422739677,0,0,0,0.6737828026471374,1.0
754,0.003923353422739677,0.01584908223525071,0.020768174702137158,0.6274509803921569,-0.008033624863347601,1,1,0,0.6356198421593355,1.0
755,-0.008033624863347601,0.013694709116566107,0.014752733809285436,0.27450980392156865,0.00811687681183796,0,0,0,0.9010339825018672,1.0
756,0.00811687681183796,0.015616044003146881,0.020615754023239674,0.6862745098039216,8.35031243652273e-05,1,1,0,0.859823791342779,1.0
757,8.35031243652273e-05,0.01591641362943842,0.020918888792033324,0.49019607843137253,0.0003124752879975305,1,1,0,0.7226047467680595,1.0
758,0.0003124752879975305,0.015527417571271483,0.020673785907319633,0.5882352941176471,-0.0005448490737503977,1,1,0,0.6431634127119952,1.0
759,-0.0005448490737503977,0.014127772551070677,0.018694386493937697,0.43137254901960786,-0.003347996327999756,0,0,0,0.718450678532676,1.0
760,-0.003347996327999756,0.014231535812118551,0.018940184220581892,0.39215686274509803,-0.0011786836102511422,0,0,0,0.7863472460864316,1.0
761,-0.0011786836102511422,0.014089202538348366,0.01761725383650216,0.49019607843137253,0.0062196564683969675,1,0,0,0.6677470776429384,1.0
762,0.0062196564683969675,0.01578578546785119,0.017936565399014403,0.6470588235294118,0.004768118959264183,1,1,0,0.6972694821951227,1.0
763,0.004768118959264183,0.015978928276943853,0.02137728968705393,0.6470588235294118,-0.02971999322729045,1,1,0,0.668976620446378,1.0
764,-0.02971999322729045,0.030380605491448245,0.019761923880241793,0.0196078431372549,-0.0004967988609436462,0,0,0,0.9994442834201497,1.0
765,-0.0004967988609436462,0.016226166321656722,0.021243678792933304,0.49019607843137253,-0.0014005514828432527,1,1,0,0.7389942362443847,1.0
766,-0.0014005514828432527,0.012501073686055002,0.0173817766648201,0.47058823529411764,-0.0034306979790548046,1,0,0,0.5333250344739778,1.0
767,-0.0034306979790548046,0.015823036098577038,0.02324700558738812,0.37254901960784315,-0.002427916818138663,0,1,0,0.7784949204998713,1.0
768,-0.002427916818138663,0.015666045170781216,0.020336066845933812,0.49019607843137253,0.00013711292368041235,0,0,0,0.5308895050226121,1.0
769,0.00013711292368041235,0.014741653821247902,0.020328982392451896,0.5686274509803921,-0.0031999005687860255,1,1,0,0.6018932857478382,1.0
770,-0.0031999005687860255,0.016205040757145777,0.01989559808101697,0.49019607843137253,-0.01767016357436918,0,0,0,0.7433021132908552,1.0
771,-0.01767016357436918,0.020201145592247473,0.01977391000478708,0.17647058823529413,-0.003935266055522315,0,0,0,0.9721396922802121,1.0
772,-0.003935266055522315,0.014089450177796227,0.019434260898159753,0.3333333333333333,0.023050221171920866,0,1,0,0.729133430667368,1.0
773,0.023050221171920866,0.027284010691635337,0.02234567361665412,0.8823529411764706,0.018443314335897514,1,1,0,0.9968166294812976,1.0
774,0.018443314335897514,0.021957354591925722,0.022498244698175705,0.8627450980392157,0.01704855750880548,1,1,0,0.9829596005733803,1.0
775,0.01704855750880548,0.023156428706139993,0.025367745840729324,0.7843137254901961,-0.010492945557705496,1,1,0,0.9853093591613405,1.0
776,-0.010492945557705496,0.01841425641904153,0.02016059901052853,0.3137254901960784,-0.005809005611932621,0,0,0,0.8924675739318242,1.0
777,-0.005809005611932621,0.015360778120874134,0.020072974028876242,0.39215686274509803,0.021067143693522274,0,0,0,0.8562639275226411,1.0
778,0.021067143693522274,0.025951000238037637,0.024763583897466735,0.8431372549019608,-0.0026104450820956205,1,1,0,0.9903577528685198,1.0
779,-0.0026104450820956205,0.018854021174507133,0.02479261166365655,0.45098039215686275,-0.014431830216929653,1,1,0,0.5746565495439326,1.0
780,-0.014431830216929653,0.02002521619965692,0.02096465690169432,0.19607843137254902,0.011598380124330543,0,0,0,0.9379065889967471,1.0
781,0.011598380124330543,0.019548264214203945,0.021375079969521472,0.7058823529411765,0.008772858081409254,1,1,0,0.7119178919565687,1.0
782,0.008772858081409254,0.013514385331512484,0.01439047475472565,0.7254901960784313,-0.004033654536357226,1,1,0,0.8661347662462743,1.0
783,-0.004033654536357226,0.014293463043257994,0.01732296941277304,0.3333333333333333,0.01959046633436992,0,0,0,0.7449474800644063,1.0
784,0.01959046633436992,0.021762617798295976,0.017196933175664487,0.8431372549019608,0.007254979211384412,1,1,0,0.9868477499081547,1.0
785,0.007254979211384412,0.01637506829169706,0.020138142759415046,0.6274509803921569,0.004943324099958166,1,1,0,0.8769756241481608,1.0
786,0.004943324099958166,0.016524676439691195,0.021462591257997946,0.6274509803921569,0.0136562520832242,1,1,0,0.8384763721433267,1.0
787,0.0136562520832242,0.020250050844489945,0.020751689124204654,0.8627450980392157,-0.017891518008740486,1,1,0,0.9423829670792951,1.0
788,-0.017891518008740486,0.02218432655921845,0.0197777885868101,0.13725490196078433,-0.013385888617454173,0,0,0,0.9903942056375648,1.0
789,-0.013385888617454173,0.01965189862310068,0.01978814562789959,0.2549019607843137,-0.006773183179270324,0,0,0,0.8866782274013943,1.0
790,-0.006773183179270324,0.016547174715582896,0.02036593986527767,0.35294117647058826,0.009582561158081577,0,0,0,0.8914674700109408,1.0
791,0.009582561158081577,0.017228119351785046,0.02379094334406505,0.6666666666666666,0.006886554267597157,1,1,0,0.947043883262813,1.0
792,0.006886554267597157,0.014390103705060185,0.018283722010277635,0.6666666666666666,-0.008019027692760491,1,1,0,0.8703055333175397,1.0
793,-0.008019027692760491,0.014295810735768822,0.018695219160733557,0.35294117647058826,0.012846311890568923,0,0,0,0.8806959063119553,1.0
794,0.012846311890568923,0.01807886361252857,0.017936466964700474,0.7450980392156863,0.001184994168291368,1,1,0,0.9755597909589352,1.0
795,0.001184994168291368,0.01686205413301609,0.020676294918247542,0.47058823529411764,-0.0016468755442476531,1,1,0,0.9353898537332959,1.0
796,-0.0016468755442476531,0.016578896675825783,0.021152355885379902,0.43137254901960786,-0.006937702215181771,0,1,0,0.545606948096131,1.0
797,-0.006937702215181771,0.01447530955560252,0.017880760544454383,0.29411764705882354,-0.003846981058709683,0,0,0,0.7672891494238009,1.0
798,-0.003846981058709683,0.02032175284678862,0.02569973019469919,0.49019607843137253,-0.019627391287337394,0,1,0,0.7007258468313436,1.0
799,-0.019627391287337394,0.021378949181810894,0.018282283685195317,0.11764705882352941,-0.00084509556956699,0,0,0,0.9954884410144863,1.0
800,-0.00084509556956699,0.01648514823018061,0.021344651475427096,0.5294117647058824,-0.0013772192944589369,1,1,0,0.8636583899111371,1.0
801,-0.0013772192944589369,0.018538740414828794,0.02534703625816441,0.5882352941176471,-0.003950822343104081,1,1,0,0.7074576454906821,1.0
802,-0.003950822343104081,0.014281949715110548,0.017493824244865012,0.37254901960784315,-0.002891602370353015,0,0,0,0.7634485951430202,1.0
803,-0.002891602370353015,0.016548500881285153,0.020839702048464193,0.45098039215686275,0.0034537100278474995,0,0,0,0.5270382299191277,1.0
804,0.0034537100278474995,0.020210655890780648,0.026580676019991832,0.47058823529411764,0.010495158174015685,0,1,0,0.6194092952016055,1.0
805,0.010495158174015685,0.0174259506883097,0.019139315813335885,0.7254901960784313,-0.009940840983465852,1,1,0,0.9651040502054996,1.0
806,-0.009940840983465852,0.01781832721527343,0.019347162733611332,0.3333333333333333,-0.014496279825350365,0,0,0,0.8982932084231899,1.0
807,-0.014496279825350365,0.020374790793933565,0.021388256362760025,0.23529411764705882,-0.0091847387573406,0,0,0,0.9588640665981634,1.0
808,-0.0091847387573406,0.01933861624516906,0.022577711173540276,0.29411764705882354,-0.0016051290352200886,0,0,0,0.9362140965473522,1.0
809,-0.0016051290352200886,0.014727518755300574,0.020298886834397293,0.45098039215686275,0.005107034998970031,0,0,0,0.7382216176388328,1.0
810,0.005107034998970031,0.016500692835319932,0.020774076539360954,0.5686274509803921,-0.013639490110934715,1,1,0,0.8331533381381884,1.0
811,-0.013639490110934715,0.0179671421103447,0.017972432478320505,0.1568627450980392,-0.014515188148086893,0,0,0,0.9765708361255319,1.0
812,-0.014515188148086893,0.0187716726537889,0.017584362110071045,0.23529411764705882,-0.014911195887099455,0,0,0,0.9687904263491863,1.0
813,-0.014911195887099455,0.01949052300771641,0.018615471402624983,0.21568627450980393,-0.008170342450222062,0,0,0,0.9681403967374809,1.0
814,-0.008170342450222062,0.021157107253626142,0.02361811099741877,0.29411764705882354,0.0043424815645484675,0,0,0,0.9467633724459856,1.0
815,0.0043424815645484675,0.012419258674798803,0.015154617371299538,0.6862745098039216,0.00019342307755907873,1,1,0,0.6367994604677722,1.0
816,0.00019342307755907873,0.018985788209715405,0.02316254024153622,0.47058823529411764,-0.000346662804370879,0,0,0,0.8762876673004204,1.0
817,-0.000346662804370879,0.014745263797974875,0.019085323603066473,0.49019607843137253,0.00955721223416188,0,1,0,0.5822889208536275,1.0
818,0.00955721223416188,0.01767251185620613,0.019695020550964223,0.7254901960784313,0.002322143476931994,1,1,0,0.9638326316624337,1.0
819,0.002322143476931994,0.014555980883497775,0.018537137254865634,0.5882352941176471,-0.0010557038338161332,1,0,0,0.5650400337853166,1.0
820,-0.0010557038338161332,0.015322134727781189,0.019411242256206628,0.4117647058823529,-0.010993636483101546,0,0,0,0.6163826359031667,1.0
821,-0.010993636483101546,0.022797047345995313,0.028523363147506278,0.39215686274509803,0.007633579857026563,0,0,0,0.9555094265646193,1.0
822,0.007633579857026563,0.01836585374339569,0.021682649679106634,0.6470588235294118,-0.007574550554198975,1,1,0,0.9317154674426144,1.0
823,-0.007574550554198975,0.020375076777243983,0.024113951553765157,0.3333333333333333,-8.744249270144358e-05,0,0,0,0.9702259116444409,1.0
824,-8.744249270144358e-05,0.01846671003895969,0.026290138570037886,0.5294117647058824,0.0038415610972968306,1,1,0,0.7408837755469854,1.0
825,0.0038415610972968306,0.014073925760548946,0.017947885881835386,0.5882352941176471,0.002563611496844495,1,1,0,0.5303662741306685,1.0
826,0.002563611496844495,0.014303910231213211,0.01839535845214553,0.5294117647058824,0.001195220350339359,1,1,0,0.7056119329199974,1.0
827,0.001195220350339359,0.016226977967848805,0.020601222982433273,0.5294117647058824,0.014966078276611068,1,1,0,0.6679934383310646,1.0
828,0.014966078276611068,0.01879460338079165,0.019607334971856877,0.8823529411764706,0.005157721785536844,1,1,0,0.9408206630940893,1.0
829,0.005157721785536844,0.014700908170517862,0.019223252857957576,0.6078431372549019,0.013399140944449722,1,1,0,0.8722744111156792,1.0
830,0.013399140944449722,0.020900624825649645,0.024261644259237103,0.7647058823529411,-0.012371361726394322,1,1,0,0.9659618511495031,1.0
831,-0.012371361726394322,0.020218830981099216,0.021504198071820954,0.21568627450980393,0.0047872329967470146,0,0,0,0.9159968349279125,1.0
832,0.0047872329967470146,0.014872175386437772,0.01805345112759448,0.6078431372549019,-0.011427031703276377,1,1,0,0.8208175571514331,1.0
833,-0.011427031703276377,0.018522746540918192,0.018234177222622248,0.23529411764705882,-0.002755490878694823,0,0,0,0.9686564176418386,1.0
834,-0.002755490878694823,0.016423107488106582,0.02153744215600515,0.43137254901960786,0.00970952925403083,0,0,0,0.5007710280095645,1.0
835,0.00970952925403083,0.0164691354142219,0.020068390168408806,0.6666666666666666,-0.0038578759987553265,1,1,0,0.9457762464819653,1.0
836,-0.0038578759987553265,0.013603609029162777,0.016781766305111995,0.4117647058823529,-0.004261522541856911,0,0,0,0.7841316790804115,1.0
837,-0.004261522541856911,0.016092986684058216,0.022482394533948378,0.45098039215686275,-0.009567268999182529,0,0,0,0.8118326191344181,1.0
838,-0.009567268999182529,0.01758875598959374,0.021009255136345602,0.2549019607843137,0.02181091575287636,0,0,0,0.8814187499427447,1.0
839,0.02181091575287636,0.02735429100479219,0.022347877801297465,0.8823529411764706,0.012764534153380344,1,1,0,0.9982851558553814,1.0
840,0.012764534153380344,0.018856043356362553,0.022434610041424517,0.7647058823529411,0.010966980642368212,1,1,0,0.903413520048193,1.0
841,0.010966980642368212,0.017524053334131845,0.021133107833850383,0.6862745098039216,-0.004735591889332907,1,1,0,0.9703359983983896,1.0
842,-0.004735591889332907,0.014171330247107922,0.017343775241275866,0.3333333333333333,0.009741360291432822,0,0,0,0.6775861702423719,1.0
843,0.009741360291432822,0.016018806771264552,0.0200933767656501,0.7843137254901961,0.004367191460059339,1,1,0,0.9261705198665294,1.0
844,0.004367191460059339,0.014690698526269239,0.018010648438023597,0.6470588235294118,0.015175193557300605,1,1,0,0.676289208989972,1.0
845,0.015175193557300605,0.020108830647741716,0.02066498224715937,0.803921568627451,0.006643458717519107,1,1,0,0.9744978075823929,1.0
846,0.006643458717519107,0.017822261577236428,0.02392720417384173,0.6470588235294118,0.008384211690645302,1,1,0,0.8639006365947025,1.0
847,0.008384211690645302,0.01602768694373459,0.02152439828268281,0.7058823529411765,0.012354276419017244,1,1,0,0.9043793350587964,1.0
848,0.012354276419017244,0.020819762962833607,0.025048282653163334,0.7254901960784313,0.015758612369234464,1,1,0,0.997003451055391,1.0
849,0.015758612369234464,0.022290243043254963,0.022608874707047297,0.803921568627451,-0.002883482482721394,1,1,0,0.991662766360861,1.0
850,-0.002883482482721394,0.015549059820564783,0.022306851782371486,0.39215686274509803,0.017206627583108095,0,0,0,0.7012704402607528,1.0
851,0.017206627583108095,0.020614875672641135,0.018187804677233525,0.8235294117647058,-0.005921766832184518,1,1,0,0.9807095676922134,1.0
852,-0.005921766832184518,0.01660427267070299,0.020592873994628808,0.35294117647058826,-0.018830753453754373,0,0,0,0.8435753847161374,1.0
853,-0.018830753453754373,0.02366076599964446,0.024130118555806063,0.17647058823529413,-0.010297126345719882,0,0,0,0.9811670806915177,1.0
854,-0.010297126345719882,0.01810792848607661,0.020780092259875715,0.3137254901960784,-0.0014840785099896113,0,0,0,0.9002079973333859,1.0
855,-0.0014840785099896113,0.015017396249840012,0.02071170223415577,0.47058823529411764,0.01081894642957648,0,1,0,0.5388608168621672,1.0
856,0.01081894642957648,0.01795290422758089,0.019743646701471426,0.7450980392156863,0.011779544074651399,1,1,0,0.9219659105410704,1.0
857,0.011779544074651399,0.019112490448215627,0.02259083606273004,0.7058823529411765,-0.0049067509662594115,1,1,0,0.9773710475015246,1.0
858,-0.0049067509662594115,0.0144210614456994,0.020171975241828486,0.37254901960784315,0.0015101546102087343,0,0,0,0.8659675298041157,1.0
859,0.0015101546102087343,0.021574294068914323,0.029455536027895208,0.5882352941176471,-0.0032656728757731192,1,1,0,0.980795403457071,1.0
860,-0.0032656728757731192,0.017322827912401133,0.02207324539024739,0.5098039215686274,-0.0074917431746726725,0,0,0,0.6548832033220978,1.0
861,-0.0074917431746726725,0.01757341022187857,0.02363516744449004,0.4117647058823529,-0.00708691165058746,0,0,0,0.5863240292486884,1.0
862,-0.00708691165058746,0.013672141814163421,0.017151526583282187,0.3137254901960784,0.0058471958380533606,0,0,0,0.78768022666207,1.0
863,0.0058471958380533606,0.018463114238371593,0.02193610375053952,0.6470588235294118,0.009481960543873293,1,1,0,0.9388677953200956,1.0
864,0.009481960543873293,0.015552087791426188,0.017790495913600858,0.7843137254901961,0.005780325672780439,1,1,0,0.9253186077663549,1.0
865,0.005780325672780439,0.01802157513242678,0.02287517300320749,0.6274509803921569,-0.007516767965014574,1,1,0,0.8215739521313316,1.0
866,-0.007516767965014574,0.016063846216552883,0.01745714340329171,0.29411764705882354,0.009891080136297102,0,0,0,0.9454624707695297,1.0
867,0.009891080136297102,0.016305599713765134,0.01809548026905584,0.7058823529411765,-0.027297829301863207,1,1,0,0.9259395857538525,1.0
868,-0.027297829301863207,0.02903160714165681,0.020862111533157153,0.09803921568627451,0.017730579759830847,0,0,0,0.999291902703493,1.0
869,0.017730579759830847,0.01961173644832287,0.017067575012765835,0.8627450980392157,0.00703965288628696,1,1,0,0.961759856958718,1.0
870,0.00703965288628696,0.014229870112641332,0.016445975833910574,0.7058823529411765,-0.004418344532497856,1,1,0,0.8419045047020502,1.0
871,-0.004418344532497856,0.016736561136975938,0.021881944111827097,0.39215686274509803,0.0037879635262794034,0,0,0,0.5738889422985454,1.0
872,0.0037879635262794034,0.01673364762512373,0.02322023954497385,0.5882352941176471,0.0007548140076852393,1,1,0,0.774349929226732,1.0
873,0.0007548140076852393,0.013252682622755039,0.017795592362490717,0.43137254901960786,0.0039695679759247085,0,1,0,0.6874837448135832,1.0
874,0.0039695679759247085,0.015519867657083679,0.020590759860899224,0.5294117647058824,0.014086782872813732,1,1,0,0.6021565331620308,1.0
875,0.014086782872813732,0.020351150107174223,0.02205744230449457,0.7843137254901961,0.010280814065401269,1,1,0,0.9549256373846333,1.0
876,0.010280814065401269,0.019144784696940812,0.021990345727442965,0.7450980392156863,0.014051680641512023,1,1,0,0.9502262370972795,1.0
877,0.014051680641512023,0.022074726439265127,0.02187747893070813,0.7843137254901961,0.014204856090084202,1,1,0,0.9771117156899732,1.0
878,0.014204856090084202,0.018552260044470015,0.020228459135120974,0.7647058823529411,0.0005866168651672271,1,1,0,0.9389725455296788,1.0
879,0.0005866168651672271,0.016937226717138345,0.02283369900747245,0.39215686274509803,0.008390248260115123,0,1,0,0.6990986195399543,1.0
880,0.008390248260115123,0.017315976309693323,0.021175986693142017,0.6274509803921569,0.02491553351525471,1,1,0,0.8857030606551415,1.0
881,0.02491553351525471,0.027235179182069247,0.02251016521270849,0.9215686274509803,0.007818649162175872,1,1,0,0.9928560721903549,1.0
882,0.007818649162175872,0.016172659203276298,0.02129309823925207,0.6078431372549019,-0.0073740860865720605,1,1,0,0.7694960441350585,1.0
883,-0.0073740860865720605,0.01539465639525726,0.01760974269145347,0.37254901960784315,0.006181340908685559,0,0,0,0.9346100422956732,1.0
884,0.006181340908685559,0.015869549984881336,0.019119108458913056,0.6274509803921569,-0.0012912601958631025,1,1,0,0.821432806250028,1.0
885,-0.0012912601958631025,0.0137715669828708,0.017020085447027333,0.49019607843137253,0.00022664412861960433,0,1,0,0.6437715224868228,1.0
886,0.00022664412861960433,0.015632658614099796,0.02038885606043357,0.47058823529411764,0.00721537963043918,1,1,0,0.5874245841529616,1.0
887,0.00721537963043918,0.013738699198285334,0.017030893372476003,0.6470588235294118,0.004008322909788201,1,1,0,0.8085369173347119,1.0
888,0.004008322909788201,0.012766399475397578,0.016933366060079457,0.5882352941176471,-0.006192027361605688,1,1,0,0.8115262640671632,1.0
889,-0.006192027361605688,0.013805478800271106,0.015929388821434888,0.4117647058823529,-0.012635642391036334,0,0,0,0.8619097250576506,1.0
890,-0.012635642391036334,0.016173962760155484,0.016455535994073036,0.21568627450980393,-0.0016193209373878443,0,0,0,0.972209391362052,1.0
891,-0.0016193209373878443,0.012687102285716621,0.016592176684725943,0.49019607843137253,0.013012868593721616,0,0,0,0.6196008840422643,1.0
892,0.013012868593721616,0.02078345902917605,0.02441446505466806,0.6470588235294118,0.01617432473000471,1,1,0,0.9764219552969965,1.0
893,0.01617432473000471,0.019965538595013967,0.019420912386145142,0.8627450980392157,0.01569594108780371,1,1,0,0.9756432363786298,1.0
894,0.01569594108780371,0.02123903334252073,0.023364840336231884,0.803921568627451,-0.004014546923597911,1,1,0,0.9564241380541427,1.0
895,-0.004014546923597911,0.01003263193733398,0.012917306520904124,0.35294117647058826,0.006742825136109485,0,0,0,0.7897901975401934,1.0
896,0.006742825136109485,0.014872361892517904,0.01726729032761075,0.6470588235294118,-0.018066472764545403,1,1,0,0.7317618988119378,1.0
897,-0.018066472764545403,0.021461485202014196,0.018746345715005802,0.11764705882352941,0.0059275108232671936,0,0,0,0.9885083483067908,1.0
898,0.0059275108232671936,0.015913937606415764,0.019761765005107974,0.6274509803921569,0.0010179958007709162,1,1,0,0.8332027612949893,1.0
899,0.0010179958007709162,0.01876188585283896,0.023949302184348382,0.5098039215686274,-0.003357528483308307,1,1,0,0.6700941674712433,1.0
900,-0.003357528483308307,0.016188606425365803,0.020209301973707745,0.39215686274509803,0.005281846984698266,0,0,0,0.6163780758842938,1.0
901,0.005281846984698266,0.01622570687090869,0.02031867959192457,0.5882352941176471,-0.007064295762089158,1,1,0,0.6927246355423167,1.0
902,-0.007064295762089158,0.0165373041060891,0.020040911514858064,0.29411764705882354,0.004531104412884504,0,0,0,0.8746628378547852,1.0
903,0.004531104412884504,0.01459575375898619,0.018567569638360325,0.5882352941176471,0.0019285490931108137,1,1,0,0.804734221826724,1.0
904,0.0019285490931108137,0.017468922501662855,0.021771296038714402,0.5686274509803921,0.0079368909084008,1,0,0,0.5055268191020286,1.0
905,0.0079368909084008,0.01666489709743741,0.018507307099238316,0.7058823529411765,0.00235606374210704,1,1,0,0.8788761829321546,1.0
906,0.00235606374210704,0.016350222973448375,0.020360864785760113,0.5490196078431373,-0.003020658579342591,1,1,0,0.7612299382425917,1.0
907,-0.003020658579342591,0.015404251649891596,0.020388629225396315,0.45098039215686275,0.009688097306648711,0,0,0,0.616345277648657,1.0
908,0.009688097306648711,0.015551617981637957,0.017091011327931532,0.803921568627451,-0.020603833439763256,1,1,0,0.9323029165598918,1.0
909,-0.020603833439763256,0.022534668542777844,0.018647379403456215,0.11764705882352941,-0.003363123605194503,0,0,0,0.99320125110486,1.0
910,-0.003363123605194503,0.0148903712352523,0.01847111424325133,0.4117647058823529,0.0077611262635206135,0,0,0,0.828999256925951,1.0
911,0.0077611262635206135,0.013800724227520272,0.01685599104796349,0.6862745098039216,0.004897816548627588,1,1,0,0.8991939773484606,1.0
912,0.004897816548627588,0.015912872393373606,0.020632469404927908,0.5882352941176471,-0.011349176085224752,1,1,0,0.9278604236367406,1.0
913,-0.011349176085224752,0.021552372258076144,0.024896340329289876,0.29411764705882354,0.006547157619319361,0,0,0,0.905300814201698,1.0
914,0.006547157619319361,0.017242862180093087,0.021823047151611888,0.7450980392156863,-0.0005622706445607444,1,1,0,0.9127434658592252,1.0
915,-0.0005622706445607444,0.014304406180875104,0.01914553825840258,0.43137254901960786,-0.015288996288696321,0,1,0,0.8247101801639014,1.0
916,-0.015288996288696321,0.020556034270683615,0.021665129506287663,0.19607843137254902,-0.006360922385743194,0,0,0,0.9971319187882262,1.0
917,-0.006360922385743194,0.016015483962994695,0.01903503890043181,0.39215686274509803,-0.0021810842018681158,0,0,0,0.8102448408100174,1.0
918,-0.0021810842018681158,0.016998931888384597,0.022196607650033274,0.5490196078431373,-0.005762234997133578,1,1,0,0.5727191019848789,1.0
919,-0.005762234997133578,0.014884662925530666,0.01946362146736355,0.4117647058823529,0.006480305574357093,0,0,0,0.7925258165982297,1.0
920,0.006480305574357093,0.016367156189732713,0.025209631192260436,0.5490196078431373,0.009623684561116074,1,1,0,0.7705259269109445,1.0
921,0.009623684561116074,0.01661053381741752,0.017984438495335164,0.7058823529411765,-0.011564164006706993,1,1,0,0.9087175753495287,1.0
922,-0.011564164006706993,0.018317278173836455,0.022066359870311043,0.2549019607843137,0.003155868382492005,0,0,0,0.8775326649175701,1.0
923,0.003155868382492005,0.017731019986562735,0.02175353048945531,0.5882352941176471,-0.005264731062603333,1,1,0,0.7490958541398687,1.0
924,-0.005264731062603333,0.0169784889619258,0.020999064236485607,0.4117647058823529,0.0006345091811747025,0,0,0,0.7703698666580173,1.0
925,0.0006345091811747025,0.015593477180175485,0.02003870310582935,0.5098039215686274,-0.0010311199123816449,1,1,0,0.6156120905163343,1.0
926,-0.0010311199123816449,0.014998712702939595,0.018739243616946444,0.4117647058823529,0.002284740011028771,0,0,0,0.6440950256276747,1.0
927,0.002284740011028771,0.01622653289787729,0.022195468572197233,0.45098039215686275,0.013737775153928286,1,1,0,0.56497965726898,1.0
928,0.013737775153928286,0.017792139552019654,0.019854389852130738,0.7450980392156863,0.005490519780185563,1,1,0,0.9162811913945087,1.0
929,0.005490519780185563,0.018660011586042982,0.024592904969433695,0.6078431372549019,-0.01820122134114634,1,1,0,0.9001584034543229,1.0
930,-0.01820122134114634,0.02491560602782526,0.024500656179051974,0.17647058823529413,-0.005827272549663784,0,0,0,0.9676291722813807,1.0
931,-0.005827272549663784,0.015954288857936035,0.018556424076725274,0.43137254901960786,0.008287094262228565,0,0,0,0.8136205001580827,1.0
932,0.008287094262228565,0.014791198971589342,0.018455583046649553,0.6470588235294118,0.0021010324799762446,1,1,0,0.7730042857752643,1.0
933,0.0021010324799762446,0.01563566134256971,0.020472040591153855,0.5098039215686274,0.006380878244449313,1,1,0,0.854522511286862,1.0
934,0.006380878244449313,0.01776061956404574,0.022827670009011498,0.5882352941176471,0.0099390797986169,1,1,0,0.7902051904114391,1.0
935,0.0099390797986169,0.017580934548264367,0.021383374805566617,0.6666666666666666,0.0056763169143636,1,1,0,0.8277598751329845,1.0
936,0.0056763169143636,0.018091439756831106,0.022797526561782085,0.6862745098039216,-0.016060683977507196,1,1,0,0.962384014757572,1.0
937,-0.016060683977507196,0.023769895275190814,0.023634816702390517,0.19607843137254902,-0.0030175434586296184,0,0,0,0.9649490551534144,1.0
938,-0.0030175434586296184,0.01773851985213182,0.023738165269504244,0.35294117647058826,-0.009968926894153478,0,1,0,0.6008780839881855,1.0
939,-0.009968926894153478,0.0160331817383479,0.017083678770282874,0.3137254901960784,0.0006737978371630153,0,0,0,0.9271920002042413,1.0
940,0.0006737978371630153,0.013525860893571391,0.01799311220639933,0.5294117647058824,0.00699350883113972,1,1,0,0.6718399086111332,1.0
941,0.00699350883113972,0.016578837186401678,0.020699543866252848,0.6078431372549019,-0.0032373269094023304,1,1,0,0.7308044641888702,1.0
942,-0.0032373269094023304,0.013668125764259619,0.017359355883124133,0.35294117647058826,-0.0024983248766295768,0,0,0,0.840783693166216,1.0
943,-0.0024983248766295768,0.015797576151056588,0.021543889280644043,0.5294117647058824,-0.0155177288272064,1,1,0,0.7480565051012648,1.0
944,-0.0155177288272064,0.01737496262092023,0.015872000250895725,0.13725490196078433,-0.01817820853542742,0,0,0,0.9709290376422444,1.0
945,-0.01817820853542742,0.020931966514379622,0.018882375398197013,0.11764705882352941,-8.894969323440282e-05,0,0,0,0.9825675565637269,1.0
946,-8.894969323440282e-05,0.013728232812694053,0.018747217751316558,0.43137254901960786,0.010940820025363647,0,1,0,0.7937874638767433,1.0
947,0.010940820025363647,0.01928479140119704,0.022202848393501874,0.7450980392156863,-0.004465216948875936,1,1,0,0.9829886816461056,1.0
948,-0.004465216948875936,0.014812786221244725,0.02072515278048652,0.4117647058823529,-0.015143857694489345,0,0,0,0.8241205651443222,1.0
949,-0.015143857694489345,0.019879932544358648,0.019789542327503268,0.19607843137254902,0.011702660968716994,0,0,0,0.9749580417619702,1.0
950,0.011702660968716994,0.017915320607975,0.01754933058957093,0.7843137254901961,0.00044365201470060266,1,1,0,0.9417670637589328,1.0
951,0.00044365201470060266,0.013883498272058183,0.017829896360438253,0.5490196078431373,0.01974529019956718,1,1,0,0.7309664073629139,1.0
952,0.01974529019956718,0.022604391885069186,0.024336584758489342,0.803921568627451,-0.005252948833757572,1,1,0,0.9907324563883717,1.0
953,-0.005252948833757572,0.015836883846435505,0.021627371626671086,0.49019607843137253,-0.02023766436183226,0,0,0,0.8119658429463247,1.0
954,-0.02023766436183226,0.022148413604352896,0.022497102365002124,0.1568627450980392,-0.004182139817574644,0,0,0,0.951728608860248,1.0
955,-0.004182139817574644,0.013730471923222392,0.01769716225469994,0.39215686274509803,0.002190702240786629,0,0,0,0.7876202907744504,1.0
956,0.002190702240786629,0.015366108674224199,0.019653964202408024,0.6078431372549019,0.022693176365262833,1,1,0,0.7596062211305108,1.0
957,0.022693176365262833,0.02419427059727287,0.022856064268712655,0.9019607843137255,0.006872022720489142,1,1,0,0.9902187720953677,1.0
958,0.006872022720489142,0.01688372874113929,0.020753944264389736,0.6078431372549019,-0.020660067174338527,1,1,0,0.935893774058416,1.0
959,-0.020660067174338527,0.023657178067192187,0.02018864798200504,0.11764705882352941,0.007997006688626095,0,0,0,0.9744115283705427,1.0
960,0.007997006688626095,0.015553383558009008,0.017251414976370186,0.6862745098039216,0.005377582444695139,1,1,0,0.8904930407365481,1.0
961,0.005377582444695139,0.016434895762232418,0.020443417938338888,0.6666666666666666,-0.00518303970319549,1,1,0,0.898213715551946,1.0
962,-0.00518303970319549,0.01664410916140979,0.01974984427674649,0.35294117647058826,-0.007808299476536106,0,0,0,0.8395926331820408,1.0
963,-0.007808299476536106,0.016477779392578558,0.018790937774294185,0.23529411764705882,0.007884960723277268,0,0,0,0.7792252541710006,1.0
964,0.007884960723277268,0.012878407794715673,0.01507732371410441,0.7254901960784313,0.009366127065905535,1,1,0,0.8712539846225295,1.0
965,0.009366127065905535,0.01769531083086587,0.02164253326009935,0.7058823529411765,-0.010894851562794256,1,1,0,0.7943231035839367,1.0
966,-0.010894851562794256,0.02115088841777627,0.026036898183639773,0.3333333333333333,-0.00461414233485792,0,0,0,0.7602220491705647,1.0
967,-0.00461414233485792,0.020441637013150594,0.025962068957400438,0.39215686274509803,0.009486513070892344,0,0,0,0.743064244155159,1.0
968,0.009486513070892344,0.01987309658427163,0.024215007873986366,0.6274509803921569,0.013728676791045325,1,1,0,0.8560464353690441,1.0
969,0.013728676791045325,0.021000371958637496,0.02565773847660908,0.7450980392156863,0.03215082370043418,1,1,0,0.9836979331559651,1.0
970,0.03215082370043418,0.03232207123875081,0.020016681590434134,0.9803921568627451,-0.0036382550179680255,1,1,0,0.9950167038191347,1.0
971,-0.0036382550179680255,0.016253943430010763,0.019960078339093773,0.37254901960784315,-0.002380316134089461,0,0,0,0.8120970260351136,1.0
972,-0.002380316134089461,0.016844839167277526,0.021730855261225677,0.4117647058823529,0.0025072456912248616,0,0,0,0.5181157210963475,1.0
973,0.0025072456912248616,0.015756471594652457,0.02008886048996228,0.5882352941176471,0.0025002744270589323,1,0,0,0.5126391117522351,1.0
974,0.0025002744270589323,0.014389194548823633,0.019627692076646927,0.5490196078431373,0.008090626868158668,1,1,0,0.5094093830897514,1.0
975,0.008090626868158668,0.020333052617737258,0.027370677415948588,0.5098039215686274,-0.0063815040982119165,1,1,0,0.8787108478374285,1.0
976,-0.0063815040982119165,0.018272107750302476,0.022519332440684582,0.39215686274509803,0.019959255006851185,0,0,0,0.6770728399604763,1.0
977,0.019959255006851185,0.02407871491645524,0.02302881531473251,0.803921568627451,-0.0005495072215990291,1,1,0,0.9771450243012403,1.0
978,-0.0005495072215990291,0.014426747651586394,0.018106070518414303,0.5098039215686274,0.0010796802247199824,1,0,0,0.5189721062982559,1.0
979,0.0010796802247199824,0.012459114239573993,0.01605768212176013,0.5294117647058824,-0.004150699781069165,0,0,0,0.7174829289009155,1.0
980,-0.004150699781069165,0.015113880434704031,0.01888669554558918,0.37254901960784315,-0.009287277121278715,0,0,0,0.6265566403748469,1.0
981,-0.009287277121278715,0.016479571858670727,0.01811546468403432,0.23529411764705882,0.011179916963892856,0,0,0,0.9694783519076846,1.0
982,0.011179916963892856,0.01866505535093173,0.020951209916845525,0.7058823529411765,-0.004208098241679935,1,1,0,0.9569750725240119,1.0
983,-0.004208098241679935,0.017131478570349447,0.021499321843944267,0.45098039215686275,-0.0008983367495284367,0,0,0,0.5647208006739206,1.0
984,-0.0008983367495284367,0.015267761540429456,0.021448082614568532,0.45098039215686275,0.006312663352824167,0,0,0,0.5635741005933637,1.0
985,0.006312663352824167,0.01926081277401074,0.0262831386638948,0.5882352941176471,0.010362865424007576,1,1,0,0.6639784994855126,1.0
986,0.010362865424007576,0.017914825670555547,0.02138691845367925,0.6862745098039216,0.0020636212824018518,1,1,0,0.8896866654703763,1.0
987,0.0020636212824018518,0.01371652454350132,0.017054949146188655,0.5294117647058824,0.015242167550852316,1,1,0,0.6126527666712016,1.0
988,0.015242167550852316,0.021092880347919056,0.022624370034898412,0.8235294117647058,0.012233874728884597,1,1,0,0.9786425444390857,1.0
989,0.012233874728884597,0.020411603652742194,0.02423233086153335,0.7254901960784313,0.004408921547008603,1,1,0,0.9788961971505866,1.0
990,0.004408921547008603,0.01878882979540104,0.024494553059902106,0.6078431372549019,-0.000930387778537622,1,1,0,0.869255865864415,1.0
991,-0.000930387778537622,0.017763513862928553,0.023126358032923476,0.47058823529411764,-0.00018694341619987563,0,0,0,0.7532694646424217,1.0
992,-0.00018694341619987563,0.01620981703692867,0.022570753079661436,0.4117647058823529,0.000736594082252893,0,0,0,0.6931408537810799,1.0
993,0.000736594082252893,0.014144790988613707,0.018920268092878896,0.5098039215686274,0.008890172280107897,1,1,0,0.6450433057778119,1.0
994,0.008890172280107897,0.016806171180962077,0.02060296677400786,0.6078431372549019,0.0031590036076691516,1,1,0,0.838818854083665,1.0
995,0.0031590036076691516,0.017260875812310405,0.02265816631634087,0.5294117647058824,0.0009177690096900665,1,1,0,0.7450968297501541,1.0
996,0.0009177690096900665,0.015096091152941324,0.019050340678994738,0.47058823529411764,-0.0044791450726018815,1,0,0,0.6737535594332744,1.0
997,-0.0044791450726018815,0.014084828613377703,0.01759441665511587,0.45098039215686275,-0.016134433101655056,0,0,0,0.7422832727298657,1.0
998,-0.016134433101655056,0.017562659943595422,0.017176069916171786,0.17647058823529413,-0.009422879253440592,0,0,0,0.964763847638029,1.0
999,-0.009422879253440592,0.020248937719268473,0.021677643642299748,0.29411764705882354,,0,0,0,0.9443194620045616,1.0
