time,PC1,PC2,PC3,PC4,PC5,PC6,PC7,PC8,PC9,PC10,PC11,PC12,PC13,PC14,PC15,PC16,PC17,PC18,PC19,PC20,PC21,PC22,PC23,PC24,PC25,PC26,PC27,PC28,PC29,PC30,PC31,PC32,PC33,PC34,PC35,PC36,PC37,PC38,PC39,PC40,PC41,PC42,PC43,PC44,PC45,PC46,PC47,PC48,KMeans_regime,GMM_regime,GMM_max_probability,BayesianGMM_regime,BayesianGMM_max_probability
1,-5.2316225994564,0.7228820287150699,0.023453299105663208,0.7756418125403218,0.5951625395671618,0.9388287274272216,-0.17669185766540424,-1.4424218449104422,1.4549572978313035,0.5978805541190124,-0.07065831604684648,0.7647443735198057,0.46186743536953334,0.9586424484041621,-0.635772260528837,0.3032897846061914,-0.7105671067467934,-1.4133538188429076,-0.7663075181041685,-0.872690781229379,-0.8854413467320312,0.12750509504279461,0.6829750767308218,0.27934701764649805,0.16610332417462478,-0.4703423815218552,-0.21757778357074903,0.8321004208277678,0.3024341464296199,-1.5827593186543416,-0.47700599321155657,-0.3885128065566628,1.0510803884390114,-1.2923469250819253,0.8459944657507256,0.04269748495787847,-0.20888296226874722,0.3451069125041924,-0.6674852922698401,1.102962816965515,0.8338642913550898,-0.500859641051712,0.09875289575723892,-0.7078072040904287,-0.8791770572448828,0.35007215312196777,-0.5141141024055451,0.32581239232399617,0,0,0.9738978919998053,0,1.0
2,-2.0834804522713415,-0.6672978281323284,-0.1408607353947153,3.049877099712241,0.4632323942624472,0.026962910425873402,-0.2357211810522765,-0.25911266080396045,0.8628942180144512,-1.2065576819762904,-0.8167398548657478,-0.17581177809877224,-1.0527693254012809,-1.2136692611827211,0.3449874425541477,-0.33823581395936364,1.3649002921411222,0.13984290094104815,0.023100359990668257,0.20416801821955316,-0.021715329673735677,0.24491269840761626,-1.2307786046175806,0.4285955097974308,-0.7353494808772797,-0.11070960248471862,0.2324476919781553,-0.9713316006874945,-0.067047351415557,-1.2127975965758686,-0.30030167214095504,-1.0754381894876581,0.2059197806036765,0.368076888118861,1.0823747925926674,0.8799052827694416,-0.45100451223501165,0.7929818794942318,-1.3532855713516838,1.0709447993395038,-0.17277149743357675,1.7945034850139565,0.44192914155393515,-1.1205485117717624,2.1475354231399884,0.06606594378897127,0.7727382717115571,0.4001102699448926,0,0,0.7291337648052211,0,1.0
3,-0.08684265173150232,0.33649288855516696,1.122837722557451,-0.6700216132452672,0.5745986610898127,-0.4025148417284841,1.328107513203258,-0.08538339703967081,-0.7253187680406448,-0.10139329366434854,-0.4425063659750065,-1.309603775832504,0.9592284866067,0.2572469878315308,0.5277625418469699,-0.3315392683334941,1.007322066728183,-1.519219909811307,1.9099578035453288,0.0955330154139562,-1.0108496389102923,1.0961985462926085,0.7426667584184768,0.6809464481944031,-1.159688136695023,-0.6926502203427336,0.8378883782099672,-0.5537609989731755,-0.7118350775631029,-0.9357946879501055,0.5430845613858496,-1.248019500055822,-0.3454430258041213,1.0278205082080922,-0.4218549103582662,-1.142086701541339,0.28881447739522703,0.1350180843822093,-0.9460396477734946,-2.209201782091829,0.16824869611415993,0.6355014080973238,0.7258688939902133,0.3588348139503586,-0.8150014314278896,-0.394861760753403,0.45624462687274014,-0.9171399661003927,0,1,0.6655139672540018,0,1.0
4,4.353144684283244,-1.234685329877866,-0.6328381646817078,0.7445727087350286,0.37986657438590576,0.5286119697386327,-0.22308976747267442,-0.15908290410716544,0.1498928528391052,-0.854473406894761,1.5948458615215826,-1.1777757099989385,-0.34098438650239843,-0.22861213863305235,-0.3501419946169108,-1.117608937585938,-0.6228413309859943,1.8678829755561042,-0.8812839398920678,0.626891062821833,1.0718605902669809,0.4000525497170667,0.2720969093378982,-2.0442509264536977,-0.8578871539686739,-0.9367382228372301,-0.044273003787287026,0.7291009616627867,-1.349236697297832,0.74832135189399,-0.19338053445323314,0.46288790788475775,-0.3945863653794873,-0.5724103006901581,0.40929519102665374,-1.2018998351994632,-0.5191558793163928,0.9779539610584702,0.9341990903824844,0.7797262945243144,-0.1663341484727153,-0.0482431695726762,-0.6369434921301274,-0.5753010350020974,-0.05373990468226524,-0.18045157854111463,-0.6735399668770143,-0.5283829956947611,1,1,0.9632726225052433,0,1.0
5,-1.7269966456121837,1.0303446404422183,-1.2112521164585253,-1.136839669427911,0.4709715802347544,0.3824717504128316,-0.7893720187337486,-0.22892228102200957,0.3229762796126588,-0.977961190948535,-0.21088126544739547,0.05278914075511243,-0.7729391504379287,0.049696656698619356,-1.1355231783257118,0.7297446405902126,1.1800906430854397,0.37427819461514195,0.5186404798328015,0.2844463754031554,0.9617103778164201,0.8325949056836158,0.49232907089517497,-0.9050304754793986,-0.23564794573288358,0.27745770040594137,0.577859570896577,0.20082455371574764,0.6647915491074554,1.0594775959843192,-1.230085767842649,-1.0068878019251444,-0.7284307683081037,-0.7110586098746561,0.7203879430237565,0.27821201308716953,-0.8081632901184304,2.8136849270027513,-0.8162826091810295,0.07942784856961263,-0.10492479121740386,0.8990963148952353,0.1768352752306401,1.0408415241090654,0.3335906552685461,-0.6453587203767805,0.7340971679670345,1.7695313742632734,0,0,0.905177431934956,0,1.0
6,3.3727888359882443,2.8659185128086877,2.499605666409908,-0.56386817789976,0.12189497599250382,-0.2586885735640201,0.10598589220083934,-0.8641459112601102,2.6086531890089186,0.20342429383366006,1.0362068152658834,-0.48922543331810336,-0.18501640635402297,-1.0372449897795193,-1.1361961033959456,-0.2351931685707527,-0.417206397941254,-1.2265795354492373,-1.153751743790181,-0.34787673767750266,-1.2317958957213173,0.6785507938493555,0.5164202897346064,-0.45712482594528653,0.7395888260716098,0.976732081612553,2.5315627659178923,0.7167101159051513,-0.2308499178388589,-0.006630386729710904,0.6363399337782976,-0.4057209263774284,0.22882572223752928,-0.8778715444752799,0.05613775600715987,-0.38975828535610274,0.9453716459668129,1.4232363198998927,0.5078361368114627,-0.4496099322042868,-0.2753020735231862,-0.542988492189304,-0.03003091009325699,1.6162235638443876,0.11600078533452378,-0.6989785319049489,0.7677064124977548,-0.024924474890745688,1,1,0.9816654479804736,0,1.0
7,-0.7695195720533878,1.0334797633262534,1.6564166861293297,0.6453518288760363,1.7842623822534913,-1.1579504425175617,-0.06887016278534627,-0.1809201645430761,0.25703969720006287,-1.5615313398822972,0.3715838749557658,1.4359204295276082,0.925115331646681,0.29243268891948654,0.8234075120333285,1.5345755460581374,0.2689424555145455,-0.16207985108001285,0.24258420942824155,1.0667259885714022,1.3071752444076685,-0.2331587925683735,0.22332670069209107,-0.9784071008029868,-0.3086991043113835,0.8262803907813276,0.3216796732270883,0.4205001762372152,-0.19790070924163689,-0.39710022094082387,-0.5779966371355781,0.8047722761920062,-0.12111715223337823,0.4718686134531906,-0.7505187298675662,0.20479158845004342,-0.2217667618854999,0.7149689514573874,0.80350461216901,0.6419352564097992,0.2212809402704935,-1.160486074825807,0.8306388248239789,-1.4922629224502384,-0.4430636050047163,-0.20993473832506704,-0.22875989670625407,-0.026081103706016056,0,1,0.5561994687767846,0,1.0
8,-2.9364798449503877,0.5473638211442253,-1.1004742495406685,1.756124988489326,-0.7607251999301089,0.9197281233382393,-1.1048915305247293,0.03979876280638533,1.5240470921313019,0.8820004949805439,-0.32824753057652706,-0.03852191472039783,0.920693319443399,0.42286939287369046,-0.33682958471158064,0.2432689290091278,-0.9955361448595497,-0.06297936111683666,-1.218884943663441,-2.7061014655079902,-0.3935403139753544,0.5263699814940435,-0.039872230786103115,0.47848218432827366,-0.3952450688338045,-0.7416825665269285,-0.5142739534221886,0.1144421677626164,-0.2807018773208758,1.5086209334910383,-1.0807184609495701,0.2995062559692523,0.9775659960189603,-0.7846534934226327,-0.5411234641488519,-0.3082703775136072,1.6360019567444528,0.7597855474514593,0.5972103889107279,0.03531615685433465,0.2691022804641868,-0.44289346157907217,-0.09098447608473414,1.3753006789833366,-0.4425426013994092,-0.1016884620240476,-0.12735622580835404,-0.9893766166107834,0,0,0.8561318200197888,0,1.0
9,0.7219225096488198,-0.1019622639308523,-0.05341208218924537,0.8357830832587233,-0.2838146588663134,0.7805907560117644,-1.3238611940089793,0.19438142188217844,0.6047654298813312,-0.5223696049736984,-1.2596411832990522,-0.2609766038905727,-0.2839355260564156,1.5447157783578402,0.1802657688613783,-0.5757469557302004,-0.1977253080132825,-0.7141189036894889,-0.6946602554022091,0.9368661078066055,0.9838576541380172,-0.3397530084441196,1.192229937332487,0.7917200811478327,-0.18487672098471086,-0.4304420359335225,1.430880161080831,-1.0402959127999662,-0.240642737891465,-0.17559088800129552,-1.4684640695254607,-0.33197291536206697,-0.9094186131979173,-0.5308661608190296,0.28833028608059896,-0.20906668418609342,-0.02163702201025811,0.06658142782717202,0.7244962838452857,-0.4465903030389912,0.4318156980962201,-0.2765646864133521,-0.03602716299675517,1.0279061691271907,-1.6483234179250004,0.13238502303694274,-0.5353378012317824,1.1677661863393551,1,1,0.7463316012783937,0,1.0
10,2.6816169599186135,3.7829000069624032,3.0614467826232548,-0.22440642355126714,-0.9918335334702945,-0.5980569535799005,0.49940891861000414,0.1010309811942755,0.24583575454296275,0.27164618013029695,0.8271247168465987,-0.2693890170975545,-1.6446247954313213,0.6890918041925241,-0.24363344346530816,1.5557639027915173,0.6098832808797141,0.31927427113659396,-1.7522249019087992,-1.5917517966313608,0.06593747521231337,0.31767663505149274,-0.283167277037202,0.020340759493125624,-0.7067940826018476,-1.9612415654830295,-0.8772998436582942,0.09042113430777521,-0.7093732431113126,0.5980808240213833,0.6337070394262186,-1.301397140479091,1.0907095581138015,0.9785543191815386,-0.0572662820523344,-0.5991618964498863,-0.7158658945389538,0.0945577134672908,0.30569198856843904,1.1012372172862752,1.142539379056224,1.3985189940379166,-1.2349564790463208,0.16963940359226207,1.0715453550030107,0.6625143686849024,-0.07727006719754122,-0.48688455552218285,1,1,0.8602932897670023,0,1.0
11,5.382948852146843,-0.18925627375805995,0.7753063555482959,-0.6187788103361882,0.2935142377594827,0.13281818913487822,0.7574563350532532,-0.701178789155286,0.4231971995743725,0.49786428504017527,0.42884868752710437,0.33535841696260077,-2.2195208272033646,-0.41794566741323647,-1.2072174407931924,-0.058120405487716256,0.44097386146904116,0.07715917642795352,1.2510873894294081,-0.9127297018369877,-1.291552612699469,-1.251537676117617,1.1335562239845947,0.14400234732068531,-0.7338443168586406,1.378936520025692,-0.5475189360699395,-0.5707811403105632,1.1453289831194242,-0.8491295963788058,0.8228571953765434,-1.4346534187291913,0.26111815771260166,1.2438492782323882,1.66173716529093,0.7419242715490608,0.5686488277122101,-1.7397113713181651,2.4011159471487242,1.5483780338545523,2.593074122564008,-0.6474002928323453,-0.2384227172414889,0.37084015884012383,-0.3818878055442611,-1.033623174814278,0.2833869348034789,-0.8890863352080454,1,1,0.9430649962383301,0,1.0
12,-2.1443351751353417,0.6342701996046439,1.1541120533474962,0.6854924459219286,3.3744603699233675,0.24351740249556567,2.594719665774025,-0.9494001643785985,-1.1033150970795191,-0.21201114327273543,-0.2773424873896181,0.050143627010384974,-0.7798339577245009,-0.19525222882952617,-0.5883901847906509,-0.365507741662841,-0.7142609334043101,0.4517606622228601,-1.1779827984651,-1.2894381628570282,0.19977118711106331,0.6582924119527468,-0.5982225791683708,0.78165182070341,-1.263162477364188,0.429081124319901,0.07890453363222487,1.7130581977692005,0.06221118892868848,-0.943751704817426,-0.9984132957546796,0.4414668406289365,-0.45682788095870114,-0.4671602234354428,-0.9894733449830682,-0.6850960712717338,0.12381148615520511,-0.05932153306840397,1.6935907668931618,1.4141041248943287,-0.10324877427317092,-0.7518408083501238,0.30035757327653495,0.1337217679813235,0.6603615591493827,0.36974614243887016,0.0482316986751292,0.25401743851990527,0,0,0.8151107677568373,0,1.0
13,2.2845015512022746,1.5364427401497263,-0.21081941461225853,1.5262949066322233,1.1090618383890039,1.2405249861721999,0.47506786115286626,-0.1375586139315125,1.2575207403323885,0.38862684507080236,-1.1625009101268926,1.2049332925212097,1.382671388654098,0.5999676432712374,-0.0950529758179069,-0.6925183058482421,1.8821125396807108,-1.6621129923660904,0.32032938345999573,1.4829937853595847,0.43861228510218203,1.798082281985332,-0.9531873601901264,0.8434028542203109,-0.7551102925500092,-0.8689042371670929,-0.2083605699054739,1.4403590664359291,0.9757760597772549,0.9104853612380349,0.9335786625925536,-0.08902386834676115,-0.6478931599019321,0.44092528890805727,-0.14521381689955765,1.0143660070227523,-0.970895186534111,-1.0319498951764443,-0.20517948604908634,-0.6607042740441965,0.007465507179069399,0.6092539533742461,0.24503289840805864,-0.05735524806378373,-0.5020391642217185,-0.570907669401217,-0.6925056117478432,-0.3818234548203138,1,1,0.8489114262996046,0,1.0
14,-0.7060283302858412,-1.930819893728135,-0.10890008883319907,-0.4035871019948789,-2.4591799682254423,-0.6721487191859284,-0.7612016884260333,0.4453324295567692,0.5496627552119885,1.1585528100648328,-0.7621138954748345,-1.1198252741669474,-1.401111285275251,-0.16739323669245312,-0.04395574096782862,0.2106855714717651,-0.5809616265541017,-0.4151625157150431,-0.3422836785738712,-0.37039428264281726,-0.7716830378330226,-0.7353321335117856,1.3929948008801232,0.5788629082437398,-0.12021350252029875,-0.6413776227356561,0.4427423766074845,-1.1090323530613517,0.4033428239822158,0.9983529039618582,1.2468690878255764,0.2031441374142787,-0.30079255281215345,2.26566908592068,0.05799350148186077,-1.452588580818925,1.2088463017051945,-0.8159010627676468,-0.48028018725494187,0.382600664101518,-0.6934286275847454,0.6663618281329949,-0.776880773369097,1.0876162741329347,-0.7897595127827863,-0.6235660499105684,0.24883578290216318,1.8357401277393766,0,0,0.6541952723972255,0,1.0
15,0.9228958680820052,-1.6988280720822917,2.004714689364578,-0.00760586339195772,0.6690671503772206,-0.8707095917775968,-1.3925192356922398,0.26206315351905574,-1.3318401818944146,1.0474522448240728,0.43868001871475637,0.6729887670818521,-1.7653594929338015,0.5672777571262522,-1.771131793607,-0.09512257146844301,-1.042252581533685,0.29416001240424017,-0.2505999048144565,0.5193905416671326,2.1765164590707373,0.11154075009348298,0.32002985076702983,-1.2125183552663392,0.36652699377865006,-0.9424446835577492,-0.2805627900900051,0.3910652864240577,-0.8101069405691471,0.3230126731302819,0.5297794540877222,0.497586845034341,-0.44071082417394947,-0.3969211459762482,1.3934194921168352,-1.131637541196427,0.4603442481055171,-0.16085520286372534,1.3399555106866932,-0.9470897934744539,-0.24869558224210772,-0.631262319377188,-0.7415286611717598,-0.02686688175566035,0.5675566076590499,0.2634251710368292,-0.6595871602936773,-0.24120683837549495,1,1,0.8387268545208132,0,1.0
16,1.6417636472213748,-1.6858860481628053,0.4752445145811609,-0.9038808911879177,-1.5283781706181176,1.6736895618571608,-0.0828276988180017,-0.39354540802863563,-0.03975365315513465,-0.910301467007945,-0.6861041695173713,-1.1319737796236848,-0.7193554839647763,-0.12450600173247053,-0.5883548163985142,-1.0254895555381824,-1.0911555003098101,0.4578438292028019,0.6295091308893002,0.028610829005385443,1.4916834849618847,-0.08390590968912462,-0.45879281361947516,-1.2039218154844542,1.8975030442876784,-0.5795149774274123,0.39206465713646427,-0.6685155040008137,-1.0482544719587619,0.6329003872094333,0.9986550068592055,0.29255304402375165,1.7141357006073557,-0.44924279081408264,-0.9332316164281425,0.584015897368028,0.05254272347208214,0.23184335786006355,-0.8115768495075453,-0.8909213418273648,-0.25272500491030514,-0.5919375896749036,0.1349697226414978,-0.3366019794402412,0.25835819620967637,0.02061588400515306,0.9557079835334903,-0.23620734406945196,1,1,0.6920697943174079,0,1.0
17,-0.68745360671188,0.7701021509313924,0.96021585099762,-0.06099346765612218,-0.7706706653517834,0.7132913864391048,1.2722925939654008,-0.6027822687495209,0.14228687643549387,-0.8066744122124241,0.17529314248299915,2.0381327308411477,-1.3162657323777807,-1.1714000166377492,1.6744600003339856,1.0434541506592176,-0.822837002560869,0.9484606530288662,1.6964244801427364,0.8429885830750771,0.32955061104566774,0.5045061363536458,1.1869772204187359,-0.2461333692363793,0.2592456633348611,0.46954248849189834,-0.7366219267778877,-1.266588324936899,-0.4840167923263807,0.3607632755275096,0.6203122374901059,-0.01041027149561175,-0.3329104876211205,-0.09633634925461194,-0.4902498895591667,-0.2286436767351241,-0.2382278765507374,-0.44474300882374534,0.12496270565264063,0.3212816840855302,0.9256882490421908,0.2885786869129683,1.2178855195111882,0.38189676369443054,-0.10564615810605169,0.03390245886821501,0.05811122477962127,-0.3705256190434563,0,0,0.5171915541870592,0,1.0
18,-1.0865398393019543,-2.197755716078355,0.2939450676097519,-0.7947282559765856,-0.1645750137325902,-0.29846058711643175,1.0637459881852391,-0.41511335083020134,0.7459405078684054,0.16889407662609873,0.5626326068972592,0.5337774409242816,-2.388307264123777,-0.019623954370968262,-0.7693289881105736,0.3325402604314195,-0.083416799510095,-0.64727867634637,0.2020762989432174,1.7288467783711567,1.5049395135130796,-1.050584326589301,-1.0042103133928693,1.2735592344404512,0.6474050437239028,1.1760145575819325,1.1047686597752309,-1.3944157143085192,-0.14708002713034068,-0.13865184433672115,1.9486266452708312,-0.7081721029234431,-1.3394855162819805,-0.5091119841991314,0.4914486008932895,0.9905285218082825,-0.2622593089374229,0.69289239120592,0.09921037698553294,0.8876808970033631,-0.4456097973206799,-0.2179242785400711,-0.7236100041161784,0.08630458833172455,-0.34417944434645364,-0.2937967308698721,1.0853750348653166,-1.5695406383210324,0,0,0.6137178775001668,0,1.0
19,-0.680674215015153,0.09678667783283623,-1.0468749869895364,0.01659475536661138,-0.8414635310166348,-0.813667649164021,-1.90199649577783,-0.2539167548532237,-0.6315140638508807,0.020502107974512646,0.47412935488259844,-0.8559490874871323,1.1483754903260392,0.13568724027668094,0.3108192237401437,1.2064337322136471,-0.6613240740735947,0.2772213576062788,-0.8809293275923404,0.9794057942885724,-0.3949460593218569,0.17511561212164423,0.22058507825052856,1.1418535802115792,0.5519837542029028,-1.3202729213145785,-1.1999800084064072,-1.0911549278537942,-1.1804095536391161,-0.5070482337980817,-0.10928265440936738,0.3078227775441826,-0.31634249310958446,1.1344462981532253,-1.5701721856730626,0.2578106331841935,0.5274106484715625,-0.33499338276568347,0.2682858041562448,0.7430410275820005,0.07956274449142652,-0.08047556912792644,1.2102324439075862,-0.6502306379027509,0.11234346175186348,-0.014213637708784145,0.9403006923570139,-1.2602816462611062,0,0,0.5454636131073886,0,1.0
20,-1.8337117661952196,2.2796568710674943,0.912401068591079,-1.671195741993048,-0.8179802358923682,0.09284121036749879,1.7060670321353804,0.5879193597948845,-0.7609507630104876,0.8955564516630308,0.12526752507583888,0.9683807282886052,1.8476353404704922,0.1908486028472963,1.340927007726575,-0.5006604212227781,-0.7034680880194295,-1.8657196719012392,0.012333651282714164,0.607600166068676,0.5008980887018828,-0.05328912242878513,0.2668724138907111,-0.6270630112855712,0.5582230407910661,0.4796015433217546,1.600228981940328,-0.049671507620458175,1.057125116020791,0.34074726908347264,0.8297759926083877,0.5752350842529644,-0.2604971330340342,0.6288695693871595,0.4501806458273033,0.5725309162714396,-0.2969130875625066,0.3762462312624619,1.1532702078480452,0.3455614519415229,0.784120964444065,-0.04568866900816959,-0.6284665018577045,0.9117253669904918,0.9180448332183523,0.8687315917444198,-1.184900064780799,-0.6440576009363496,0,0,0.7123126357301072,0,1.0
21,-2.4335509986097605,-0.7445622643015365,-0.5896940863000143,-0.8307558036408994,0.21602853271234068,0.9908211977846145,-1.5637212744998314,-1.6290705544031745,0.7903719425079115,0.9724995674461393,0.4025240089695725,0.6330169634551658,0.7171715493937478,-1.2076130649293024,-0.0387699473816291,-0.14827073262011498,0.9742187930924422,-0.512967346851003,1.4430446527891998,2.226752445217694,0.9714034549419831,1.8847860100751614,0.359025540572932,0.6476410414856374,0.3737246451940653,0.33058856813219645,1.5363742913800096,-0.5106596218102588,-0.7973444279842595,-0.1895903147444099,-1.092536643059063,0.658619987889614,0.65378448150718,0.539125699057608,-0.8730251086636253,1.5462915674767421,-0.42094459576380533,-1.4003434280431226,0.03084612832441266,0.05477266838568111,0.6729185053391789,0.5183903343207458,0.1615819006048517,0.2727601615089443,0.2698287007990752,1.2812666894801377,-0.13696075559961896,-0.2669519118299551,0,0,0.8040737052681695,0,1.0
22,1.8683031354225597,-1.3281682558425287,0.4133700849048575,-2.0547573672748407,-1.1483261712134394,-1.429456656228586,1.3593842993435712,-0.27492802977036984,-0.29493131150214114,0.006507260073486967,-0.3624153915425296,0.527703330466416,1.4380496500849798,1.1131830992899554,1.437900707362614,-0.614691203840668,-0.4100598027988454,-0.13360847217904182,0.34313451272260886,1.8406135141299085,-0.35874000730435057,-0.1980575226214091,0.2786267851617376,0.8686771372727923,-0.6507950550207818,0.9759716054442307,-1.0864467724558688,0.36911053639816704,0.9499588023536985,0.1707764017323953,0.48310642459183223,-1.1419469088489331,1.6092103748038937,0.010723168241194337,1.290357588910259,0.054130786848643093,0.4018021338685711,-1.0530197638271444,0.33399540168951847,-1.7457777951937863,-0.40312214884553516,0.462164809847928,-1.3416638616884766,-0.2706443879920389,0.29975395209455624,0.343793876100757,0.7976271702577775,-0.8843131714454223,1,1,0.7994561912035643,0,1.0
23,3.128952683283763,-0.6395365073317999,-1.9168455034701943,-1.1928279806058357,-0.9705844645611847,-1.768792399478702,0.1400844771949095,-0.6991619677156937,0.7782846392006896,0.4152754653333094,0.9584120995630614,-0.11952040514014839,0.1606187453374398,0.0958148851718249,-0.05020353079336571,-0.934100652527949,-1.2979773988776155,-0.19907670655180948,-0.9344715236662572,-0.5032353302192856,-0.24632227338280163,0.47158798595813295,-0.5500473500755214,-1.4026767033555527,0.20871143534744002,-0.22203121680341234,-1.3771012651401053,0.6491016010207552,-0.12656420087964834,-0.7366481438978835,-1.0092497122696542,0.5177865222372832,-0.011339314383818452,2.3149823114533503,0.2192318604702555,0.6651607601450027,0.5982247489405798,-0.26075978409691064,-0.35630525864786294,0.2757083279880062,-0.678108588356218,-1.3868830312942297,0.8341143557670033,0.051624054495326,0.5060157240868658,1.4628298899074448,0.9419320209164835,-0.9354219226311049,1,1,0.9274478726200962,0,1.0
24,-0.7311612302296797,-0.9018289552827499,1.4441098878695033,0.662840382851067,0.8895538234220457,-1.1156990430956768,-0.6714376578206778,0.3273688204661748,-0.20134375909974458,-0.19566156650855013,1.0819597553886968,1.021018238611359,2.150459509830606,0.24325917954889664,-0.3738122955336569,0.16176807212160582,0.13214813835160402,0.9689549811233567,0.6920916457585908,0.2618733876831418,0.5594807138202617,-0.6203259275895986,-0.8273783601303565,-0.6546948341476556,-0.11857816854502284,0.47083524877742783,0.4240690051840156,-0.019689079201899908,0.549701665352399,-0.16577783523199596,-0.22246182124273478,-0.018291869773282593,0.2920335028487772,1.0867242375199169,-0.01156556930834743,0.8428820153332078,-1.110855283409147,-0.04211752228320956,0.01757378479301633,-0.2151098408055216,0.709368815760702,0.7493664783907944,-0.8783792731914881,0.2666268387874977,0.22506667663635394,-0.6691078628642825,-0.961270202010341,0.5742397623363414,0,0,0.6975952760687066,0,1.0
25,-3.040620327004548,-1.5304445766877741,-0.5160795003563763,-1.6009788536776492,0.19970006162059267,-0.1386108120729575,-1.2685515151844513,-0.6840845169136671,0.6718464156238176,-1.1019047397322947,-0.8639239564128288,-1.959807506908691,0.825149090194089,0.10253733991252283,0.36331248915549774,-2.2793146202556387,-0.5305571236701107,-1.1461619020639477,-0.22318881135559074,0.9037725885967194,-0.03664480907758295,-0.5431365450238915,-0.6847830456366426,0.7066563723650333,-1.0653042885454553,-1.3899270835595015,-0.1578026924350563,-0.08240476252144502,1.1902492884994529,-1.1126044366501393,1.0405172699433598,-0.5750629320668067,-0.5077785504921337,1.0736516617006013,0.227640549546073,-0.4678111818577026,1.3214864250047003,-0.8562168393767337,1.1685254676993808,0.09278913186593038,-0.7832470667284274,0.0906842805060925,0.4437990621412293,-0.6374215985279729,-0.33347240851903864,-0.7708124613224598,0.7595847730310774,-0.6979737326622335,0,0,0.9265965138573157,0,1.0
26,1.585821698922059,0.4939947077360925,-2.3665468708494215,0.09586932586297671,-0.19908780208252666,-0.9957093480505228,0.719985100695437,0.5795298810026716,-1.7871523655422206,1.193555847050311,-0.3925153783743384,1.2547371545758281,-0.042005982797838334,-0.1727436476911692,-0.45560941989737086,0.5171169808983971,-0.3474524572504731,1.0632833750476107,1.288081722141906,0.10181920795493316,2.001417784045774,0.03821210522727434,-1.2847082445045153,-0.14555979454970566,1.38855358485125,0.3393298980191076,1.3191458795191966,0.44936696389173264,-1.486200037671608,-0.37471741257668995,0.04779536415891865,0.9491242679230155,-0.3350271808075422,0.6300756104262536,-0.8483440101333448,-0.5828889153022532,0.00823503713256388,-0.7550091304618709,-0.30942557699724527,-0.07780593051497453,-0.7281436550412562,1.3860521844906024,0.2410577147448777,0.05513771281774976,-0.29852585840918805,0.020001463043872052,0.2626318106111331,-0.5852426415138638,1,1,0.9075055630463622,0,1.0
27,-0.9289681262116053,-0.8563508522444836,-1.5386128468192826,-1.666621952420794,-0.1822656984206669,-0.07841580937345065,-0.6738548932877171,-0.031338040112521406,0.4524190147284851,-0.7013054631008632,0.08775860506581004,0.17042845153505165,-3.198373129434601,-0.9950523370010698,-1.409724376126219,0.39469073875704824,-0.9553143053886315,0.10818411014554137,1.7806233692672186,0.2556222570090736,-0.35363518872994265,0.623811605234726,-0.23007134919382344,1.021829843496891,0.3519271686389202,-1.7722216308174783,0.1315946404019699,0.28159031463027745,0.7028593335002055,0.8583295182990408,0.0854752246174443,0.1757852207796745,1.0672965870232032,0.9202977213501534,-0.6526320492478561,0.3718345151273829,-0.6498441878765486,1.0208049411816214,-1.5744002636727275,0.6813716065119313,-0.61422767537137,0.5853191056671351,-1.0362459333099308,-0.6825513100825856,-0.8079734103047298,-0.7414574454826143,0.5053362755524479,-0.44564455481148696,0,0,0.6688731722535445,0,1.0
28,1.8587670381215526,-1.222153077628189,3.210816956255376,-1.4472248321229966,-0.7072898476996216,-0.6108692357014074,0.661592877991987,1.681991227507521,0.36730422693513465,-1.4202901178040797,-0.14897724876503107,0.12419633895005451,-0.05309404518670094,0.4999645208002103,-0.46653453082882695,0.92619450964394,-0.4835737947059217,0.909777736176274,0.9425254343751949,0.10034580107486928,-0.4515928584303341,-0.5799165187922115,-1.3833704009099572,0.3230277078367361,-0.4545354638140692,-1.5043734573450247,-1.3224628342732823,-0.703092980843489,-1.2945162936767074,1.4628298825626016,0.8391673911852707,-0.05245611984840672,-0.9501783513647103,0.07036876116409918,-0.5126578105586344,-0.20435521289189412,0.7648988277185338,-0.24398775311796847,-0.055482110966305245,-0.2239186905012153,-0.5971794520186483,0.48346127092631513,-0.05765554117821896,0.10430798725705014,0.17165995799166178,0.24093842079942362,-1.1670998102307162,-0.200977048863833,1,1,0.7340475646772434,0,1.0
29,-0.8859329177025024,0.3725396156247342,0.3017228393641723,0.456378135811394,-0.9781127094459899,1.0855169717889452,1.006543889936714,-1.8617123741823847,1.5892682051928242,2.0469060867853077,1.021087094795797,0.3836794291142407,-1.1941414009825435,1.1527249247109117,-0.05114212987597636,0.18124471917669224,-2.2955482580506197,-0.27208841392538674,-0.712587501089649,1.5221600734347003,-0.008509043860855285,-0.11124692000267458,0.20763074902895953,0.2729256891397636,0.7753975035240718,-0.31701681543173726,-1.453116013380161,0.6944490807461148,-0.04423934021356632,-0.8578174156411772,-0.8748536040220162,-0.6944198395312786,0.30304915286538225,-0.23558174750917918,-0.40658183502335093,1.0048945237071458,0.5813120565067567,-0.3450017121968915,-0.047710452346202165,0.41324621144779505,-0.2661006110956407,-0.6390727408401581,0.111517364654943,0.4753896754164441,-0.9027669014265554,0.3236890150335217,0.41632856733547424,0.15141949072110297,0,0,0.6806467161901254,0,1.0
30,0.4024051072505542,-1.9559739910189664,1.95144277055381,0.17460129721252196,-1.319995280618899,2.0773402416343942,0.10424670021614844,0.4847238876668756,0.5865803300807292,0.43163194511921915,0.24233009763705832,-0.552358284172315,-0.5495553189253309,-0.11545787453422311,-1.0040075326580726,0.847550031889975,0.27690491619470986,0.9093868348322507,0.314710735844573,2.473528181038794,-0.1911900798922252,-0.687553677309693,0.45037290596890794,-0.33246254046989304,0.37508275468727753,-0.812130569365975,-0.5341124699010521,-0.45468847492834824,0.6002879430886022,0.9365257220846398,0.7277725738146835,0.19681762038718206,-0.9274836674633948,0.7163568051955064,0.18743933724429263,-0.5571682012202668,-0.2271285952350827,0.7132151285138274,-0.05333575417577656,-0.3228125838664885,0.3364295525101862,1.150983418771878,-0.8611010157452776,0.10847406466771875,0.4045104685602594,0.06751466870890856,0.33486319148403454,0.2942117716864803,1,1,0.5154383233940809,0,1.0
31,3.782260927494326,2.4742419171411028,-0.15859950795047437,-1.4196043685140853,-0.6565170669926738,-0.5213722269633843,-0.25243570030198426,0.16049889033869272,-0.7896615573969679,-0.6668832906521578,1.5180650285356785,1.0286005512087832,-0.08176453600891281,1.76772880989398,-0.5125987764421804,1.6266819279819429,-1.4378274931899995,-0.19169512506547415,0.9122515830243962,0.04716540223561445,0.7492970783183895,0.4959635480219366,-0.10554105736236462,-0.5360219504370388,-0.6565700296209086,1.2091793705472536,0.9690636452049107,0.9083564419985664,1.3055144333239628,0.949287183116459,-1.3699837000053945,1.4062058520122027,1.9484731891666769,0.8840967354292875,-0.3992778212399621,-1.0667525726527796,-0.7146574229337687,-0.13941625580915906,-1.0784090413449496,0.5718426787737674,-0.9020190616761069,0.614631681754203,-0.3993446967757323,0.42454334950518086,1.2443056687767202,0.6135248154357686,0.17107926055716885,-0.5700378865127014,1,1,0.9390236797242518,0,1.0
32,1.1521784890814502,-1.0256666967213761,0.6980792024463596,-0.42570775558430507,-0.9435946093957047,-1.4020910478774082,0.4548472527797682,-0.3143489099246188,-0.35399146633735373,1.5881458013199046,0.226252137345045,0.5063535985123884,-0.6572004535380411,-0.5517629650800923,0.09123940558238365,0.3382020576276324,0.028815450047961023,-0.13640098008122145,-1.4622825252240683,-0.5536446757380311,-1.4167701980255099,-0.6814544279260633,0.7110292953905719,0.6745423916088177,-0.0034852092525047913,-1.368835978592038,1.1971429911352018,0.14116628612209878,0.46279974745516594,1.1612020707362645,0.9008045999273738,-0.012883059701470613,0.6825356299537031,0.30444181684379923,0.9112348137277289,0.024510815495967942,0.06803270390490784,0.16311129127609555,0.41116217260304666,-0.8423607842700352,-1.6974313461195651,0.46688860471353444,1.4749821432336485,-0.9646791817217852,-0.2970066573042714,-0.04397741598003723,0.1490019940980012,-1.3659210009799432,1,1,0.8127716668953611,0,1.0
33,-3.1249041619172915,-2.2013388265330893,-1.5565726624417044,-1.046556865062312,0.2316965676701369,0.5007222270175313,-0.7309769600322761,0.42194094132439475,-0.798523645037107,-1.612432017939901,-1.1104294047372547,-0.45677189060000883,0.2536539260971102,0.9995527487471486,-2.4095324004415657,1.199404813277643,2.1157789221853616,0.6034269777958894,0.8103312252958694,-0.3182484720432047,-1.073830892070984,-0.13603300460239212,-0.3148710818518504,0.21266884691223245,1.7523522011501718,0.7797781764139284,-0.43854374378371663,1.7847791102096897,-0.028515062800378924,0.011894685823038858,0.023027592805239708,1.256867939351704,0.3726516289386905,-0.6852968617253489,0.6092768294420314,-0.5659858733187039,0.69811065250541,-0.5573658149688447,-0.056385342791760794,-1.051410980238689,-0.04615503683718797,-0.37412435527664517,0.9222843855366698,0.140695119528338,-0.27830518175151076,-0.7044937836986191,-0.09558384402061218,-0.32089224134937855,0,0,0.9095949301461698,0,1.0
34,2.381028965395119,0.24457575319322972,-0.2724143208809346,0.7328454292483029,1.4795512761525762,0.6907605527918044,0.8405489329592654,0.14943592588602067,1.0955432122821827,0.9792434680993801,0.37757098608981043,0.24290237102267503,-1.384558102104374,-0.22617982704280457,-1.332430323914233,-0.8193245913918903,0.30194878016911897,0.9545139586117002,1.2129541129283035,0.7809504788325763,-1.1997435117793993,1.2601401258746963,2.5539555096123516,0.6190111127424808,2.5922418277348003,-1.3103560110031278,0.3916234809877987,-0.4324564053596358,-0.75840772798536,0.60321847825772,-1.5480685672346426,0.7354484761576948,0.4159518488572724,-0.8751418294982587,-0.5250755628177597,1.0253544023922954,0.9728449038117891,0.8870570065923887,0.13168041560598256,0.01973951756144557,-0.11609079615964722,-0.8737138478802828,-0.6815603359850559,0.5261599830995447,-0.24272432929936297,-0.08801595905556306,-0.8065764946708895,-0.20548703499814502,1,1,0.7606460754252446,0,1.0
35,-6.049583248587814,1.2809545217393636,-0.9311207431490421,1.4155206096371753,1.2100734409259606,0.7864950722037221,-0.3283943967005738,2.124262358079178,0.9911906808559989,-0.11010225439789877,-0.3386314083626744,-0.590628311204424,0.3529120334914352,-1.5298884724639297,1.56141653410038,-0.5259418105143723,-0.19134615666628144,-0.31327687167135265,-0.11204828143845874,1.2733937460755576,-0.3461923231574483,0.2030010630972903,-0.4108720852588154,-0.17823974302920648,0.6030359082304534,0.23131503796301012,-0.34021695141830016,0.55945784361614,0.8583931715260402,-1.028232067116987,0.3172562911666707,-0.7323586075985933,-0.9293485106665974,-0.9333881629163108,-0.30234290736788794,-0.4533419376811405,0.01601666291622832,0.5985767269695192,0.6743255159055965,-1.3729397255054048,0.1334123945891642,1.212954359019255,0.06629047259302333,-0.7059927894660568,0.7773072362011318,-0.3179247229755118,-0.4132617331476849,0.8101037109885406,0,0,0.9869836499314155,0,1.0
36,-1.9806803882656447,-1.082019263405893,1.5895354290024508,1.3322342131492717,-0.48360410788592356,2.301942705510437,0.7700567259488432,2.295553051524604,0.8147041991302709,1.0996253688989883,0.0777436584748582,-0.3293666336475724,-0.027712602687947677,0.5720513409271232,0.7524617567651186,0.8000340734801761,0.975840820433439,-0.13856361107083887,-1.1678554769765481,-0.847012156989003,-2.0330609151778507,1.9737348741609775,0.43334913308009704,-0.5133401463621243,-0.05280325624125127,-0.23173589029447897,-1.2669774819800323,-0.4377521712993823,-1.0184145342723656,1.0977230649315184,0.8222937929356099,-0.11835065057504777,0.18714249390653054,0.27990753614580854,-0.873130721410478,0.752960700028368,-0.4157760567040591,-1.4984904150148604,-0.24476079639754947,0.32823627006859746,-0.7289473748344832,0.1851344462466107,-0.756327645081781,0.7968285362345648,0.5259371669615582,-0.12112789888035791,0.6614574507520402,-0.7589801814981418,0,0,0.6706756877594471,0,1.0
37,1.7214502180007967,0.1255035336841481,2.126324634553996,-0.0865218417864969,-0.4121673492888908,0.3324237130288945,-0.7332819740674379,1.8795427050374038,1.3607627046029647,-0.47708406538611114,0.41886695794925005,-0.5100495985427268,-0.5307070105739133,-0.217529756488686,0.15381870039086018,-0.2836743686228262,-0.6907858154589235,2.516598054524018,-0.9931711579731268,1.389349636332316,-0.6848819684516697,0.15658453269712666,-1.0915097569429526,1.4938897630197934,-1.4841710691902714,-0.6910721655328396,0.7900855636558182,1.0676469957154953,-0.5842524026495701,1.6372536450800594,0.13062610126478133,0.19196995221056531,-0.21681702213093043,-0.5851876053781058,0.5818771785569127,-0.7662112770062833,0.8854408863221694,-0.03458181292290089,0.208738240722067,-0.7431156639674745,0.023635368008118003,0.05908415211651377,0.4905454013285581,-0.16455980771071632,0.6068928630057463,1.040752016362623,0.0876501556054609,0.39898828522100666,1,1,0.8005372763325419,0,1.0
38,0.7203852036282211,0.9714406717759315,0.15438001037476012,-0.12044590889396388,0.34024799803034017,2.9882022678888,-1.5803571954155324,-1.2348836033974513,-0.0203933800104214,1.780102445194474,0.7414152810216499,-0.5984285473710933,-0.18728349727701227,-0.8493922848235452,0.3220842268277825,-0.7844567597481712,-1.0951182164345772,0.9101603730465335,0.0739353468457443,-1.4993797633045425,-0.1886218715074233,-0.6640602983785743,-0.15410292451831156,-1.8632745909229282,0.668832557679129,0.37369453561345983,0.21695236016199965,0.22424791319511345,0.4563109556138579,0.7466507947986661,-0.6712815688032974,-0.21423423336747674,0.2061672597215294,-0.34266326066358505,1.7643824081892208,0.39947155802561635,0.6674548636718494,-0.35290912652456413,0.45591404400054386,0.10827264658459144,0.17420503871123524,0.24411603367967813,-0.31357358713785544,-0.25244277884674443,0.26753995503156675,-0.2603972151667506,-0.3466865440232099,0.6150114138918176,1,1,0.7319900077432864,0,1.0
39,-1.1161706804374805,-0.29411198596859517,0.16726139627499065,-0.8520927502440253,-0.49498936407329086,1.3961998544222223,0.23368178838784795,-0.40716184202249295,0.5099353244106202,-0.986214813048526,0.708330513783472,0.09310021603568851,-1.3420209772622775,-1.418893299659075,-1.3137773464264153,-0.44584169351811015,0.12527576195281928,-0.6478900218254001,-1.3892243662047095,-0.43586301950798295,-0.6099957512121075,0.44812417427538537,-0.6854625997826304,0.9096850270408035,-1.2571366724373856,-1.3226245240512948,-0.5142937548990264,0.3355817500427378,0.16612264699450197,-0.5036165562581851,-1.2490955971809932,1.0843479865632566,0.8686099309561239,-1.310617888780693,-0.5328941418237548,-1.4915989557956788,0.11674176286398681,-0.3919604812529859,-0.6558581324857535,-0.46191419942532597,0.42779494791553935,0.22146786915533329,-1.1295226543601604,0.9750998965718821,0.14042661407762647,0.7329727546037254,-0.5243947520958663,0.20826554976299905,0,0,0.8374299289854035,0,1.0
40,3.0283932950213734,-1.9806597137970123,-0.019253245947558985,1.2987585763722092,-0.044696132993373446,0.5025808128386828,-0.6566066718139401,1.7342064643065787,0.13545189899021792,-1.8166530346640972,0.2786492189692581,0.5220818288803578,1.309935621673079,0.7386812365489919,2.0357601778256216,1.1217064418984892,-1.7592614251962257,0.8667272507363565,-0.21240330610054917,-0.3284321267524757,-0.5090312481930203,1.790651739947165,0.1126549043701107,-0.7605811339486341,-0.33914454902958946,0.5297294987083989,1.5196840082281782,2.232708471134747,0.40892855305210346,-0.35615315375715006,-0.41430673334082374,0.3119044767992595,-0.06391436309086909,-0.2172453094220805,-0.32522063541825713,0.05731900461702283,-0.24046179523870456,0.25230844146768916,-0.022566347106599573,0.29043046795430527,0.02069136441039238,1.4723413575569542,1.8215771453701526,-1.282706322688911,-0.0970388316133825,0.12141040077259514,0.051395790731048115,-0.2223428447291599,1,1,0.9802683276403146,0,1.0
41,-2.6060839922032497,2.525594900359944,-2.232536862718145,1.1825693957447987,-1.4139663799721136,-2.286078403900495,-2.522536929254542,-0.8774372279675725,0.6929450351309147,0.48382431744554494,0.21808431083021448,0.0794689684276534,1.817862566826239,0.6785545503329062,0.54415996128035,1.0006932843699885,-0.1728838984065632,0.127794729754222,-0.5914268499167951,-0.9505325478536838,0.013788232184117235,0.24056965292252266,0.21227275561165282,0.8178708968330535,-0.5558014148347109,0.08212906416832393,0.264133750605807,0.2325030693354441,0.33738144921584645,0.41610257445692866,0.6281324277070803,-0.23507296358545884,0.5012568174452106,-0.30157428826033555,-0.1006646193353992,-0.3204076068316805,-0.47516343766372265,-0.1901117431666283,1.5138021579658105,0.41163592732344334,0.37164228817471756,0.544482518710274,-0.7558944492390955,0.19965059259956544,1.8029582376729936,-0.6977806582685123,-0.1090170679795447,0.1103489022170505,0,0,0.7329307021936735,0,1.0
42,0.6849199653025168,-0.8008952571083084,2.1417830593786973,0.2056875958181414,0.5788946603022694,-0.5635653951521767,-0.5692187129811931,-0.35052004949261817,-0.18738111106378452,1.6246933369333298,-0.8928420042056776,0.5610936165422407,-0.6905331865044634,-0.08745188699848738,2.400894974172829,0.43037169718569235,0.20234059665464024,0.6828897226551185,1.3116616217910837,-1.180115254038598,-1.185391533095886,0.17206566929475312,-0.5342950658582002,0.33726248758615757,-0.46452588782120446,1.371149955956448,0.7713977336800705,0.7091588799521595,1.2326026346290293,-2.2243317012697514,0.5011078131109281,-0.6919700091216368,0.10805443542093172,0.9189326951547538,0.27691337211232186,-0.14850405795124216,0.5166297129656306,0.3266331659259902,-0.19060118643777288,1.5445560877035807,-0.3339365322984404,0.7693431414267735,0.36823666478185724,0.3166768974750604,-1.5269030639228396,-0.4722813526048493,-0.37576230721093834,-0.9079201140783093,1,1,0.7163957211508046,0,1.0
43,3.763678895843084,-0.3234260232731106,1.183926410364287,0.03660392679482219,-0.42821595758752806,-0.35329678625758737,-0.8250439443415611,1.2144744911964707,0.5347421124664165,-2.6181298859825124,-0.8516392678366876,1.677373427594919,-0.30207380556422897,0.023103352056317947,-0.7096562226210638,0.006904062138755891,-0.40122014169002745,0.3063083974774681,0.09210205928719704,-0.5416030257650445,0.8161843805429618,0.5919541482016687,-1.2831217796913246,0.9027599710359765,-0.45869506742899163,-1.172345296457956,0.7906328784027824,-1.1952738325238679,-0.67094128179844,-0.1963300391738827,0.41820895277961084,0.14006831085504126,0.04102937101644123,-0.8051572037513357,0.5525920465595816,0.1898613131022809,-0.7733805425946546,0.01465124213048304,0.0189133266861551,0.1919668232955163,-0.8405268806054306,0.09734295200663375,0.16504268739851008,-0.04066110834583185,-0.8934743235086249,0.028275243179040798,0.5900749682036157,0.07000363955464471,1,1,0.8828799677944529,0,1.0
44,-0.704746765620267,3.220717630951903,-0.769713548157707,-0.379800349179213,-2.0603707493313745,1.1245276932857167,1.570348238668688,0.6222382664181649,1.6485878262726061,0.14949567495118377,-0.6138606836968384,-0.21285535376864587,0.4640409598998412,0.22814870324101155,0.6203874598975212,-0.11270549227678542,-1.135382739272188,-1.109476648861906,1.1641023446477194,-0.36115056482636543,-0.043676573370516156,-0.5966976521167643,-0.4531359347653549,-0.9875606623321506,-0.26972379977703087,-1.3826362904840508,0.3733762111490828,-0.13036312841111566,-0.10088494217154657,-0.3354892734588526,1.2292601476086156,0.2152804013525051,0.37590363834846885,0.6697144911962292,-0.1808665193233043,2.046071925869936,0.17915351690317824,0.33442604335264914,1.8558554485242387,-0.3758028437644202,-0.5663830619382124,-0.2204492005693203,-0.8854240272993339,-0.8058977716629379,0.786823456465135,0.517831957383662,-0.7201814977331567,0.8225590277123062,0,0,0.7363372212602096,0,1.0
45,-0.5771709213581278,2.843091117665621,-1.9837521492467933,-0.7910087453107589,-0.7130872906209129,-2.0309175002318187,2.655075898964482,0.08270734870772906,0.36401157894529396,-0.056472419322161106,-0.24883680575853998,-0.3714889016613198,1.2260399981837156,-1.0397321497445355,-0.8497594525198606,-0.3313156571677156,-0.70202040951809,0.38621999132337165,0.10016605058066307,-0.01837416403017598,-1.9604599472373891,-1.9107672969972394,-0.3839996694967522,-0.42377745126938904,-0.36679051943348123,-0.6431242983009198,-0.227820555702778,0.2782376514523742,0.7921828619168777,-0.2548234715217509,0.48301198459696243,0.4097818240058308,-0.019309159642940107,0.3357261651872061,0.21866876886681658,0.07825269496998975,0.5680982468915847,-0.8935051143422053,0.595710737934802,-0.6707730425766517,0.989514595461266,0.9513437140828763,1.1274537587560793,1.213439885953391,-0.14964457916651838,2.0927145013216064,0.23327048344292017,1.3036484864597564,0,1,0.8123423080083212,0,1.0
46,-4.054648088814779,0.08933748780394894,1.3712397180580511,-0.19021642925328439,-0.9269192592362459,1.0145953988703116,-0.7153752039881482,0.1528682611168661,-1.4274736993614288,-0.03391480715624772,-0.4053195603051912,2.0448578421617856,-0.21479999310592224,-0.04596600588312575,1.1806230260215405,0.5244312692312806,-1.7720891541405863,1.4965743331827652,-0.6185264470976588,-1.0184560109273366,-1.1125425858864197,-0.9790684623280913,-0.3308214793047215,0.7471051217662275,-0.4568554463794471,1.4471052666120874,-0.4028163727139228,0.37624058747709316,-0.612477175286825,-0.2165373012183904,0.00033934133006913555,-0.8218544556063335,0.5599623507723853,1.511524636549866,-0.7298883383925745,1.858007498262799,-0.6297490453292666,-0.31749232234529196,-1.2059487291328568,0.9097787767735808,-0.16683101770979464,-1.4921634036560087,-0.20343918984810486,-0.37706768660682793,-0.3134630486563638,-0.2984454792589951,-2.051641020970108,-1.1061651138069044,0,0,0.9599166315122152,0,1.0
47,-3.1191087732716123,1.0692205628748794,-0.7670974230197936,-1.1593928979703987,-1.0109271176017063,-0.8367805588247796,-1.474071855831378,-0.7302008868736131,0.42845408234438725,0.09741784108889465,-1.1312157550783988,1.1964142225368548,-0.7881452229693503,0.5733262400621069,0.659120789326588,0.048603674500410275,0.3748986874853425,0.8287187206566855,0.0007399426203623608,1.8159512144002408,-0.010738493423003426,-1.5733359223834753,-0.0955247328368991,-0.836537149643889,0.031245837629967486,-0.01100357862475712,1.0018967599119406,0.39661509843991116,-0.8016358058194842,-0.5207158682529869,0.4890317543949501,0.30900181521504283,-0.14375406304956073,0.5310060123120309,0.36955431898319707,-1.5500560287037615,0.6386452230460951,0.018853780663376927,0.6044882819406914,-0.15461091869875182,-0.2567648587130421,-0.26689826020254254,0.61498011672114,0.4625229472140522,-0.8098967265808427,-2.1241935727614063,0.43218589836469185,0.20571334790420567,0,0,0.8337462832722358,0,1.0
48,-8.77373925524922,-0.13085097496258297,-0.3502704502627237,0.14256078730758284,0.30765625620413856,-0.50025038766307,-2.0314374760345606,-0.1954192322482001,-0.8651555490051176,-0.04266854009694398,-0.24703922223589636,-1.632457770022492,-0.6692365565586573,-0.19393707975488408,-1.0521857885061572,1.1697455004935093,-0.30028816409918924,0.27871874761446336,-0.7411278133493193,-0.7821622561219597,0.42512657595126807,0.08510477643122746,-0.9417927020858735,0.18018920076443226,-0.348989216555453,-0.14642579348919232,0.36592237364615976,-0.03680374890972022,1.0502850060976852,-1.305430625348548,-0.12541120131065092,0.907807409278095,-1.0198341436410387,-0.22411356209824257,1.0040971480265306,-0.18256714095734372,2.107113789646518,-0.002809151662097337,-0.42515278202216245,-0.42459220511432594,0.644316912969342,-0.4163648322170607,0.23677997736101045,0.6292905048054238,-0.4556800840386491,1.0893566049737964,-0.4747850193147894,-0.4108442780974565,0,0,0.9988887431774515,0,1.0
49,-2.961619029017096,2.2383633260273643,-1.8582558936672129,0.36045366202100954,-0.563733485276545,-1.2319933170245432,0.3240789566244411,-0.3006025361636373,0.8400080361561524,0.08688309165781327,-0.7075790654965758,1.4892302078780537,1.0024119430728784,0.46020025452843283,-0.4126105812848014,0.1739159749586156,0.5549361514947517,1.5800501434141927,-1.2623494175575296,0.08471609623516274,-0.03402260995713674,-1.7527166977645081,-0.9726474349764214,-0.7798897863059906,0.6132125945849887,-0.3420214547133443,-1.4632825460151366,-1.9307705775535975,-0.7914060753362447,-0.8350870294879073,-1.2323568479302065,-1.7530533353816233,-0.6032124490075269,-0.7005676328090428,-0.25284152512677915,-1.4643527428145002,0.5240881330122119,-0.8684813964921609,-0.07196534613331036,0.4200208485450446,0.2402569804362938,-1.4787907526858382,0.48999599745715894,-0.6059797489171767,0.3143239287503785,-0.8012261360874696,-0.24204653070234936,-0.13983921180860756,0,0,0.7948762287364027,0,1.0
50,-4.129371044404059,-1.4061860133025066,0.003152081862207638,0.09154089163493122,0.7126657581433022,1.547973139594328,-1.3357149492074945,0.07667075649881377,-0.3460596242409085,-0.043376041875692085,0.9101883726382078,-0.16338248318452694,-0.8552396631606075,-0.5899125219007365,1.056377152054158,-0.4795977823514931,-0.8369289804821715,-0.27863347561263835,-0.4539281040893764,-0.7701599141759425,-0.3749592331187889,-1.1822149272682807,1.5032138548476308,-0.2577215343620266,-0.655229085472873,0.6729244107776126,-0.06698862574116708,-0.6635358377287665,-0.5803756479515594,0.6003001189785221,0.35743702181380155,0.8273522057679852,0.3726825646512702,-1.5953245162564007,-0.4843994020793804,0.08534235395484602,-0.37534083376605376,0.14947847980894127,-0.7511612262852246,0.5511087352441666,0.5057821020170921,-2.1843040497377704,-0.45321880654407365,0.12627531444751514,0.8010874676217659,1.226051052739751,-0.1077050688891509,-1.6991331138805517,0,0,0.9332576724421782,0,1.0
51,-0.0820459556063196,1.1508579985071745,0.1299692479202858,2.487022283248199,0.3202092088040929,1.1080743227673269,-0.20366774914878566,-0.34952052055454036,-1.083748027823468,0.682112202526248,0.6406015028719053,-1.1823211660011814,-0.027752544097365956,-0.3622897856593206,-1.757013745289457,-1.1486089737212182,-0.9105670436616219,1.4999900069755125,0.44548924215334934,1.093925196799458,0.8610155115134045,0.1818805329872495,0.024588283292132158,0.3699792127616108,-1.5801881167240468,0.32567566271431664,0.5478833591460526,-0.7491118365558713,0.5901979833288324,-0.37940688114202564,-1.1133941639554001,-0.7525938359587805,-0.27956800131619336,-0.7230892986385731,-0.3490018143115143,0.28146451189278937,0.8249010816164057,-1.1809756768948971,1.7877620909115324,0.9715812725978952,0.5013218317544449,0.7123828176366929,-0.6189595615167061,-0.10653186605223303,-0.30957470328588793,-0.007596935035637924,1.1119308365004064,0.3145426287790618,0,0,0.5977358545867201,0,1.0
52,1.2319018474340548,2.2535546792188814,-1.5353696429359989,-0.3383425103102605,0.7649860948504212,-0.11867146161572778,-2.0431195614919258,-0.08268783451989381,0.696839412431004,-0.35752884202751467,-1.0117381436252963,-0.8348369245275238,1.8500615300162848,0.17136245714849285,0.9234302878397438,-0.08123257362652742,-0.05469511434848809,-0.06185802093853796,0.37619711487218116,-0.571655734618892,-0.003762878375702068,0.23839376903115544,-0.9925581351311059,0.556511839656828,-0.4928918290511237,-0.8280665485185895,-0.5574560244732161,0.29332467238709997,-1.3687539135529465,-0.9096386433294326,0.04539475497114862,0.13593713339890487,-0.30720357846917956,-0.3363314944836124,0.1601838411981301,-0.14231827892976712,0.808619046638166,0.2201730311770723,-0.5432736622256601,-0.25761566930436974,1.122940863441249,-0.05175675295939466,-0.6994124427011262,-0.42171766456237436,-0.9665924098394159,-0.24624403524763464,1.0312605048085184,-0.25439212446383425,1,1,0.5905856648896396,0,1.0
53,-4.796274650270135,1.5777257984903235,-0.16511657529057894,-0.5685253780117521,-1.946698489620099,-0.765823516980596,1.930074905433866,0.02720285989735283,0.5578013049802543,-0.2875222058498998,0.8606153632979875,0.6471100665975005,0.35900540461131425,0.02305166261512329,0.22131099567137286,-1.0039623355567662,0.8728118005737228,0.3941816201223787,0.23186979902996047,-1.0127094450707645,1.748913962379773,-0.12428088687996124,2.1640542120500936,-0.5123643788577918,1.5721140543234744,-1.4546411817663403,0.3420923372713168,0.48816686069072146,1.0296487333266864,0.8063217438635591,0.3241465133672751,0.07936147395327205,-0.4805721401838191,-0.8006328675063261,0.6955992413491119,-0.7037249767821202,-0.36780544207297683,1.3050654279040632,-0.736653360112363,-0.3574016722617193,0.05033024206291801,1.0080916184127893,-1.9749071511031542,-0.5847162330142208,-0.2597652531584579,0.08630870291286621,-0.2505165399629494,0.19579500926619975,0,0,0.9696309602714831,0,1.0
54,0.15065025827450837,-1.2669184314738402,1.9579907137288288,1.6067358447957378,-0.3118988801879906,0.9480806610735325,-1.8290629582009483,-1.3102638310603583,0.9518529658186464,1.1075256112294696,0.343530110697773,0.8820601998625506,-1.4018362854060753,1.092664241944834,0.527531691835441,0.531768460568571,-0.33886005948182507,1.1367513866225742,-0.6909934997759073,0.6206675219951444,-0.8186448421700592,-0.634658720611215,-1.5837376075582545,0.12048799571937464,-0.3428198294421689,0.20177457684869815,1.3210573186354615,0.5910715842158708,-0.2494066557156669,-1.0599481857529638,-0.8811248001777671,0.5331462449588433,-0.9092664405905185,-0.5896457364286957,-0.5148420828529832,0.19964502818112156,1.1551181213387978,0.016226320892972847,0.6842311053498846,-1.3644057950004664,1.031037715811059,0.49556926041352534,-0.30670786770092573,-1.4118851973636275,-0.43449083962046026,-0.6285932252872362,-0.17068687818474637,-0.7661897793519281,1,1,0.6984093858017311,0,1.0
55,8.05353536120243,0.3524102129399675,-0.47920443950250874,-2.0371976326932586,-1.2424137891571394,2.0223815928366466,0.5367648478447203,1.4449842993275688,0.8197702555892834,0.6246696342339114,2.4073289304916883,-0.21046507278900028,-2.3310792967859717,0.23020168634998828,0.49192093155092886,-1.130703507971942,1.299615488693714,-0.38747815628042215,1.8473658968137696,-0.6879902261453025,-1.3902873885193097,0.1807413663837829,-0.8894496394039928,-1.2780416991335375,-0.663719932252966,-1.08926131463161,-1.5528368376643733,-0.3605664399080156,-0.15839958496337644,-0.08113167305998734,1.6974765342468687,0.35428407476682344,-0.8062882548762859,0.04550014998523329,-0.2721773378942407,-0.14823608594420223,-0.36771264728734276,0.28334494021635376,0.2216931768627955,0.3722699779396191,0.648013967164308,-0.21614632136274503,-0.3515129940517406,1.1875294342168,-1.0056603940728719,0.5864397947312623,0.1713533295408393,-0.1370490419057008,1,1,0.9982831567227982,0,1.0
56,0.806446389489476,2.296735136536959,-0.2133951620082808,-0.24523429279474313,-0.8685243153839203,1.5741347796184935,0.04725793713646519,1.7460955982229398,-0.4316835374238578,-1.5077816438655334,-1.6526207245098303,-0.3830713232876834,-1.6862366014291665,-0.004310907847930909,-0.8263270881592547,0.2504696144313851,1.3263298263022647,0.9594968222925394,-0.41917152945701835,0.45558402325037145,0.6226230891829954,0.718522793259881,1.4517147488996536,-0.6174152632570543,-0.7684905514575269,1.2487675736347703,0.7271884929044493,-0.48395501006248376,0.29288731790776995,-0.01504964841102567,-0.49179844553852464,-0.5066663655143593,0.44968128080434033,-0.12469138201803628,-0.9606163918047731,0.7626757298917004,1.3049350633027033,0.6529317193662849,-0.6405543922212341,-0.23752911103970667,-0.11532942499605382,-0.3336907160567202,0.585808089815271,-0.14763403374945788,-0.5244206500969286,-0.2131655737170285,0.2567803384407921,-0.15943317943315788,1,0,0.5901572363043055,0,1.0
57,-2.2321577851170766,0.18777478218799573,1.733806257708555,-0.05954038778232557,-0.5645962582915812,0.5801163122161948,-0.17535070493397506,1.430682251713685,0.045699920441010865,-1.7416703242841387,2.172567586297761,0.1478052112340249,0.2926543947257802,-1.6309443667585193,-0.29423749279134354,-0.1664557425307796,1.2440149991382925,1.5906953156294763,-0.5516425658167435,-0.8149948525703593,-0.388371992427383,0.9972492099035644,0.23440263119005955,-0.37312122558676547,1.7888226589751144,-0.825736411676739,0.6961655238335243,-0.9934935284810319,-0.4341030717923114,-0.8560372620764682,1.3302144250500585,-1.6688288441327443,0.20141627405747248,-1.199386968183483,0.6837135989457547,-0.6895553025005927,0.30726813231780187,-0.6764428259469683,0.18612718171925327,-0.5422072792973289,-0.3609987096021055,-0.3377350156092525,-0.44275138886782905,0.18702932148956772,-0.04295621071907334,-0.431564695639483,0.18216298594706032,-0.7671193865922993,0,0,0.9111448646856813,0,1.0
58,0.9688643495060145,0.61434452351786,-0.38049746027290304,0.504731529080231,0.8879944336465818,2.3861139947273076,-1.0914292040724876,0.29608755917435875,1.2512947860888877,0.562895478094248,-0.5654036687815163,-0.752967570637414,0.20988801217621358,-0.046222449486542264,-1.0052982764838618,0.7321121613702567,1.157989868164953,0.424177312169825,-0.020439722441848038,0.5667995755449845,1.3261723536015895,-0.69032479442522,0.814470732104043,0.41615032587782097,1.529935924587328,0.925936362118861,1.6611057010866295,0.40424121675798946,0.49746496397836093,0.48035318047618414,-0.9216648160360572,1.0432561644617522,0.24605820012306695,0.1470418995141018,-0.43672624157246576,0.02751329296875807,-0.05204321580725638,-0.551795634266103,-0.506488859517947,0.4793447589205925,0.40612058951716784,-0.6912162561150982,1.4915804618421111,0.2547748558041818,0.7594949242505538,-0.6304364965737899,0.3391323571746858,0.5436120231677386,1,1,0.689243902231391,0,1.0
59,-0.41447832085759007,-1.2647385912862483,-2.4743380626668587,1.1718928727209046,-0.3823010598880182,-0.5325255815166896,-0.015099335061060124,0.855513439595367,0.11691656067942525,-0.8432095851166508,2.6540948154130692,-0.5479972537175185,0.42747365880761945,-0.7952119466065924,1.0364212535119117,1.0702655484410246,0.3910983286694446,-0.6126562592793525,-1.1276376769333394,-0.6945399881677675,0.40437684852540695,-1.0528734996036737,0.47759370831438114,0.850037138079551,-0.5772229189223328,1.800779545151011,0.03712113516881671,-0.44913979599519493,-1.0668332329738908,-0.5531380728686911,-0.343611617332164,-0.5291821018251465,-0.496520578073064,-0.5512453005695697,-0.45268832328533615,-1.4982842943335855,0.8222089018863249,-0.4731905084383631,-1.256471733641205,-1.6491632461613994,-0.28467684782602465,-0.2886820849490221,-0.7683626823055562,0.7819440651145702,-0.17636870951397754,0.4597085413691985,-0.1605402147026135,-0.40371004925314785,0,1,0.5451205116464387,0,1.0
60,2.76863548913632,-1.4262779840844881,-0.7399950226823915,1.0502422120751005,-0.1937632469867103,-1.0062944644534475,0.07394144201473023,0.8307090790984331,0.49480872424884287,0.23824510031190113,-0.47388049538856825,0.2527040202269277,-0.0059756983704106125,-0.42873190558153085,0.6648940310230923,-0.3080957844217082,0.26944268510014574,-0.6448463588598691,0.2152142668007187,-1.1045093331404643,0.7084957093240888,-0.6631570494974296,-0.8968673575907774,0.7088059889248078,-0.19699623602806388,-0.4876393950269799,0.26588473390077266,1.342403345410134,0.4909258915517753,0.1441671751030472,-0.3898959852420025,0.16350641498988155,-0.07472871286767839,0.3423236224461174,-0.21938548397598695,-0.25650286786763227,-0.475531968647679,-0.8843087069817672,-1.1884311564046734,2.19189137187225,-0.546821043528198,-1.0013865812623743,0.16234980809757504,0.5795575107967699,0.9312650904764957,-0.6579699815061273,-0.2383294536222152,0.15690618344598706,1,1,0.9227054334382985,0,1.0
61,3.3860928617900794,-1.5121808341366862,-1.2663097346814636,0.7437410884675607,1.5902343826978371,-0.3256256655749541,0.18280699689868324,0.053788732539159306,0.4225431218633883,-0.7498869895697741,-0.6445743636974058,-0.37252802440078003,0.37335354474089777,-0.44538094115635396,0.7555260792738847,1.1765824179093414,0.1609662398751839,-1.2523437163737219,-0.4972742398190042,-0.24943936877966036,-0.4402760228198807,-0.8537003751183072,0.09929734573573007,0.20871543376224314,-1.3510526975069255,-0.6488890739631958,-0.9274577737860943,0.9551109797692582,0.7834532424306848,1.0959293170191868,0.5772048872580248,-0.1928433761711503,0.8373686217666167,0.5834163634336519,-1.4627334993476295,0.455831741204812,0.8195990150307938,1.0636582294441166,-0.6941394110927301,-1.416510693807624,1.307667317063975,1.2747782826476333,-0.5327764921041874,0.4297956136748732,-0.013964815461948193,0.26961959995566137,0.020981891237249358,0.05019719156559013,1,1,0.875579900620177,0,1.0
62,-3.4825035149663046,0.7777800733059751,-2.962829266812146,-1.1077720384758623,-0.09684076334070076,-0.44345783640988945,0.6146359578072431,-1.528964303871308,0.5027512477954391,0.7807766520526422,-0.6333080616504346,0.9389870119806927,1.0858859395617084,0.07039510294935479,-0.6319058251742772,1.4454798646101594,0.47681393580125686,0.18927096276800295,-1.1186085440831064,-0.6078182988683299,1.0108696025331938,0.9279357594409328,0.06789744152339945,0.7988782131534315,-1.3072342627785865,-1.1772245125685648,-0.23312153233745775,-0.2018997212648737,0.34476842381426565,-0.37969725390403275,-0.3154974029793426,-0.9963691488276372,-0.582278861013724,0.3379031715122689,0.13264526935852866,1.4061700901201901,-0.9481958620045245,-0.46371526697533916,-1.3959657713602882,-0.7816430184776808,0.6046188393379084,0.01718715917452176,-0.19782252226264394,0.09747953359335164,0.7744143383288713,-0.6859524305329454,0.14095014896794344,-0.9359987044009264,0,0,0.9614171865049314,0,1.0
63,-2.879985049223511,-5.348665511409785,0.6334138256517821,1.063546306265353,-0.9686478924446227,-1.156562901361027,-1.5590429381795479,0.023281060441752544,-0.5626560450809194,-0.11589526747729516,-0.21617979497075712,1.404807841007583,0.28882110982592096,-0.1889767140838573,0.42905067889639087,0.5279312533814127,2.0327946015513496,-0.11828778295607831,-1.1359819172221781,0.7410663077170504,1.547430632624563,-0.4452593638368849,0.20898214921726485,0.9455351884866465,1.2715956671453015,1.1736753126607586,0.4878679195835722,-0.9843093304849033,-0.19603298244104292,0.4056883851500167,0.33355213065633676,-0.31894063591091776,-0.24162804366013718,-0.8107206538229242,-0.4050677814596898,-0.6700456715061596,0.7666289884240336,0.6440979645676826,0.40438294228805943,0.7346948621643474,0.5816742332256064,-0.6739542944747352,0.16905915673904817,0.20763344780290793,-0.11371069555433311,0.7939955550514062,-0.6681667474877239,0.5563371736974215,0,0,0.831628433814459,0,1.0
64,3.5239914708409703,-0.6942383843424479,-0.2179526769849054,0.7527356016778926,-2.268931134421176,-0.6139616338332969,-0.9535251475065714,1.7460558773216883,-1.0612467663195617,-0.2948707337159699,-0.5363731640300319,-0.8569411174935435,-0.11920997385879409,-0.021281905242089876,1.1971310780267588,-0.6593735353929718,-0.9398741780618179,-0.34050913647233094,-0.5525618600417191,-0.2045887303114462,-0.021903703295936282,0.08093513791301118,-0.2861591695757746,1.0000008365238688,-0.6128554499379171,-0.3441884872042401,0.5229051274737405,0.6705667984945266,1.6824212991100576,-0.7242898399222005,0.8638901228853979,1.1651388370791789,0.7009762989489005,-0.6983185869336368,-0.36734365050060913,-0.008823983308148533,0.16233503041840994,-2.266403865570724,0.5513979632717676,-0.7672233875006841,0.12009532664031738,-1.3052596632621383,0.7438478317674034,-0.3262455633881911,0.07590799567958213,0.38902544490427826,-0.693729481847911,0.44969690901813464,1,1,0.8569190143619458,0,1.0
65,1.9194717475117067,0.041447483982232844,4.26822437400002,-0.8945604298640618,0.5437811195022714,0.5253783674509981,-1.9233521693165154,0.2822167329694353,0.34282274496199555,0.16121854549851267,0.4795721465315066,-0.18518037732300424,1.737540180728138,0.23114697257387742,0.6370766695858057,-0.37541585350382795,-0.7645774700858975,0.4379669667245232,0.5735866289745378,-0.13273135065625888,-0.7429710815995053,-0.1541952674112392,1.217413974935522,-1.2094426819912842,1.3998344641779266,-0.6238716131265275,-1.6420449397534813,-0.2776671367865844,-0.33986940192326676,-0.6948058551964821,0.7447870953760201,-0.9171407985253479,-0.9226883355649161,0.06643123664467912,1.9360418173533849,0.9539749621756332,0.44382773927776636,-0.6558689769063941,0.4519145502424197,-0.8729510101863504,-2.0561844434576386,0.34711460530714916,0.05755647452258616,0.17688252457989492,0.5191143395399217,0.4113244974790124,1.4523101196750958,0.5803715944635842,1,1,0.8820299465403328,0,1.0
66,0.007017496627543858,-3.978707661412726,0.023621728275816906,-1.2911950798232383,-0.6491537167114221,1.1202229066601115,-0.008664195378709499,0.3880990087483485,-2.057158355040459,-1.1240867223210276,-0.4947349853837412,2.437240623080929,-2.0594133966314523,0.38492137619536765,-1.5202693074002522,-0.7930469754108319,0.9245375050453062,0.2864221185336431,-0.24097116400287868,-0.29757990876539786,-0.20316904514404638,-0.1561951771896877,0.20069530492733134,-0.14593231714860797,-0.2081625527026304,-0.11909503690615464,0.5147888776374149,-0.1426807171687441,1.3190577078646455,-0.23090702603874416,-1.5454502707221796,-1.0933680854324621,-0.5767364990018367,-0.028481114363994517,-0.05459273457937273,-0.4173206963684362,-2.479056972067601,0.7241340493081079,-0.18298827374781793,-0.41333551548298564,-0.1697952161463332,0.23246936003622867,-0.5689936255805068,-0.3422433402058716,0.17633562501544792,0.2902870341808376,0.1902347555907399,0.07513921750562438,0,0,0.5538110449702757,0,1.0
67,4.067823550289597,0.28417977692925844,-0.44753813915182056,0.8761311611844091,-0.42706125923129856,1.5089564732208909,0.21021521900752124,1.4852682238125452,-0.9499177327240863,0.7340555583392184,-1.8116859928022975,0.95363145452135,-1.9317732451542162,0.15967522789109967,0.5398907025380013,0.8320163330645204,-0.1327034339049549,1.4935930181113584,-1.036743640332594,2.069088822084008,-0.11992218865684812,0.6073849626863201,-0.38332134618094077,0.3030786544321848,0.16468612596991375,0.44345289021057915,-0.8680964529968227,0.5399348872806574,-1.3416427271236224,-0.27401763651664063,1.6125926271388766,-0.3210522201906497,1.1493019543238956,-0.8628460564487358,-0.7112693794743566,-0.390424667521339,0.08145188968185368,0.26679400730204017,-0.07888875703040536,0.6672697586609145,-0.1913377544430719,0.06241722480207706,0.4163734337428994,1.3411310860661603,-1.0210231209868996,0.14730305229994617,1.0583062961894527,0.7119741986940363,1,1,0.9734277134524556,0,1.0
68,-2.1034113668780954,3.000987749950695,-1.2721641038734748,-0.5086494571910226,0.342763224786488,0.169743784336899,0.0545948081064649,-0.5624928370117827,-0.5586447136691057,1.1071509312100243,-0.2663042933542653,0.6672723666908535,0.5216301890538789,-0.8277995166874311,1.1374943485860967,1.14099468666898,0.1898741113392157,0.8364042026505724,-1.6459738107446817,0.5208837620980313,-0.8575780820549629,0.6895199898126433,1.0775633682309345,-0.7347196845079246,-0.7963535701646902,0.09953313347512423,0.16970813861985873,0.9180991770420982,1.5332371312357458,0.5072762498840288,-0.4342070928316212,-0.07759278187636236,-0.7735044917204158,0.1907554576166441,-1.6029558831125206,-0.07548030690564274,-1.5747293903131354,0.2945079926498129,-0.22106231904171686,-0.4943986573692846,1.2738983041822185,0.7612710553696281,-0.1990741163645818,-1.383845312777536,-0.43951490383358294,-0.1468342775166199,-0.5534663956160991,0.12793421812706207,0,0,0.7126639306148175,0,1.0
69,0.6257905834678212,1.680744256867733,2.3890018344900312,-1.2772035793078822,-0.9872451707251254,-1.913287565554573,-0.9225490058849457,-0.11692808552289055,0.19749790230877892,0.42108185986993807,1.01371261085351,-0.335108934868282,-0.025519092956699487,-0.5229633451083242,1.323733944158047,-0.07134209060194635,-0.029981898580982755,-0.21319212240086557,0.6003123863622418,-1.0257703995482492,0.46678372480223546,0.02362227876918815,1.0294353134371117,-0.6424856901154476,-0.9641609987865315,0.025824333687034472,0.47611143391748895,0.36888077293630656,-1.1210311889685607,-0.1578610274230013,-0.21925708864456503,-0.9604231481832461,-1.0369669340640562,0.13568989099353235,-0.38296240788932007,0.37541386735635957,-1.0037951108732361,0.31149006359221376,-0.8919034798592802,-0.4845299850380849,1.5017635029813576,-1.2520067572389706,-0.8455033228852431,0.6942552815845842,0.4633151630421872,0.11353190544184866,-0.6847581161429526,0.2815458064183559,1,1,0.6710372275435258,0,1.0
70,1.8706487843139294,1.4577851060609734,0.2088361540074201,-0.7136103367350615,-0.6616852724122866,-0.3533364921975943,0.4136717078616736,-0.1431819257670054,-1.1080244036179006,0.48641047374564933,-2.6805589937972947,-0.5425831794704556,1.3627983866620554,-0.570722165396212,-1.5266559155096555,0.3713598820224194,-0.6701745378988354,-1.046259833017971,-1.5459548776419143,0.8921656142246537,-1.038577935554389,-0.6237725240233564,-0.3806913375989817,-1.45578541979445,0.12073582146362437,-0.02776179364624969,0.9481301948201681,-0.8607498950642315,-0.18168370763816588,-1.2573097010910432,-0.4690517261827788,0.5931865417556169,0.9701815900799392,-0.3934636757515297,-0.9290094816763981,0.6486372107106961,0.8256997891849311,0.22120903675855258,-0.6844287181520889,0.7024912584977269,-0.9357529679389532,0.18961690139133583,0.8474390749273709,1.6309635443579082,0.33506575033254726,-0.03797192886445995,0.5045706799985031,-0.744553541850406,1,1,0.9093674115908648,0,1.0
71,2.1881507172114225,0.37622673766720893,1.8248246909278967,-0.45006994820794366,0.09294142575179694,-1.1510177011212281,0.7726236351329229,-1.0668218593035044,-1.0046649654638655,-1.5296119293208565,-1.6989237445443643,-1.415591467291554,-0.7457703839033326,0.4819143041461038,-0.8836803776505524,0.07605602525650704,-0.13043779063018313,-0.7492434321165193,-0.832179675545425,0.6969270033315224,-0.2204728138223669,1.5761592543711707,1.2205197956581852,-1.6198778480706473,0.24028451721663596,0.4302667300876117,-0.27245393773395754,-1.4970115814903537,-0.23156225519344228,1.0624116688616971,0.2892165726345742,-0.4668242312635464,0.13057166443554452,-0.8624451280721928,0.9326158341349982,-0.11499303359434557,0.26336121138953866,-0.5726096179675715,-0.09045343029560804,0.0695058012725767,0.4509565901380843,-0.5070282305871061,0.0897989585418902,-0.48452692330813174,-1.3562440444262782,-1.822787328266518,1.1418405243485674,-0.6596601351975186,1,1,0.8898093566102041,0,1.0
72,-0.05189677516049433,2.29001234530178,0.3174296714584354,0.22934598705802015,-0.48179299945282983,0.1740475664860739,-0.718231786188994,1.817261735483818,0.13835209175939808,0.8957210173974501,-1.2460548490231567,-1.373298304754837,-0.7708809179473546,1.0556378322765014,0.5854154204175296,-1.1159075704212558,-0.39950402625749315,-1.0170806742798624,1.15736739541485,0.5428386567530121,0.07215218803272117,-0.16271595121003313,-0.973721407540747,-0.7196888402296213,-0.5013770765882638,-0.5355738409522149,0.2589319900409953,-1.7350296937119636,0.6293983914293712,0.8455980800591133,-0.11547780807380277,0.32897191914936214,0.17238594066859325,0.3363936166351494,-0.30043567689749756,1.128507669728348,0.15383485922512588,0.8658631175110597,1.0642678471197393,1.2852297761739557,-0.5285297425475352,0.9298760614084592,-0.8755935120840507,0.2052368248792499,-1.002557485761472,0.4541615646676341,0.5597811563165812,0.011490909080510531,0,0,0.5194142563071706,0,1.0
73,-2.054546000585957,-1.5054886669796912,-1.2439398003296407,-0.7608786145210867,-1.7936137767441862,0.7729421057175779,0.160024655441379,-1.627402462824154,0.24019517910382535,-0.31771322549500497,-0.7901351411778327,1.0688712955621482,-1.0406275182853821,-0.09645355707758842,-0.8567967854070881,-1.2478528599488592,0.1993706468743563,1.367375746714643,0.5085368492004674,0.3231291690918821,0.6079510892439245,-0.06669434081575716,0.8568925631284804,2.0938677192696913,-0.24329782620460538,0.19540450243246169,0.03518643256986965,0.38549679784684543,-0.9214597757590162,-2.0021090655113456,-1.8228408845248938,0.5919234934974223,0.36480416938267207,0.3248775211396944,0.20062294379523904,-0.0879023309898537,0.3648904576971737,0.07982899768679984,-0.20882612454791288,-0.8082622457966829,-0.22740299617854018,0.12459894018582307,-0.896556109305115,-0.024304009146989866,-0.5927579837086575,1.6170611037804496,-0.5856172971312905,0.7191605741371375,0,0,0.789999549352681,0,1.0
74,-2.0253772183305117,-0.9372921622764412,-0.12561940761259618,0.032683773408474594,-0.028920410105838814,-1.0601839467196967,-0.2734999268132487,0.03834872456610112,1.3628429605607735,-0.2501568289402967,-1.44888149331504,0.5905176653642666,0.3668555594727232,-0.13510621713160142,-1.1750471222239913,-0.44044104021152164,0.1630722899640985,0.29068654626626284,-0.25039043758929114,-1.286681534747602,-1.098101299674821,0.39138126367880083,-1.0023764629064997,0.8871709306638734,1.6796322471751186,-0.775056180079524,-1.150310855295132,0.9881671192374288,0.5308281742782384,-0.016869900298040977,-2.1607765176203637,0.17522240801997693,0.7840191769899086,-1.8646703282797132,-0.08414970665898876,0.213937482273898,0.1362165955191573,-0.01248731105983797,0.536407184256682,-1.0725682711927336,0.2257391394092407,0.4369933470732759,-0.190475182074679,-1.081929234682613,-0.1880448694215596,0.9061388411471845,-0.06574994109813033,-0.5236175862213761,0,0,0.6649614013617502,0,1.0
75,-0.12127854610652103,-1.313140731875597,-1.3098333989908937,1.30792694181634,0.3083235557539206,-0.7284036667547892,-0.5441849968711394,-0.7425026381994646,0.4127784957237275,0.9382062450985699,-0.3098436167417921,-0.1401343211331015,-1.0547481736002573,2.775105541433175,0.8981056093972003,-1.3532880731063932,-0.04934833715772764,-0.7722478952304535,-0.9295880287016409,-0.9576398630967877,-0.1099995350051391,1.3054115365951355,-0.4563719474958429,-1.7165503047901416,-0.856784773125088,0.034453256690782336,0.2661648921443097,-0.15078759986291393,-1.1240040967043736,0.10964588746210256,0.3083315209979876,-0.07219182915701033,0.3573885192258321,0.16205643025619074,0.04413712829027698,-1.0645018475958554,0.9346373610903381,0.23576883723404463,-0.47147077811411986,1.2909239333426483,-1.204859741771324,0.7977287621710519,1.4643536784618334,1.2293344214828528,0.42231981086999976,-0.0171295374349257,-0.3049845950744732,1.438395788617093,1,1,0.8763667557746943,0,1.0
76,1.7637110662347104,1.1060645488317697,-1.4702154443064104,0.4747734277380704,0.886476506209297,-0.8653485388440215,-1.8310789843178714,0.8952032299976473,0.17286439448107566,-0.8592581312316653,-0.6293611956336802,-1.866572601665127,1.026759686928757,0.09920738105907473,0.787317985862983,0.565738654393362,0.996197811406699,-0.6943251342162402,-0.07434429351465215,-0.5180591119678886,0.8111646931519372,0.7412171006743455,-0.1434907501720987,-0.04371784584060564,0.5091408672464325,-0.6667081233430217,0.4742029771979902,0.39163543680358553,0.6631271011327483,1.7594322605373471,0.16216626071965,0.6538770245204876,0.0876703370516033,0.03189443373840045,-0.46784377754165785,0.1972585351819501,0.07779838393106248,-1.4393928250706822,1.0631777891075433,0.4513990906375211,0.19522845010532672,-0.29938523826056973,-1.221701599625206,-0.4062849099511818,-1.039958270538421,0.4006399371280194,0.5497005976347229,-0.6640113124189808,1,1,0.6639482967556758,0,1.0
77,0.11810528507335177,1.935122997613192,2.94411627215953,0.9499138195349957,-0.5041682781840582,0.46181707115800813,1.3510457576611279,0.7125208395673931,-0.7017687696192062,1.2335517831564078,-0.2332576726473197,-0.10070781478492684,-1.195445222223138,0.6224608034110638,0.5703465311276289,-1.1307810159631029,1.5699850326325677,-0.817687563695771,1.5100844105074818,-0.1872612858504658,0.5550903387372208,0.35074297648106734,-0.34365038278618026,1.2167845087600295,-1.4021796054807287,-1.1110674901918918,0.8448067052371216,-0.6357216681574707,-0.13294763644777136,0.5573907941018429,-1.3707082320115018,1.719515817382895,0.02014220071945936,-0.2147876556212756,0.5185275047195691,0.2161673222821559,0.7492216347075549,0.14003435450901897,-1.276736985479726,0.3298071051867594,-0.43447971410792563,0.691212360256689,1.5495617606836187,-0.8251306929929848,0.006388802323002318,-1.1047938900753556,0.3857273039527983,-0.4338983456501231,1,1,0.6626950118025725,0,1.0
78,-2.035862631299764,-0.6383257186224077,-0.5063133624384971,-2.532353910195955,1.6832240849551854,1.399714523255296,1.828507009229229,1.7164200062462682,-0.4981386048679028,-0.4015747755725765,-0.6678271526943339,1.3396237460918545,1.2789209563136692,-0.118141709241878,-1.084855202158288,-0.36565295999317415,-0.12570105592832512,0.2045774264492716,0.198916336643034,-0.18035262869491345,0.3986084616069958,-0.2454908865855439,0.6579422483975921,1.8766314774108686,1.9792134077041703,0.06886808542198691,1.5374851857451926,-0.49326999021559154,-0.17747902017326792,1.6530724107336339,1.2454807458223487,-0.04106900791832712,-0.8729774028519331,-0.2529624567704182,0.5363544287987843,-0.7688578565721471,1.3015249588618067,-0.06307469170039011,0.33100118287642366,-0.43729291569900425,-1.344308225482378,0.7946079480108584,-1.4849797680741632,0.508661181778602,0.36220304339510245,0.657692607365251,-0.4695808356378326,0.2255891605183527,0,0,0.8362360269613769,0,1.0
79,-4.257815439701327,-0.10614769421812058,0.12499882560945946,0.4881732392242109,-0.19450757257713472,-0.12687510765380575,0.4892348303865843,-0.5988125615034522,0.6724707977317719,-1.212271778782842,0.8707488128893849,0.9457337536512335,0.5220976117450239,0.7390385693297035,-0.8696365774604019,0.6873501823091536,-0.7083582659850985,-0.5285539958684399,-0.2740441601844736,-2.1044714787643692,-0.4531115730774914,0.2110257081205971,-2.978703108874918,-0.9608523305179598,0.27486597530895795,0.9437691674559356,0.13683284654216407,0.9902385463667382,-0.7249694613588624,0.37889944207670134,-0.6016808707012076,1.2401954293776376,-0.18811478317622274,-0.37377450587066785,-0.7325276792634707,0.7327419220927185,0.6535345910183513,-1.050292201586956,-0.2295898578632941,-0.01110224246415473,-0.22890944869457822,-0.0629040075474374,-0.41819290213971144,-0.6217612868549778,-0.06004094395009219,1.7433113953286599,-0.03558530946686367,-1.0008522214922184,0,0,0.9681327550754439,0,1.0
80,2.133544613211129,0.4266304806649952,0.3918039635733876,0.9761024573908137,0.17755572365398706,-0.8134211792507663,0.6020021740796805,-0.48510810556103423,0.6309460664951358,0.6902388823208807,1.4055824834897586,1.6164032828031862,-1.469515863753241,0.1265553610498187,-1.3817784444460555,-0.4333660452989469,-0.0029114360716344686,0.7018473339915928,-1.3370960819553055,0.7477872705376453,-1.6436957597219424,-1.5644489197590976,0.5235044176109853,0.29709273017763904,0.46212391694802707,0.33491327113474817,-0.30606193775575724,0.3753218711953472,-0.11588651995928223,0.04638597876367139,-0.7628816744157809,1.4496379023739732,0.7236703993636151,0.7410235558841004,-0.5730619833356215,-0.5335028678987005,-0.8383888501831653,-1.5485853120047597,-0.09427419550844571,1.6052590278308174,0.5322642157922031,0.06562188929318752,0.6237098897283211,0.5376868970295172,1.6016845497879013,-0.14835128127568797,0.7747935541127635,0.184835708750296,1,1,0.8862643833030561,0,1.0
81,3.925136329555488,-2.7513685263350407,-1.27849194959017,2.4879541231207494,-0.19184025540293032,1.5234958231673463,-0.13689609889157756,-1.0939458853275084,0.09160024198124679,2.2855794203228283,-0.858642134880708,0.8338461316773002,0.8401313403841091,-0.6863945091101283,2.718642536855875,-0.24281001922582293,-0.17033208864141372,-1.2597014473301402,-2.2904342224569794,-0.061310186242770376,0.20734281330397591,0.9141075538587159,0.7061538204484783,0.4608154998863119,0.44250117667865496,-0.7465639413870835,0.7008740452642782,-0.18074826388402696,-0.1601211238724141,-1.503378755473894,0.1410259038946179,0.9354038922228649,-1.5181329168182631,-0.02451651272608309,-1.3013937987045594,-0.21943911990357984,0.5175108845400718,0.6524573818309266,-0.5959926909042647,0.09804737694049069,0.11868168738516413,1.3063880250698148,-0.2729141981921722,1.0067272586372789,-0.6783724494762713,0.1721312186499467,-2.507694552724568,-0.30236529237207893,1,1,0.899131981200979,0,1.0
82,-0.1923485175580255,2.479873109417845,-1.4286854076113271,-1.3062723314219298,-1.163982660653586,-0.1686218377949252,0.832013317446411,-0.4687072227458171,1.2221111752265257,0.19575778232695862,0.5879921800194726,-0.07559396019759446,-0.39876313834460636,-1.5683505711333703,-0.39035881064321665,0.4095514011001392,0.4548774828907373,1.1154340381320935,-1.0714847000291412,-0.8450248116340612,1.49823293532613,0.8132665878364255,-0.5269138232865317,-0.9405599378961778,0.8947866688458872,0.31130827337714717,-0.7132218343831781,0.11706561508421945,0.4929571620950085,0.946677591534976,0.9012042304888713,-0.12585918892769468,0.5754585358210436,1.2761939410069836,0.6577023465765153,0.2081737516787902,-2.0020643120700337,0.30553999861455416,-0.24674780600201424,0.8771718253677855,-0.03308701664305801,0.03780053247960683,-0.10517248766570471,0.5731606475943903,0.3399821488597793,-0.0029338302745978914,-0.7615199956210001,-0.7768793039490131,0,0,0.6256266093128552,0,1.0
83,-6.054233393758099,-0.36259234218725767,0.3550748049553414,0.053090373500402174,-2.7798021973551994,-0.5623599910726375,-0.04358918422579146,-0.4148232364860764,-0.08555114053998392,0.866023740717051,-1.282890320372046,-2.843774487693782,-0.40667662448905467,-0.33527453108185007,0.17899651341192002,0.6834882129927029,0.43808711739495054,0.5774666740745569,-1.257769132294812,-0.0123505901659082,-1.0380103850037883,-0.3810767314540468,-1.6737238452605945,0.44765274002939104,-0.5764639765845103,-0.7943727031895766,-0.6619763614775971,0.48519891572544166,1.0735445389489588,2.0073977762984456,-0.24265260195180297,0.7514461262987675,0.10206877108943438,0.42061116972106216,0.48208291479178894,-0.08054946602441937,0.7624964356862629,0.7246953256045194,0.015245767301078537,-0.3185695779417721,-0.4883781098245205,-0.12586012028535543,-0.42258052509395383,-0.20518239460246396,-0.5995812519005984,0.5976071205552314,-0.8884273613992292,-0.7799462516100661,0,0,0.9907067810300156,0,1.0
84,1.495750521389593,-0.6872270285114738,1.1959381280594863,-1.0655800050537263,1.5554494959664924,-0.45786295602146754,-0.5531012018443039,1.0220970364955577,0.5337926122700742,-0.6686251071983239,0.4560527322112802,-0.8957177611427012,0.36871319914053535,1.6968370769354835,-1.4610851918247016,-0.22469491719581308,0.8328197646553004,-0.7020533335085962,0.25822510283380484,-0.7872098443345834,-1.1813895905571448,-0.3590006727330191,-0.1093196069430414,-0.11896693471892658,-0.22692347025644233,-1.2733490041527333,-0.934778948140877,1.9601891729718164,-1.0995451867244164,-0.8785429095617964,0.8959419577123867,-1.2481167638588802,0.9754282582210243,-0.26428782356710095,-1.2985939106791566,0.9456188874453767,0.5279522879475413,-0.4426011959595396,0.6157465321722139,-0.9037288792722171,-0.40333010012695303,0.9852902625911891,-0.4536329359439058,0.3092775331265184,-0.4022409689761397,0.051791294465382214,0.05575976643314159,-0.45412817861945015,1,1,0.6632899469559336,0,1.0
85,-2.7277539758429485,-0.2922759999553721,2.2825203519082744,-0.16349441809288565,-1.0243221762296246,0.8963425417261304,-0.16593282164159387,2.090592725843822,0.7874434250081986,-1.3774163730862228,0.6601735465592903,0.6793065499618458,-2.570324847857175,0.75140792875408,-0.4584860398831047,0.9968580164085308,-0.9651044836837301,-1.2151710762648515,-0.05757729753676922,-0.7223584394568546,0.9157972766097663,1.6181494057433292,-0.13765070016327927,1.4991182906805707,-0.1548141672283935,1.8700272684301023,0.27438102627163513,-0.11706465371784694,0.27201836094882276,1.4046064832572835,-0.062385878023241886,0.7644149682953809,-1.547461565248584,0.5898235721706957,0.3128620506504836,1.023053858579153,0.8139791888603115,0.8373211588213995,1.204955232964415,-0.4539312385628063,0.3560243860473855,0.9747324611070978,-0.13983011739691914,1.2396842462588684,1.0531585001669241,0.15295282840784638,0.7298129908914368,-0.5350545288728353,0,0,0.8598218438015215,0,1.0
86,-2.1504802388804776,-1.0350252934134614,2.2664004353484413,-0.14179921414122662,0.053883729310012896,-1.7081365039880956,0.05531006511356763,0.5780744043084257,0.15212786091393818,0.5561048474692407,-1.8569884985546683,0.8378374327652192,1.6814672661221577,0.6474955108967422,2.4328555763606747,-0.7367650871227157,0.20820371182753888,-0.4803877140817199,-0.1053803790536616,1.2001799870505074,0.5248525587386949,0.5562764855903916,-1.2737106150024884,0.26827293447826434,1.5776017251942138,0.060715500616995294,0.8703419344672622,-0.2220692997030611,-0.45147877825694305,0.6809634936071909,-0.3309513381602937,0.5116929629030418,0.5675239570675447,-0.05026065007961991,-0.9935574667726502,0.37494657310226576,1.4214135167840976,-0.1541859279205465,1.4331803053251013,-0.15343340741140538,-0.5268845415293939,-1.3737471340957987,-0.7271515009107634,0.20141450724271445,0.42293745696753393,0.642592264374612,0.05500766105137212,0.16804457332251982,0,0,0.7858251713573051,0,1.0
87,4.283462874957385,-0.48908375044729746,0.204067900872095,0.7885350390060286,-0.9395442294734593,0.5961611552052318,-1.9552275072134848,0.9656742578491333,-0.9985542770484259,0.1907936490224753,0.29632904097308305,-0.3741646623557925,0.3110142192863689,0.3100414505893776,0.2921520029717545,-0.8871458018298864,-0.009488297078650908,0.28101163668757556,0.7852773596440081,-1.3284458072966743,-1.503639629136443,-0.7575366383148463,-0.20239550532492542,0.8933365813296295,-0.07441774286243376,1.2321497567249982,-0.033242009347435326,-0.023525963328935744,0.17267984406516104,0.06823194674126445,-0.9971941673806874,-0.9138747446509438,-0.7585991567079466,-0.26807298485793046,-0.02699252345298774,-0.47285597626452286,-1.547185077350769,0.637581181350357,-1.452300542563247,-1.114990352509135,0.29949013611817127,0.8536590670937432,-0.9098071357620625,-0.4567564023685231,-0.5415962496117447,-0.7049898320401093,-1.1832195497385567,0.6162615731547277,1,1,0.9174024713871589,0,1.0
88,2.1722215063160775,-0.46117768504431,-1.4648508821998878,-0.21461723681977568,0.09534059948344804,0.7877149736514911,0.3848101721758605,0.07254650156158352,1.6955023062706607,0.46120706404052053,-2.3695973681487588,0.7007803039711981,1.0733117552231985,1.1162419456472579,-0.4996053363628402,-2.278522950400885,-0.27128052663230856,1.3611064877387387,-1.1283579520381435,0.23804656265031815,1.1182692335590616,1.0867123540456518,1.233424163259848,-1.0636538642516904,0.44163585931629135,0.7439508919304678,0.07009807330468952,0.3131446562134959,-0.5889166488550153,-0.22478954919967206,0.6470771107178587,0.6012820773185275,-0.05744207983223985,0.5896157974943672,-0.6827634506665666,1.4017640530677486,-0.6869963118790657,-0.5179765660414359,-0.32417176286400584,0.22654783870289696,-1.1444582163418964,-0.004305240328089064,0.34777731241082654,0.539549429334136,-0.20745958064709322,-0.24792859461467967,-0.2623294067495057,0.9886605206879697,1,1,0.8989982874947109,0,1.0
89,1.7624561275621247,-2.354929199197775,-1.883864639586106,0.7089058688610795,1.305048179662935,-1.1066048490568854,-0.25044488286581157,2.3895882920097455,-0.04033501664201738,2.456274968808222,-1.360035461885729,1.962956619297463,-0.2682440204980108,-0.9982894095890363,0.6831639924460124,-0.18820887647477402,-0.5830889218786091,-0.452355149362225,-0.04501390948384296,1.0500815797001313,0.5843740769362983,-0.5020605931512095,1.1197823660715616,-0.7787566505622301,-0.3733765069723933,1.1904048496733164,0.8192567120495132,-2.570512486680164,-0.5354845753808504,0.7922257045658574,0.4467914725029221,0.7239244932817024,0.2224036052437055,0.6246488555417133,0.17761825861467603,-0.708318235344519,0.45625398614945517,-0.23298338861062795,1.148760475762145,0.20890514060399382,0.2187521538956932,0.9627556173369762,1.13823558513873,-0.001216640019898561,-1.0599752660576272,-0.1677441920861757,0.1915535093638021,0.6047663519445056,1,1,0.8789172670702478,0,1.0
90,3.94636000036884,-1.2622662247327927,1.0107525411609954,-1.0526831093209463,-0.25574171433898096,-1.0271019803419403,-0.29546587409857655,-1.3316548916089808,-1.0484269463537033,-0.056104504698473674,0.7147729954162065,0.44184672433106603,-0.30394946521541527,-1.147822375120061,-3.0669503002916207,-0.7595162156319454,-0.9043331568864612,0.6061093077899119,0.5452150274392604,0.8837919001277738,-0.662736922614013,1.3942020221272184,-0.3805041950619774,-0.029392181301655336,-0.5307831875240592,0.04677281946827126,-1.7227606968779,0.2158934705722895,0.06338608113209143,-0.8482799141325722,0.5390940194768323,1.0916865020022046,-1.0699270267006855,-0.5713316698666655,-0.05519568070145598,-0.444711610447184,1.5488004094773495,0.3395569248080927,0.32648137244216036,-0.10508750979605012,-0.13134218922813404,0.8998920684242228,1.1613701680741992,-0.3622866102967184,0.7352195506785072,-0.3094134113409171,-0.7854989252996066,-0.23808861622638278,1,1,0.9314371459843747,0,1.0
91,-4.270229547894996,-1.040590580383239,-0.5159764696975807,-0.43112517542517204,-0.4763201097195522,-0.016983561589390087,2.1488641519324547,0.05105304848680881,-0.4351651352780745,-0.8735615408051196,0.006283267226268489,0.071775500870029,-1.2244454303042545,-0.12911502482993098,-0.1541840880403474,0.09610982561071743,0.6934500337929773,0.19060676561351317,0.3015041598406567,0.8306532656992168,0.2744902067531476,-0.4552200867163843,0.07545568036642591,-1.1105182702758674,-0.5606454624297809,0.04033326123746836,0.9401809885417645,-0.6941472231001736,1.3811030171802279,-0.758097034388737,-1.6226685538631198,-0.546409230289461,-0.06857313884104373,-0.0027185318901855027,-0.6839559292547908,0.6837099366276835,-0.23131610494653151,1.2153279222835662,1.0959244987632586,0.5578035571222726,-1.3225493956987295,0.16041421747181658,-0.27327105764130455,-0.43578928026914554,-0.5596897217442235,-1.3453692671541129,0.22378586387101798,-0.247398496152348,0,0,0.9546692044690961,0,1.0
92,3.9200572171360184,3.4559189933700116,-1.4147494691618148,1.654233678538038,1.0520936831421117,-2.800642973532621,-0.44877738672328377,-0.25925149204976544,1.4024458527296577,-0.15132346773656227,-0.25745371015730895,-1.3300012269325148,-2.7178480208360023,-0.8748392710004853,1.4656408524793387,-0.7659055479641932,-0.4038111473709333,0.2422101307038639,-2.153998143038653,-0.13020501751740443,0.19928407927807057,-0.32565960405831057,-1.024741305988065,1.602731832948075,1.2437295522199376,0.4355678491029438,0.29038625424893716,1.2446362919717082,1.5168548454395432,0.2829088123415042,0.6791029114435432,-0.6224577418641242,0.041555492388492106,-0.8154267503518681,0.8132203161548744,-1.6257341350343657,-0.5856788502920486,-1.0537591067767627,-0.13106474134607002,-1.37616913467149,-0.6543936382667974,0.7216098578522804,-0.7129434344222265,-1.4019704960081087,-0.542811447524922,-0.14587241330519124,0.9247643542898792,-0.16904046182135385,1,1,0.9892651602903788,0,1.0
93,2.5026103644958506,1.3387844279827037,-1.3060800099757568,-1.183594664831092,-0.9880726759607561,1.7263165158942484,1.2438274459435639,1.9711646065217046,-1.9394029233072005,-1.7817262261942992,-0.06696155586769766,0.38516659496255706,0.940640217766035,0.6104424442046981,-0.7763348897198071,-0.7816176302460652,-0.07662254664702818,0.39477059336674397,-0.45236271792977195,-0.5198534610406902,-0.07066719922491772,-0.35710398905620394,-0.04996140355687762,-0.4249492674851378,-0.38331449017992686,-1.5125376344483716,-1.2578191369845237,0.4340521301572928,-0.8784042891924538,0.503626105173949,-1.7331276849454573,0.7976518978594634,0.6713077467699528,-0.4275713551019886,0.27925371714359953,-1.4281565926655329,0.0774941547597094,0.2069414940861483,-1.1587620174581497,-0.109986328311383,-0.7479788433108604,0.3008716974876954,-0.5687551320749706,0.8016418383696794,0.4881182222757653,0.13637098302493214,0.5989964483249276,-0.33386755082174535,1,1,0.7846673581912793,0,1.0
94,-1.3583766172798544,-3.057669571465381,0.6958747033363304,0.8887864384406655,0.8880885785182375,-0.16328552899961643,-0.14084170685696087,0.31731957952130246,-1.798300419303694,-1.3779994691487052,1.5134449514895487,1.463893727955954,2.0342688763088415,-0.6071906068145688,-0.49715148845530266,-0.6857246975905381,-0.1542004727522756,-1.576856061525916,0.34730019081829794,-1.567763182556694,-0.3127991767288958,0.6844855468959493,0.02377563197658534,0.21140210709500437,-0.6010251185501191,0.14332311221127655,-0.6180564148996692,1.0553876873740005,0.6758714040999833,-0.3279879427002389,0.6353474973774894,0.8309271563520184,-0.594929553983821,1.104538131386557,-0.1494967789650789,1.3828917024612108,-0.726719009368735,-0.5479087360195191,0.3514442566217557,-1.428603741013627,0.6802316216525603,-1.043491988787034,0.3964209302680236,0.4140608890601088,-0.32479099898165703,-0.9839979282336428,0.4170477913128515,0.14616746973413988,0,0,0.5258409319667723,0,1.0
95,-1.7540451049320807,0.014774282709375473,1.0081242254092129,-3.25620747637862,-1.6767312546469484,-1.4694266132053229,1.8439351685198893,-0.6319436853277975,0.5170058927046797,0.38241382440867566,-0.13711747337833105,0.6896813037844745,0.48291777877241265,-0.4250125054716174,-0.9271424433686403,0.7638329506003079,0.547842890965352,-0.7556023683781184,-1.3617533625158647,-0.3294524274085923,0.51235940785063,-0.11288610399697849,2.073849229825555,0.07823224781701478,0.05598710316410317,-2.0222361923897867,-0.2840195199823703,-0.868977777740507,-0.48334506140229816,0.27626300010848204,-0.7028409048991465,0.43376320767165943,0.15655075143394026,0.5077850411420411,0.7312315229662413,-0.3176355272963203,0.8340257809569913,0.282444666615046,-0.7280769363656141,-0.49247683570136624,0.2071317066856415,-0.1767840156313837,-0.11502055478518558,0.4948335300346669,-0.14107218225407384,0.10398914097590688,0.4687945322648795,0.27770322736266284,0,0,0.8313349806126469,0,1.0
96,-1.9431062177019258,0.6184500080665134,-0.24016495986304243,0.5584568942802152,0.592819647174259,-0.6552029770360378,1.1054450925730153,-0.6429838515082617,-0.5904844027793371,-0.9478167556493312,-0.09291834272663127,-1.7695216376148148,1.7018469003947354,0.1410009425559639,0.01974183509676125,-0.19706206532539555,0.1182652641900171,1.0705060504972945,-1.746389254219494,0.2839768504874338,0.7942261354146144,0.4900303177090977,-1.2457910400713084,-0.323510560942646,0.26699241126941153,0.640628055018926,0.9673502214129889,0.06447981528862273,1.201471396081392,-1.0307926004720678,-0.030752916856948684,-0.03678637575041037,-1.2848916543996671,-0.012084265797000091,1.095337547641878,0.5930496805363931,-0.6810139142159713,0.8089634277214526,-0.067385783037251,0.7361722949397703,0.046577529524171074,-0.18208093187234412,0.33052182318568524,0.9773856036165104,-0.509079179209874,-0.6287006306121792,-0.7396678729275173,-0.576724399438313,0,0,0.7315334637174352,0,1.0
97,-3.3832781170698722,-0.3434879134862725,0.5026179806965976,-0.783087157049138,-0.3651312607798608,-0.7158954052028079,1.1118108955804888,0.07714024077117584,-1.2565673750370068,-0.2111637790314002,-0.8667215081844132,0.021687246650725852,0.8461755199672572,1.1346175709478785,0.9454803419852422,-1.286941930054818,0.7539515118596226,0.9349849486455584,0.5546095626338562,-1.360687049959695,0.38315949163598234,-1.5859038087708475,1.6231321320331447,0.10816087132893813,-0.9139139664781314,1.0376485439100183,1.2358278629431219,-0.1932326775237824,0.8538263713263871,0.7455131358386814,0.5075739295307304,0.10760161927569843,0.34709377639404704,0.16199246879355084,-0.7944965518457747,-0.21555148870873067,1.2586930070668996,-1.5606550486858044,-0.45830899069003983,-0.6334792693556751,1.1227051487094362,-0.2244156673098397,0.11589135330218304,-0.7092672441735504,-0.08912083408717661,-0.3788375159250436,-0.2506943971453695,0.7329411575032948,0,0,0.889564431034532,0,1.0
98,1.1888229672968167,2.2017099795397765,-0.2728655368562291,-0.015193656925397831,-1.314785597252869,0.05731846134792915,-1.157328346469239,-1.0882414931025917,-1.4044478512459069,0.011632198699323047,0.6237114039587567,0.3684355428880849,0.6178163942113651,1.878841705178231,-0.7651862247999232,1.4410747490447307,1.366595374329986,0.4926800299584918,0.6774046660991991,-1.2511089218616265,-0.5031242904006428,0.4254307661325383,0.15325755046486209,1.284163933823494,-0.45235087636486443,1.536626675023632,1.0375949407658263,-1.7716134748438792,-0.0017414336546117898,1.1131735274040544,0.11431815702883164,1.1446536145268178,-3.6023898228644935,-1.3449572547891182,-0.01941803430699957,-0.7651900497848333,-0.01333097157845741,-1.4711672471062005,0.011573109323774642,1.2312748139922254,-0.35599458268323203,0.23985015529847298,0.9739479779329001,-0.928135252812665,0.21289319588302139,0.7725980635541622,-0.2755007447441233,0.7693122266458174,1,1,0.8126391122362894,0,1.0
99,0.9391569150683458,-0.735925634294557,-0.8736855921404508,-1.1552715869016839,-0.2355364703043429,2.2317872019884266,0.9144076420905407,0.9900626070094717,0.11811081995882973,-0.20154543014412846,0.06450454110633587,1.057965788796365,0.4551660829176654,-1.6984242597177681,-0.09143024267937405,0.20681318804643434,-0.07679781178574106,0.5657681557116416,0.025066147966413245,-0.2633194334649369,-0.5609107032867385,-0.16644560717969764,-2.134867504726928,-1.0666329417041664,-0.15266701157316234,1.288610231100503,-1.1749981426812477,-0.8471522266437007,-0.9898214839492276,-0.8352241609405366,0.5198765602210107,-0.5567038025411511,-0.33522878194172673,0.8516375553776883,-0.7196414986226737,0.5079610228277911,-0.3663202073833552,-1.0635332242507005,0.4493341457639617,0.8897553701361848,0.05874579492662536,-1.04447958442819,-1.1485107640532755,-0.9311670717268362,0.08440070580967188,0.35383653512910457,-0.4405250932057887,0.14916713627595823,1,1,0.5685149781974911,0,1.0
100,-1.4554208990527684,0.6573739513586863,-1.6591604377288784,-0.274078147889708,0.28896973516089774,-0.5194006146347541,0.6724898969046822,-0.21724768486912496,-0.9729265737410477,-0.35769526307306637,-0.5899355150670056,0.12834195566631176,-0.9215508759385647,1.2663879308322266,-0.18455433513687958,-0.8336742285461434,0.09294453389819526,1.1337879743949444,-0.250642041080089,0.6923975649238027,-0.7584469504765602,-1.483721268354691,0.3321617325022311,0.09810189407828553,-0.4147125400230028,0.7773570840982359,-0.5964349484462996,1.1616956637357065,1.4641760902981407,0.4979407102482865,-1.6236483970047964,0.43604508945839515,0.07714730603235928,1.4699072692279527,1.3559641348046696,-1.0123801827902577,-0.29823951861625175,1.0104080736740615,-1.1086498528544784,-0.32638039440403066,-1.1828454342268937,0.11614710436974475,-0.05242958282560626,-0.9843557788235742,1.0780196796918755,-0.6792810689581189,1.395159267531508,-0.2911210964686805,0,0,0.6010054824036507,0,1.0
101,-0.31072596269306557,-2.500149542347675,-0.2529400124265805,0.9049729366953476,-1.544733077933034,1.0247656816180521,-0.44413638153567375,0.06051102513305628,0.780351379522868,-0.03784757628495786,-1.2969085455820553,-1.5172505836695909,-0.36569819350945554,-1.2295661705300764,-0.03920778594130925,0.40286120506498707,-1.557588658194399,-0.06797332885497254,0.23054676972654667,-0.8976727211249247,0.08773935620982493,-1.2545247868317473,-0.9154547476954319,-0.30477639172389653,-0.09810642731037524,0.4563393416815454,-0.4475713011784994,-0.5162941921707466,-0.6204934076979931,0.39632094075003366,-0.15659526627259782,-0.31881482342530365,-1.048793296996169,0.2687286162958868,1.0980455314774982,-0.40187704958216947,-0.9078081497194889,0.5040138815086244,2.1206874258711204,-0.6517383994098186,0.41826814354159747,-0.20450074572211727,0.7880780837239217,-0.5303718687438331,-0.9543234914287366,1.3845808587833794,0.3585662723093111,0.42452793964498264,0,1,0.5167559233315966,0,1.0
102,2.144849242476461,0.5478358839857101,-0.4522733734367884,0.6237077282395851,-2.025241985348177,-0.25240684358363685,0.2729891238236544,1.7780790183269561,-1.8764909247958406,1.6167382690747054,0.40020506789728544,-0.567872630037598,-0.8145566150693725,0.28209694173468225,0.6116849267729658,0.14266423799218617,1.223829858303938,-1.5343454496796278,-0.09118836344203174,0.09150287929059424,-0.3445010857585916,0.7429543287978296,-0.03888434160106049,-0.2294111143899251,1.0306694852590115,-0.545731214829112,1.607260912986174,1.8965612649468753,-0.9148084978366073,0.3797599894076322,0.10120169199883979,-0.0342652083702819,-0.7217217801130166,0.8254125335049999,1.2299382550860696,0.3334794515621698,0.45464107193241177,-0.3691014212982793,-0.8148457135606471,-0.4646512433258897,0.11835795503169531,1.0516555633571192,-0.2365658935835228,-0.6138383750978303,0.5901699680903264,-1.3782192566453044,0.8954993724730123,-0.7283893253649223,1,1,0.856870795563825,0,1.0
103,-2.9419732925471864,0.11796206695884659,0.7189710452544861,-0.3296998821599132,-3.215334640450098,2.4900882596568463,0.1920171820668327,-0.1544060661735302,-0.9507973053628215,0.9687137226864085,0.46415361498570296,-0.7648175809940935,0.36073863342489243,-0.5850774762862045,0.986664681960023,-0.40673953614162656,0.20801240741097937,-1.671826763728812,-0.5049370456870146,0.535822191871953,0.7021992902291568,0.29418722834839783,0.7123125532352057,0.6150759586103426,0.4477291859550694,0.2590552368668235,-0.805393435680959,-0.5244068521876804,-1.28512395017705,-0.16731407818154395,-0.47791272443609895,1.3105425804272206,0.7698354417752864,1.3333446756918441,1.247850619647384,1.1122257463442218,0.6629042406783339,-0.4705915096872721,0.4196148553496649,0.5049305725378925,0.19698723258707396,-0.9436539586309081,-0.5552065765088458,0.09076716004309966,0.25915433324043013,0.40174427062528234,-0.17621915430595644,0.6051710074795263,0,0,0.9332269048987643,0,1.0
104,-2.1538772031385993,-1.1107556304409918,0.7285212873411727,-0.13230336483129956,-1.7840732695667068,0.1439851836384992,0.9964884494641574,-0.07392981919473783,-0.06685018313168753,1.0386537183313986,-0.40415077826136414,0.2084538040382558,0.5935887064701978,-0.47362769410217637,0.376612524731921,0.6269425415140727,-0.06918447248884485,-1.2417524002727427,0.23688277260340912,2.3303271046569334,-1.1475967547431223,1.2389859553338574,0.0651102047028556,-0.511029741673845,-0.5345837968913975,-0.45750633918153993,0.5704542482390428,0.7302484194272555,0.5539892634584423,0.7000851426537482,-0.5338365603850685,-1.0148263657467873,0.4455182854097452,-1.4215761737967694,-0.01869758914096807,0.5744076761308335,0.4176365419695462,-0.695036632954172,0.3444050088064419,-0.9863572614066434,0.9255201079434726,-0.698604738683411,-0.20379445490041473,0.23785673966452306,-0.23364472716854662,0.07694914778350244,0.014876972792224965,-0.8603794983895535,0,0,0.8509225170895242,0,1.0
105,5.082800059440158,-0.5850188701160419,-0.10822724130356039,2.119253725258338,0.3144575341443372,1.1729939549161885,-1.030757219331662,-0.06399898836404674,-1.7023178453551768,1.8931732547908369,-0.37635910701137276,-1.1874680797753845,0.19893596652436002,0.8039714673977227,-1.0131196222794652,-1.489092255133772,2.6021854064373526,-1.3448466731840796,1.6425122912230463,-0.03803526515293271,-0.7391090259053676,0.22674219698443077,-1.212583256618749,0.3645969268718496,0.933451795323756,-1.1986092564690176,-0.5540533649149371,1.3442317097029295,-1.4538897220025162,-0.40598712844744883,-0.7785823810717106,-0.7342849377243232,0.06936650863371603,-0.3784802343119931,-0.4775754103543268,-0.9305222940591096,1.2585461499463926,-0.26218947140194715,-0.753699765866634,1.2716651941830297,-0.7807162995316451,-0.4498922249939656,-0.8090477830921748,0.6819326952649835,-0.6136587682892828,0.7472305698731437,1.2379661078108972,-0.3304848428091261,1,1,0.9740960629788145,0,1.0
106,0.24651929104925713,2.590733800702297,-0.2865463390272223,-1.3130530108976173,0.8216746786130028,-0.959496751973395,1.7576549549792053,1.9049897983488984,-1.6817288269392663,-1.4091515892110718,-1.2407094628731572,-0.30267111732384056,-1.5150416805141298,-0.43487044100192157,0.7936804623835808,0.4088753588482294,0.1547413277407664,-0.7274787898419081,-0.2519054456041932,-1.2951611212271021,-1.1058527074895335,0.31424199289717974,0.08438895862429062,0.137170775252133,-0.30650464562656604,0.6897869912799504,-0.5002339661136554,0.999346370975016,-0.8824305253981083,1.055173151686271,-0.78358975900324,0.4696341012223128,-0.6671298461586241,0.14169994838591746,0.018011921008445664,-0.3244359433119158,-0.1948353612880654,-0.6958105920500117,-0.5063979756616223,-0.353366291913623,-0.23547552839042377,-0.5024356986543159,-0.0804223043080112,1.0863676149166517,0.2635581816728056,-1.1274272033865003,0.5406967279146933,0.3158782295728581,1,1,0.6766440580782612,0,1.0
107,2.0792842653609567,-0.5124486076946683,-1.0613185873357287,-0.8948333381443396,0.6369142954539696,-0.8017561205572193,0.3400605205553613,-0.4411758441512172,0.004589200233105293,0.5057890632545926,-0.47946525762279807,-0.32993740529613524,0.20232539351251427,0.4673107740440448,-1.2406267441562115,-0.6485822917934592,-0.9121510137619685,1.1245113387768153,-0.3862780407660196,-1.227937324164371,0.5891926208851321,-0.29018983320018144,-0.10988104924090591,-0.5094767946944346,-0.3343741467471123,0.03140846876489306,0.5999954893920358,1.407029883495993,-0.01959715126608719,0.23649144633502375,0.7217147183319259,-1.1983685039619294,-1.148197806588134,0.24376145839244587,0.4392750093046075,0.9308280558001247,0.1696435099187065,-0.19499378040251664,0.9230033309250011,-0.5348468055208295,0.7561018836948565,-1.5622123898263576,1.8859673859856503,0.9248463248761818,0.14302636316258416,0.926125494969894,0.7495020435928168,0.6365341191698457,1,1,0.8602933454939702,0,1.0
108,-7.472952942056335,2.959578347469825,1.6365512113815903,0.579761745762727,0.16133766105840125,0.8369250455319265,0.838892692612998,-1.8659055540459284,-0.3252120016525674,-1.3477707233411982,0.5624112733176614,-0.795329061784456,-0.3881586080163449,-1.8273777083096172,0.4586557452534938,0.07841343630041997,1.0934677423378525,-1.5165786801007104,1.1821112137624452,0.14104382858009118,-0.8701099165891675,0.9423676256513281,0.9678371704627227,1.2288882978892817,-1.3204385046433826,0.29169842619195463,-0.8623715592746861,-0.6943186590451709,0.08473321591678669,-1.3011915732469124,-0.2973463605282597,0.30830802929253126,1.1650919103873858,0.17736801961818635,0.21816202034839524,-0.5202488513863239,-0.8856560033054377,0.007323300645857065,1.0931162562711356,-0.0885054707820002,-0.29199650367668983,-0.8577356861563337,0.3623752191633906,0.07880010777662898,-0.4456625912914475,-0.5252550835026468,0.15052062840467503,-0.4091106479206495,0,0,0.9948881130139856,0,1.0
109,-5.368460049573885,-4.386211201129657,-1.5619089150255974,0.9485532251354353,0.9209584465816287,-1.5675457355034135,0.4703384826400005,0.2398819475642008,0.19874355311735112,-0.8318493175356098,0.4023114858482987,-0.4946564902822016,-1.347173592450458,0.5976525556345508,0.9136659491727536,-0.43261051079938806,-0.251543126399857,1.0907483785588061,0.44937101471982854,0.00885014833447112,-0.6881197584572869,0.7420964372826103,-0.4784983798009852,-0.4204220828580443,1.4998578897396073,-0.29119736447543765,-1.084000675506158,-0.603675722921606,0.28179149634033696,0.9786331399780256,0.1854595381598587,-1.8389504810951394,-0.09914339354445528,1.2358040535617767,-0.6922071061309758,1.3089363928983146,0.49596323721360996,1.2248677317609318,0.04121562087509729,-0.3195872907314396,-0.5623854693481153,-0.15914324059951052,1.3188225516839591,-0.034487481909970856,0.35212251141943235,0.41948030030457945,-1.2928039074717643,-0.0007879731780840769,0,0,0.9840175682626371,0,1.0
110,-3.264460764777175,-1.3694316046796924,0.38084378509759814,-0.6695395335450235,3.5032421803790137,0.05390259569081189,-0.1383519975918677,0.7751048700694316,-0.21078248294347904,1.5464723801682898,1.293761417878732,0.2550056482972902,-0.11044775206646762,-1.1696099781673215,1.3838171657228362,0.21930647184934407,-0.10008493454128715,-0.3535538792156216,-1.3158861919043676,0.16842202293502498,-0.44203944485857677,0.8640573347839987,0.6373604843939706,-0.8384235691108671,0.9671325513178718,0.22211765573661765,0.28515479697384943,-0.5239667811419629,0.9661240392248659,0.3328059056453426,-0.3148177112824852,0.03143342293181366,0.32368407995506554,0.2013008127624117,0.21399713395419298,0.3455744005797945,-1.2003555155671073,-0.1341337139225702,0.12461223969935735,-0.045677767253026386,0.732837249093016,0.7217041918144984,-1.2120874794779155,-0.36010913036348624,0.021295395462195034,-0.23032789387421893,-0.761589777129879,-0.3360482272135055,0,0,0.9534722236311751,0,1.0
111,1.075730641883238,-4.276373994176829,-1.2607571897052017,-1.1000599023942672,0.25291648546667633,0.6107502822967219,1.1770074133624369,-0.34281133230554534,-0.48655271657303806,0.12589064551543572,1.0978474592986955,-0.5199703395039517,-0.2527322861856225,1.2760910580146871,-1.4413514733481572,-0.38870924415948604,0.22406049202332087,-0.5264721673157784,0.6122825350363535,0.1364959722464956,0.4099892583554465,0.6124646644026771,-0.040927159557132754,0.5211625404206961,-0.5014277614575792,-1.0487039336940316,-0.21091212839273615,-1.3737097641228382,-0.8124214499196132,0.43182433642075335,-0.3811860604979243,-0.4253840012621652,1.615252552915475,-0.48827673083297407,-1.0269039578751475,0.05405937250146604,-0.14085578010375988,-0.3691658836502195,-1.1059798943574835,-0.28179274586142306,1.4252060965046855,0.024221638081266327,-0.42443852401296184,0.07065358601320838,-0.10116160717050326,-0.7063920255032519,-0.34537153904176954,0.6105894805527815,1,1,0.6347043602018367,0,1.0
112,0.6488333653606696,2.2878996420252253,0.031374322712965336,-0.44766100126859354,1.160475903329952,-0.9516466416258585,0.5779527935279416,0.12834825392744503,-1.1173110962204422,-0.9105068399077553,0.9349054638854454,-0.3724150896540688,0.7413428245415309,-0.039494197785385945,1.1112529597155676,-0.19671081797552947,1.2655868605934337,-0.7214163306250644,1.261710483044171,1.1802729108298105,-1.0384122451131068,0.0006158814667494389,-1.2045806428350159,1.5084828556357186,0.4203373246439597,0.7128255672377064,-0.020171933532154383,-1.0924292172654508,-1.287949667671099,0.6774706324715376,-0.1733540716794028,0.22475572820267825,0.30641270413867355,0.24243408993887203,0.4443675749770438,0.13472527531932713,-0.4565454391028071,-0.3163133670104623,0.46254488466945193,1.5785768493826096,-0.16520167331448554,0.8955576672110264,-0.05061524455274567,-0.2508174837509859,0.2247934118276877,0.11088326791538897,-0.2611545903485002,0.5806579812470603,1,1,0.7881846523571946,0,1.0
113,7.153365577701886,0.4995303045431269,2.1400539260073295,-0.36608672359792,-0.4974589423060951,-2.324333831168248,1.4867205565902695,-0.7090118736910455,0.5359752300559283,-0.384830721057807,0.1749190810678411,0.8232502458817695,-0.432621158881719,-1.0319792847313216,0.9615412251947026,-0.05171929738451397,0.17464409478910708,0.0701067854071448,0.9041072141858196,-0.7191969595567644,-0.14940947962360918,-0.5348949504769336,-0.7279100426193257,-0.8975765587854265,-0.29734633056509474,-0.5437161468390836,-1.0828582277200165,0.796633441789399,0.7376876851556419,-0.03779856490880822,-0.05687079042019379,-0.05693353421535469,0.667126220714248,-1.2896439665310846,-1.0351484832430127,-0.4940739037725856,1.8694377303976213,0.03774413317304416,-0.19007194039397296,-0.12673949367454918,0.9617243492989254,-0.7431630175134847,-0.5824052030912957,-0.0887847364375146,-1.5841232532165777,-1.4177097495430755,0.6687224391967156,0.2978100047814444,1,1,0.9879153507755294,0,1.0
114,7.635772687998764,0.553523605551994,-0.8446649592043503,0.31718934336006854,-0.11830352101094964,1.4522563750326356,0.5156910511819232,-0.21659762858782342,0.08769102194207998,-0.5696008442883178,0.7741095799419698,-0.20058972713944825,1.3112502252808975,0.08762781041755396,0.6187811741515169,-1.2414124886389777,0.8905998598456192,1.208194467470446,-1.3971024646072001,-0.17749748032900167,-0.6996361092349835,-0.39553430971639864,0.332591162868834,-0.27807572373675665,0.5414885927748504,1.0231692768224483,-0.5461659136818636,0.026093290788340887,0.23459396057986573,-0.4486537068518273,1.4341784218271307,-1.3275210682009257,-0.6746027889345679,-0.24065781751807452,0.28032749160410925,1.2689034405085544,0.5701832434865386,-1.347832810450427,-0.7438861832824929,1.1415579085958538,1.2584651146378787,-1.071871310590731,-1.0356622229045995,-0.10939853835121632,1.191154867919676,0.5397958652297296,0.07294059791194622,-0.26312832973665623,1,1,0.9798597471379367,0,1.0
115,0.08337038098757484,0.16348118975855566,-0.387403741029789,-1.2336366150287597,-1.2452488844848,0.8372232108717802,-1.7423814624178946,1.666417627400481,-1.6180172464439841,-1.1139422617916261,-0.7983790150074294,0.8917272385980386,-1.2517569320161552,-0.9900889173021306,1.2777592493222583,-0.12042713937188596,0.7159003507671787,0.41774963475487104,0.2215845967900091,0.8706100296129968,0.5372961880441274,-1.1296680666305081,-0.08997713778635476,0.4157202286384623,-0.60110059473509,0.09833732645610627,1.7325444930647511,1.1910273320941767,-1.382697242484621,0.9787882009725932,-1.4964688610373778,-0.053944234966331266,1.4507220922906003,0.8065413376347378,0.03215942447343956,0.13241793204689534,-0.19952628836277325,0.2627848216531916,-1.0756929759740554,-0.26657878899306053,1.1120651517577689,-1.1335329630970365,0.05499909304398547,-0.45258304607992045,0.2803103428515015,-0.008266807222252094,0.890094023716435,1.0370362488226996,1,1,0.6470877987040451,0,1.0
116,-2.3718442382785683,3.548638421832661,-0.12093429144124523,-1.3803435404682758,-0.6852491613825027,-0.8503306096901051,1.2031762897433251,1.7329205037472546,-0.5806966167375134,0.7482095980451725,-0.048168281137586526,-0.7548423156656981,-0.7425914610692181,1.0346320837381395,-0.03765218935730536,0.64426068507751,-0.4125412498991042,0.3712419735695258,-0.23180203398094912,-0.25297702953912027,0.5842474693916511,0.6508911143354451,-0.27314242161819857,-0.11435028927278545,-0.1869038756278969,-1.1455203460133259,1.2558844680941914,-0.25659677897960276,0.4686625881722567,-0.8902609410204146,-0.8511298862546571,-0.5200735319603655,-0.07575020075111923,2.1020521044928,0.19022032740463235,0.3295458771536204,-0.8154924719133403,-0.8096990140903323,-0.5058599859353683,0.818397228115506,0.7678385724481859,-0.44786771944401377,0.9660495754154182,0.06310286441180525,0.30852344097483614,-0.0944508862947403,1.1367491398453982,-0.1063714920625301,0,0,0.8798448987085061,0,1.0
117,2.6091776932500843,0.9153455878639435,-0.02410894594255385,-0.2224067403110851,0.09285520599266602,0.6779958304415252,1.0217462169949798,-0.9634684406230277,-0.5369658901932154,-0.6572207703269808,-2.616160543304774,0.9816009217738427,-0.6031670661461004,1.44876776509189,1.3970081130019547,-0.28271414899588315,0.9559387006490421,0.36278526328193184,0.5674483356621879,-0.10782717335721718,0.6506703835471677,0.7345234739482414,-1.247981493142435,-0.18750909886760928,-1.0802515452946684,0.022032009627264627,-0.6085986422125501,-0.8922676250074087,-0.14211481710649881,-0.4360542241609513,0.5649260826077214,0.6817571476397494,-1.5274541383566975,-0.40817380179515106,-0.03163816052549258,-1.4177358364542103,-1.4662306740358677,-0.5128635353188042,-0.22612117356918263,0.1709266408207714,-0.8523340364620229,-1.7244036186111833,0.6779999913806135,0.056047811079773927,0.4469783425560737,0.20706562435853476,0.6934492561435642,0.44463663132957937,1,1,0.7890035599341201,0,1.0
118,-0.9159870750827626,2.283219000340954,2.724691835725375,-1.1463302534663067,2.304133723656209,0.20049249431204955,-0.0928710062309063,1.906182931396784,1.2741714118284488,0.9156080574906992,2.0350848936320394,-1.526720340565398,-1.0323051230647127,0.011175193931785472,-0.9777090772871876,0.9786564591709449,-1.417217453272926,0.2165352099487136,-0.9487137315720383,0.9139953403698211,0.23649533584656796,-0.9361740037702522,2.1356600765443,0.14775363322756885,-1.3685100012752238,-0.3227030087188858,0.0787257212652771,-0.6036085728973591,-0.7943525893299784,-1.1841838524856805,-0.21017594794973884,0.6815196386255834,0.5173839661641579,-1.0254689766136558,1.2817443976150809,-0.03060121256437627,0.01406056491044517,-0.5071567205310812,0.40009433577261216,0.6947832627529998,-0.18035625674458974,0.35841629281019466,-0.3984956266491685,-0.7356500676985824,-0.7496880512215693,-1.0765325616054366,-0.6194242598459693,0.5071200661714216,0,1,0.5535686065780333,0,1.0
119,-1.3162003672030405,-0.07927088756528378,-0.8508267120776847,-0.868490240805111,1.4882518011111419,0.4488383721603944,0.15927489092093172,1.0537274398739007,1.049154635801645,-1.0236461665763184,0.12077302225042703,-2.0633876381727045,0.7146682264341879,-1.7178132308243932,1.0556697899558674,1.6090885122426002,-0.2934105901232138,0.7893132746094462,-1.3483299784590588,1.1851720556893424,-1.54122794120687,-1.200575936892639,0.10337041628731773,-1.9879036675719586,1.6491777869346316,-0.6133451426525744,0.9939256282374911,1.5755795585153451,0.8175833707918192,0.13568280090234086,0.13554287332592346,0.9436466869953251,1.201452012766742,0.7324447832145715,0.0973764446739616,0.343559616091073,0.15991941080274397,-0.4039311056841529,1.3638406445938807,0.7720873739319886,1.8206497115134312,-0.10110642007118728,-0.12856914496165214,-1.2268259095024248,-0.41547367535433144,-1.5512450006708172,-0.8311035447553217,0.01251447329075202,0,1,0.5130771569362919,0,1.0
120,-5.164172477534965,-1.6164473171585687,1.235697956850509,1.382843632460804,-0.39457656259754875,0.6628216639936513,0.7977317142670918,-0.5222115231601054,0.3421221372051022,0.371860531676472,-1.3647883090985744,-0.12867644906852924,-2.0367660420575495,0.08288198171404611,-0.735035238057503,0.611240485040988,0.40026117931456573,-0.2703852200293381,-0.6145776913687598,-0.5235183937010089,-0.2370241729922293,-0.2568080660591003,0.9573177339303971,-0.00815701659522593,-1.8831984767789662,0.01916547681400974,1.0299341628000227,-0.6056764506939033,0.7776369063239055,0.2739788983076105,0.4675362293394534,0.37916062228701053,0.107819194793506,0.47002880528437446,-0.36361218318525873,-0.0245279014947442,0.09297751177209804,-0.7051458596825112,-0.650072782891195,-0.4825567339873435,1.0265679081124857,0.41319999101301413,0.07186500046888533,0.09122745727236276,-0.3419945822676568,0.47866074886562954,-0.48849166498531055,-0.7417856594521695,0,0,0.9805628779421753,0,1.0
121,-2.127945025523917,1.0933369305745921,-2.862116767316505,-0.6351932500121973,-0.3451269033712255,1.5121988421058206,1.6308213053662697,-2.1716524300489963,0.6885200433436213,2.181901502285506,1.6893360779160729,1.1396196449692284,0.08633075621794889,-0.4880558769873948,0.20469787753193575,0.16432849595182894,0.4517294773540124,0.16831287199512096,-0.8073863863718972,-0.15465743033219917,0.8207360295989993,-1.388329966816387,-0.16221307611178604,-0.3876522832019163,0.10846433134037531,0.45369787184072236,-0.10187956980969477,-0.7367060983707026,1.044450922222703,1.1271954422195225,0.31195440375535877,-0.5350648348792281,-1.2664168329477319,-1.505040387768002,0.36141585258341324,-0.26994204229193514,-0.2689241015208574,1.421516007744915,0.8815637491996584,-0.4480950925569953,0.4251999230599175,1.6663890935628147,-0.9780646380678779,-0.17132934998063454,1.196375549950142,0.6074458669961186,0.06382086624752206,-1.2915355081815107,0,0,0.7948854451254157,0,1.0
122,-5.398459616355161,-0.13243173461390553,-0.2693641710870437,-0.5893770064427751,-1.3519605351536652,-1.2715970909095302,0.3924149964176674,-0.7694656098403703,1.120139362177101,-1.2027450616275244,1.0430412571147996,0.9004930935425196,0.8071495933679936,0.6295115538587412,1.1174271147421606,-0.5530234021997839,0.13013585001409606,-0.6504008607779614,0.4188910250620712,-0.41316470676458195,-0.5310811255756406,-0.6962110695746826,-0.39988899476969886,0.2105574733438101,-1.4632943066442392,0.6386541893398051,-0.0018062771450133854,-1.4957044866892513,2.083765324855728,-0.5434218913063104,-0.31598700417978254,0.6991079710519381,0.12283779652117545,-0.7276802152552392,0.8985286357005523,0.6432255749749316,-1.4609740387585852,0.16752024560272016,-0.2496234445429515,0.28829287570223866,-0.7174358959114769,0.5894265346144743,-0.09509961367081426,-0.6077608476525138,-0.14483700371741448,0.36767871977113636,0.3814844374821376,-0.5916712734485137,0,0,0.9784596534301894,0,1.0
123,-1.2093182149474135,-1.926434369641409,1.875546041992356,1.399654661427859,0.27114073177789283,-0.5706138957116444,-0.686334338200338,-0.7212494381090332,0.0206090861326897,-0.018870142030516825,-1.16936747176485,-0.8577839795143027,0.26183153035771545,-1.3299408530622012,-1.6253865904435132,-0.6828966702999246,0.21855353185473753,-0.3402672612390863,0.9866313103611488,-1.6389185048655812,0.5562752033428323,0.4002234438042358,1.2139851802255441,-0.9349591336815798,1.3145950922020824,2.7459785759272,-0.7117641485227889,-1.3447859352504337,1.3341198279598254,-1.3265183219007706,-1.2105609813705525,-1.309133660493042,0.5153465279752245,0.2398528764393276,-0.9250243957747819,-0.29844949498704376,0.3995165322446016,-0.30607065206277073,-1.071751797679981,-0.12713246365423267,-1.5770307716284628,-0.4882136419519869,0.021522903054099523,-0.08653992760575671,0.3280140334108386,0.2662431083939322,0.9193022988063635,0.06102125548769543,0,0,0.8414891649517917,0,1.0
124,4.539451650374639,-0.1391559420043342,0.9266020068626956,0.11359315401122143,-1.0541845219806587,-0.4019246667391291,1.7336918580018594,1.5464093683139253,-0.3716617260399169,-0.19969032510815735,-0.6462722668655313,0.6969036846816125,0.038680768031296144,-1.7997768995431245,-0.6460820016236783,-0.4165596049696648,-0.28096891525293377,-1.3674740305264206,-1.0972460007294735,0.8036003303189497,0.25912306443159727,0.18289015083823126,0.48416346225680024,1.9911755574213592,-0.08802577143366351,0.5444290335613932,1.4924399162488877,0.2619768348892609,-0.5183390078599424,0.35638801910604856,-0.08728848192214941,0.6282636940998947,-0.31311592687247874,-1.172281596965018,1.5598443886116977,0.04718757819788076,0.9829960256124749,0.6531360887604221,-0.3055904605763488,-0.2716458701694043,0.10434235996247622,0.6966777318818711,-0.9184301018880263,-0.8317153458973742,0.018810880526868794,0.23448721186654042,0.6669064127109022,0.7164452789134282,1,1,0.9588247603718397,0,1.0
125,1.655432667864883,1.268149718148869,0.5989479501984324,1.3686552158371776,0.35095834701359957,-0.2429622525699866,-0.38882325959702674,0.32285071482398586,0.09594683764231661,-1.6515123261835847,-0.616893907166715,-0.1513152411264312,-0.04861193237226685,-0.5734581577079992,0.5099916475894367,-0.47999953231912645,-0.49583825229819606,-1.3904695858783058,1.2892399749224754,-0.5334619568860158,-1.0333939075569938,-0.6441375642942961,-1.8035672450236702,0.3472080655458421,-0.6763469396222875,-0.7113017185701205,-0.054080850455810896,1.7052955632707432,-0.15305602070846072,-1.558939473219299,1.364529844478466,-1.2673762615457196,-0.07325026748960999,-1.1105006014061096,-0.20790462690662764,0.53453205097181,-0.01827927476662782,-1.2833151010644257,0.18177263412650493,-1.2456897378226206,-0.8871479178802606,1.807027603846723,-0.5091461455502136,0.12516591873041713,0.15435854247665767,-0.0066931302852052494,-0.3794030226050512,-0.5016349634805601,1,1,0.7085501817179198,0,1.0
126,4.264602159177389,0.9363457835290844,-1.0251071839697425,-0.07211265869916486,-1.4814498439634742,1.4276639494702184,0.09941613630411353,0.43502442510167594,-1.9838680209295867,0.05345665705782117,1.281500600113908,-0.481150335934039,0.7354115295270339,1.072802300624941,0.1616450004286518,-1.788335862522561,-0.5075366559098197,-0.38029200781525146,1.4219372943324065,1.0634443264779843,-1.2365402225503912,-0.415891904677044,-0.9581554626073469,-0.31799197065958107,-0.24606874013942215,0.23787130495230543,1.2158605076399693,-1.1006760327139808,-0.36281773107543225,0.9079606808535166,0.7521945261561475,0.7674261645061486,-2.1426929465238223,-0.40028438688685225,0.39918980188145364,0.7554774009458429,0.23160681444050485,-0.12026560684932619,-1.3066703305467882,1.185486684615356,1.1601129853966035,-0.06671232148524399,0.5747662458766066,-0.38894254439833137,1.0168855723406427,1.219867575082858,0.5755725157467778,0.17247056481322265,1,1,0.9754707521491914,0,1.0
127,1.8751751278559832,1.7659320531461324,-1.8153782872721937,1.2077087610752295,-0.06857363935869831,0.7675135468630989,0.12842775823556316,-1.1747291948138454,0.3443359030409709,-1.7951825133744166,1.02256875826328,-0.642950021560585,0.11701533481166883,0.8423873569222341,-0.5893832066903021,-0.005493424555956489,0.5380381030686291,0.6280751431032306,-0.24337230934672544,0.7235198635582155,0.5934137896637882,-0.9215673185999189,-0.5932816445786739,1.0952893406234636,-0.2208553957478073,0.5429308918123636,-0.35246527157710994,1.0235208014955939,-0.3692941065515377,0.406354213482139,0.1659476043076305,0.4753660593170732,0.09013408681585129,0.05445689130265143,0.7086345663773567,1.0996889626172848,-0.27784294145694466,0.41114451647125555,0.18262162440456034,-0.8885790213918714,-1.1997466117927342,-0.14880697927663086,0.7470292115178716,0.7214778115263946,-0.7893813461309461,0.38329146157021454,0.6861649050460901,1.1092007249345228,1,1,0.7602184653440772,0,1.0
128,-0.727814685244348,-1.373063791233702,-0.809605488569775,0.14175255761028002,-1.401195433500036,0.8559035761801406,0.017357874830155558,-0.6551852226163593,-1.850362654687139,0.36832489718208855,0.8832397319377215,-0.20281151393081367,0.2587374564448785,-1.6572060763849183,0.8378179301952466,0.9869099938776867,1.4689349920316757,-0.047457853106529356,-1.0511884505029219,0.6382538709355727,0.7113758012987141,-0.19138830150400948,-0.3708445040109552,-0.21428411752386695,-0.5272325590106449,0.5175361021843561,0.39894732949728406,-0.821296840106063,-0.7481930219169258,1.7329239974102157,-0.2871773471264919,0.19455253536253644,-0.8147569349482033,-0.6315193058693254,1.445727601904487,-0.2126786010140326,1.08311402543686,1.2425770323490104,0.5878364671734732,-0.019445390197174135,-0.7048037143158622,-0.30006832899294034,0.060401657059457596,0.6630048581906769,1.1955700764389934,-0.15665777021293315,-0.46670890972924006,1.038299078753256,0,0,0.6750322414087876,0,1.0
129,1.1753466366011993,-0.03369994576730224,1.3472865733685702,0.008572707541985634,0.07102465205543472,-0.21591824425605444,-0.20745662468453271,-0.31128826145578475,-1.1437470459443693,3.176990530694197,-0.21663590635449928,-1.8546112328272188,-1.0489114784075575,0.14109225030777103,0.6677086161677368,0.11237515853655192,-0.2708165088852353,-1.8123870083191127,-0.744796378520135,-0.9954058394920906,0.0473150500844507,-0.6829134257157808,-0.38423518689427505,-0.9962821635959486,-0.2575584220899793,0.147412502029502,0.5384425418495633,0.40859873155094173,-0.567557435052,1.2009105620741962,0.2642376071945892,-0.17450920140756954,0.05639250013545499,0.26780231087892825,0.1442302959116829,0.42101981992759396,-0.10362466680676313,0.9888903769554113,-0.9291696397663136,0.36278777034375015,-0.45553782384231734,-0.7323503795956614,0.841239038867729,-0.542094521891,0.11744468472491756,-0.14723030903025652,0.0847390932950445,0.6280242414101579,1,1,0.8344249662424356,0,1.0
130,-1.7804155151399155,-2.010839316628832,-0.538222041451975,-0.15199883935829775,0.2839528260711476,-1.2811639120908247,-0.6697827637696445,-0.6284008333638932,-0.08647501696942016,-0.4913732044156387,0.59449019235275,-0.26682294883143653,-0.6147718539421124,0.1021194736353029,-1.035160299877301,0.6348765311327602,1.7608955551288554,-0.6952771186729986,0.286504329760283,1.3810316942534677,-1.7181740665199696,1.0885492386478466,-1.061329802732516,0.33393984225877943,0.2493426960517735,-1.118373619452088,0.04316851059352279,0.3176241957085592,-1.056211242481846,0.1967255296974785,1.910939026591057,0.16952392407782355,-1.7456898057792065,-0.4714075275358118,-1.1994207612430545,-0.6450424507057332,-0.43646034563939673,0.3273146112786942,1.5167056649495458,-1.5450484399971276,-0.07082215821320025,-0.46788211644717004,-0.405492051741659,-0.06763479958751989,-0.3739779082857635,-1.1547369833066976,0.5189171447455057,0.19273749235562151,0,0,0.5366063950157376,0,1.0
131,2.4252076832363976,1.258827544938544,-1.2859723431323022,0.3855516203045985,-1.4537637281596674,0.23678582360696376,1.097218125162634,0.5536495383653292,-1.6883781778883127,-0.0779167389344983,-0.4674524067188528,-1.2774259857466315,-0.8117633075430655,-0.8782219758356187,0.2015406828973568,1.7054308560795899,1.352879591663667,0.15546252635657398,0.2305531207838479,0.27514969038863185,-0.3338870951666195,0.8590466756815585,0.1691974061452451,-1.1098525182105223,-1.8551462881733447,0.10123944603183908,0.15976735801738215,-0.25572498392401616,2.5860767203097286,0.12975793383325282,-1.1658346090929637,-0.7578826001709479,0.47832661217836003,-0.16943681873346828,-0.6771017889617221,2.4689290283754977,-0.20129170348575676,0.9721249341846477,0.027208032062811346,-0.26969224641456846,-0.054855476337969854,1.2485744073008695,-0.23108745190157484,-0.19486696478622526,-1.3052860315294534,-0.25670765903638953,-0.263854935419862,0.8760273544955247,1,1,0.8744142716824004,0,1.0
132,2.7769483635307792,2.1754514005158567,0.37230983782823646,-0.609372659114815,0.41015099787255915,0.5371398049110667,-0.2920856387981765,-1.4905519678628745,-0.9517408322873263,1.6517997861531002,-1.4069212840071328,0.9531111242242127,0.8578722124144733,-0.47877748536568454,0.7797289484906113,0.9663106935653726,0.6362678250324522,-2.480905012981403,0.5942652440974657,1.5512612388232867,-0.49957848712644337,-1.0650278667997926,0.01328578511880089,-1.0603735989125256,-0.4729933316730201,-1.2417911628913454,-0.7080158753067738,0.29189332400173046,0.23617153242911132,-0.7787763409338497,-1.0116373568999462,-1.3872258311181929,-0.28666713684366235,1.125532817675526,-0.3937426228385129,-1.7969444691523482,0.34639073454945124,0.19424808143177422,-0.8535689496452136,-0.22176668841631025,0.052430729518721485,-0.47354639157194944,0.6376309893413686,-0.6964316914106166,0.029692475295103635,-1.6448123071085874,1.0396179606703873,0.07175665934126217,1,1,0.7808253002603295,0,1.0
133,1.4526443207013533,1.815665976944743,0.09929162937022863,-0.024935437409098985,0.7408835233575106,-0.4507810979417888,0.09229601592478731,0.6556018623807208,0.02544249349583977,1.0341353078216238,-0.1703201137924527,0.4292794128964964,-1.0302635999366818,-0.8448813687170533,0.9383707226034856,-0.7039748644811095,-1.4884371843960296,-0.7981260119745506,0.8820270221605467,1.208961334519241,0.0006991943262087567,0.30708236686972007,-0.08929377136928733,-1.799392274513609,-1.025211279731635,0.08725092494472904,-1.7802115179143323,-0.4117176700818803,-1.3600173886032725,-0.756752526796931,0.09585001386806817,-0.13492052399882837,-0.17470246528943764,-1.1183761669599768,-0.03774696986960521,-0.03191925730005093,-0.26034544215294914,-1.1988265196155952,0.7720015492091709,-0.7773916063163652,0.4083124693852549,1.668204551881947,0.12530798840039745,-0.4135323062534005,-0.7757079433610954,-0.7883361975835333,0.7203772232377337,-0.6449415609775986,1,1,0.8432374301941468,0,1.0
134,-0.10606833819193139,0.6934639410187957,-0.5000650218859446,-0.14893987885550528,-1.2092340157791324,2.0860611351145515,0.42414199613841863,-1.2615312900473283,0.9306686370775078,0.9172214963031912,2.382414944489645,-1.2123892934272182,0.6594382247980616,-0.3094310460512334,0.014016172311241987,0.4048873870407776,0.23502834139135317,-0.1075350326182843,-0.3692233072676864,0.31350527061243516,-1.0598474579250068,-1.576053428766049,1.1865348572297842,0.6035842726157787,-1.5828511430069772,0.0862550479436875,0.058256391747627985,2.16166218513182,-0.6902360336981745,0.31821044258729114,-0.32044396378254447,0.9341077863627681,1.143639466359817,-0.6660995416076968,-0.6443693889060357,-0.22885495105018586,-1.259389133897591,0.5225805408562653,-0.3423925735643785,-0.2954268076480623,0.700428489303027,0.38606979065870617,0.009005973812410674,0.27313761669406705,0.2269833581664374,-0.25699131035577266,0.584811168112024,0.27507147644304425,0,0,0.5583454243478946,0,1.0
135,-0.7603694881297188,-0.6743544016355006,2.8494509163310386,0.7530264392782618,-0.8990855175197752,-0.7244550060333106,0.964492371539216,0.07293009732062286,-0.7934469996867228,1.1313331803951128,0.7626847718322748,0.17361565512478935,0.6025620797239131,0.9002951502932678,1.7819313282765123,1.4148599158821562,-0.3198316127913297,-0.9537026456005245,-0.0044614627579748255,-0.9460491303970572,0.178407972962756,-0.7773056519580732,-0.9746052312133134,-0.4919300141143847,0.6271011181292747,1.0171134175920242,0.9749340933676032,-0.20970135053212954,0.7267804099829102,-0.6856353814211621,-0.08181761961149782,0.19362106578047864,0.820971223578727,0.1287441706678904,0.49804694128385485,0.611258039993045,-1.6223296157139395,0.6094823393369236,0.32472938843182303,-0.7723374766036717,0.4093441452432587,-0.6279902132749098,0.3730966046437309,-0.05963000040359322,-0.037924578229961856,-0.23143562043039562,-0.037018849030227806,-0.4611598433878818,0,0,0.5907176141231986,0,1.0
136,7.635809352937342,2.769123465674725,-1.4305466208184738,-0.15036310735832906,-2.3407796136961596,1.2831305295485946,-0.8428584883415531,-1.2636894920821677,-1.230752504785559,0.18119203517028537,-0.9582903094665818,0.5851141746880619,-0.20249262662093523,1.5662400190556771,0.5252741887073288,0.06762753580916937,1.1345906443812623,1.3065886701008305,0.4159314133264467,-1.290809154251946,-0.004912561203111242,-0.8550608256248284,-1.136138148273166,1.382456633803749,-0.6165906918273786,1.8273763771089302,-1.269241551667011,-0.3859519285008829,-0.5418646413125736,-0.49227991078979266,2.3443792393980183,0.6967122097877092,-0.011071471131119746,-0.5982440229679882,-0.006991822708090975,1.3373327132798574,-0.9120091445120236,0.7921531744910191,-0.18280307646460128,-0.7283221194628909,0.05801877387090072,0.3245314115959384,-0.6511236209710517,-0.46106661447856817,-1.6413534764361266,0.4291746951700888,-0.03716925132239146,-0.05532745748905933,1,1,0.9935698707512067,0,1.0
137,1.131273221899597,-2.1258902635228574,-1.5555076050633352,0.4972402838952234,0.11134039757776015,1.202129376967576,0.6304666198086462,-0.4441233547890262,0.27068118992170376,1.2176124639263441,0.3628862035037694,-1.0551337617316527,0.5431778784476368,0.0035493537226515457,-0.48662809085140074,0.029234674724896628,1.010522849240936,-0.5245833083120616,0.6408598889654729,0.5116114291585646,-1.5685136684987906,-1.1749178733972012,0.4168917395740416,-0.13356056597812607,-1.2576756539966776,0.5405448740121475,-0.03985676517639037,1.6405373639037346,-0.2804091321242842,-0.17173245599884948,-0.6609933752283682,0.5278153624430216,0.9228808920448895,0.5258695242580215,-0.6103553296556589,1.0514928366941048,-0.7401297740103409,1.277149916507638,1.6118930028520995,0.14166882453359125,1.014725228363387,0.4390213903525129,0.9246144467841965,-0.32890708584531847,0.7856141206675111,-0.2183276872891803,-0.33774375644371163,-0.5125229930487991,1,1,0.6367875806974697,0,1.0
138,3.5468503244323215,1.7686620341567547,-0.8718846936771126,1.8503100040675489,0.6632903226611574,-1.5993528796503427,2.6068135633922696,-1.3118434273038606,-1.4230850995680016,0.02815843704152715,-0.41552578906305865,1.3512822767805086,0.6441236088122019,-0.010540267048435317,-0.6805218381551731,-0.045285991079199436,-0.1945292552890545,0.3093666343937533,-0.681416748278786,0.6858130461902612,-0.3434060783657249,0.764476748171047,0.05022593853413472,-0.045954136753234016,0.2515236770809316,0.8820483170613039,-0.11154703020264684,0.04255806982556639,0.22532228737109253,-0.23284316625955465,0.15200812858876783,-0.1491567420545519,-0.33863791594041465,0.7457261139268055,-1.4979594702768528,-0.3167152398070934,-0.26397699179361944,0.3774669333552795,-0.08997046552190179,-0.7884572600044686,-0.9759887051980541,1.0634402097680558,0.05491207840085199,1.3711292803347472,-1.2258413519370444,-0.5124096278030792,-0.1156026583743916,0.49344950487841577,1,1,0.9712758051968757,0,1.0
139,-1.7006857715914951,1.0222346229194927,1.5578051657313556,-0.8304931044081333,-0.5856314259551977,1.9434777024293501,0.02193532083598588,1.2401324759035426,-2.561302215741752,1.0442282727338406,0.852845445328123,0.16085979591874885,0.4887028591204873,-0.26330074129325387,0.6927929452800221,0.5546517090917531,-0.7541741066026327,-0.43285832831626053,-1.3048702559745031,-0.3580263050336305,0.2580545727196362,0.09476520000380956,0.5089348877911016,-2.5761211640353263,-0.636000243794137,-0.019959556610828672,-0.14488962621451548,-1.0498967404071762,0.2779211963460262,-0.4945933243428085,-0.12067692154401115,-1.111578861370507,-0.5027547407698892,-1.6651557134887343,0.2433762128737404,0.1238638032507055,-0.5041132307202957,0.1339488554521319,-0.6700004246401361,-0.4424591928979463,0.21198459981100043,0.4181779642799148,-0.372545333623956,0.7491724235842723,0.6840265200008574,0.654192609553366,0.11073288009601458,0.8207676138877749,0,0,0.5363567209066181,0,1.0
140,-2.181333367913559,-0.953004764280052,0.20389664360262816,-1.1338934138720347,0.2897918676694111,0.6462626968440697,-1.4355658420067343,0.5478346617924691,1.2907524103353747,0.7100145380074362,-0.7255760747515504,1.2270709015059942,-1.6885695740926274,1.9549847217345484,-1.0968717950480542,1.4464108988852606,0.20393888019596165,0.5580594952665752,0.009879394399951053,-0.008755350427822549,0.6550698204283784,0.027767228779992933,-1.5803781097335483,0.5234053494394962,-0.42114187525233615,-1.0495698902578583,-1.5359711617411747,1.3016348407791793,0.05411478989419124,-0.29895494384782956,0.6768976542544367,-0.8971216930475179,-0.5989062952603783,-1.258736415512863,0.03405454252425875,-0.56170656353928,0.23105998179115422,1.4649940437828046,0.7466306090506969,0.0600826526179498,1.87894261945326,0.25910648389718577,-0.06010288266148049,0.4048991697883972,0.2124398620439931,-0.31099616562825194,-0.6719730105888435,0.07693473108473238,0,0,0.8962617575116242,0,1.0
141,-2.6818293216988156,1.6717500954840419,-1.3140874773673916,-1.8677327320972326,1.4338894635319555,-0.6847469311666351,-0.8250193341247148,-1.5396417853613922,-0.4616050398819812,-0.6890218004692312,0.6869170034018502,-0.4586943036324952,0.32387733342504554,1.969207641956971,1.795696063776073,0.404238230082724,0.15281319538106303,1.2782388858613107,-0.23926861797279264,-0.08499770886987677,-0.2992865485394811,-0.7898625393302012,-0.12637900091189688,-0.007473889101536285,1.3997511277525592,0.9056579071891593,-0.15722692605823171,-0.7462304017947995,-1.2677823715383458,-0.6132654939997438,0.0651618305209783,-0.615212748303545,0.8346345517617417,0.9157154044934893,-0.4478618322823008,0.021605260830251632,0.09996472962097402,0.4687812215365335,1.4750590032198785,-0.9105303340464669,0.09606710540911388,-0.43771967080254165,-0.05662470342148012,0.7852337952443919,0.7037541910470118,-1.2369249911613507,0.6600377644955456,-1.1727052332460506,0,0,0.8839132623961631,0,1.0
142,1.6430831406275628,0.9736329605485653,0.30006568128899996,-1.6973758710882545,-0.027348096065034768,-0.1900845687401948,1.3044129664416753,0.052004871314742115,0.5024605135346246,0.40562464227641737,-0.3469457430278326,0.6988814651971538,0.5089782304859867,-1.4160923865422146,-1.8914960697648695,2.1723349800857874,0.8558005708880244,1.7417355461944315,1.0817514721473733,0.9649317665460131,-0.9989049708403074,-0.8122127530166326,0.1327547186815506,-2.3376354796047667,0.1456712805567321,-1.3335367477191131,-0.14396437390578187,0.08857406350124386,-1.2013097326567408,0.4632949757670897,-0.6536010692169975,-0.8100317282186069,0.6720893675915076,0.42693743952478963,0.1365952889460573,-0.10686339054956463,-0.9686181832330872,0.05852449251721355,0.8433147992186709,0.23112769871508454,0.19525553343409843,0.3640236229660616,0.698969917558662,1.3863583186968393,-0.594355717180457,0.8936210363615434,0.3583871156857298,0.5064383452425826,1,1,0.9025293223406211,0,1.0
143,3.58835375083315,-0.2679772102471214,-0.3875929894927337,-0.08313298538320665,0.23227261938124383,0.7278281169952221,-0.11707151075967508,-0.22623124008627887,-0.054495456744492826,0.06875079165931774,0.8504277166253297,-1.3979583942873723,-1.0518882115689958,1.7395913153942528,1.388382142248095,-0.597911486227324,0.4832099993842401,-0.6597072645008386,-0.8234765210844127,-0.26414175555098146,0.40073877340763786,1.1885403413870714,0.8099462668172108,-0.3265127177682979,-1.855867558520514,0.6636973480825732,1.1678810210693662,0.4103501538964864,-0.7504520020194922,-0.04593820600918082,1.4402223779546786,0.14078296729153203,0.2890049443390587,-1.879294070926967,-0.424665697406367,0.31735986421554424,0.3094682437559864,0.10627764402144742,-0.014243401814656513,-0.4584407351878419,-0.28338699634115344,0.8269777958042187,-0.12369982917816799,0.36720689478326307,-0.9661082911292512,-0.9470104198037039,-0.3716905340502331,-0.3247740815570834,1,1,0.935855647459671,0,1.0
144,-1.8198189456279,-2.781406000307676,-3.0925736989419743,1.5812389014531305,-0.27051989061621334,0.6282257628391366,-1.593462774979181,-1.7884232956251174,-0.15651156965618201,1.1297606436393437,-0.3033696475402273,-0.5658177861233408,-0.2821482619132765,-1.4133671936038592,-0.9033389258915605,1.1763526386836187,0.9522021436059558,-0.8114455799940168,2.083429399485878,0.6366008595140489,-0.27473598938837934,0.06292875421823618,-1.3725010863723515,0.8431624289380719,-0.6411180997675087,1.2036205642531943,-0.9710867983774906,-1.1190125758974219,-0.9574286936092389,0.224835277250785,0.42346562435034096,-1.9928702375850618,0.8217670891843251,-0.0961983342946733,0.18078015209776072,0.04202479122898409,-2.2984735414430215,-0.0857786065503534,1.0165797714761515,-0.6439350439807829,-0.7197219895142394,0.5332948295756137,-0.4146175138611421,-0.07715653174630875,1.0981434736434827,0.2277872431832307,0.05731720199302473,-1.4397030186964708,0,0,0.9228463718411619,0,1.0
145,-4.847988138096928,1.8579373927617444,-1.574332359334354,-1.2964301064566517,-0.6192381970001274,-1.0131151125114464,0.07636820916913425,1.0482473921316704,0.97768143248995,0.6770196792566642,1.8024858290576227,1.130770295687463,0.9060854651789861,0.6426656076882412,-0.21090187507578192,0.5211354328291825,-1.0125549276181323,-2.8973603334329137,0.7379187832416353,-0.5863313977218225,-0.31684821788799555,0.08426780464985535,0.2200503559719333,-0.32810311816066146,-0.15324261523103735,1.0748970389968386,0.42954209903270046,0.9142313909546073,0.7892949291792098,0.4274929068746255,-0.4117146674312903,1.6826821130652168,-0.7580749853686107,0.8788467859307364,0.26631883479707563,-0.8287132679729113,-1.2370058690792463,0.27694780622172077,-0.7686116408137396,-0.40767229545777717,0.49646579031800503,-0.4867111475516352,0.16885036440446255,1.5833680320798824,-0.04143676132603047,1.07672693270977,-1.0680294134489816,-0.6688115637782467,0,0,0.9393472398550077,0,1.0
146,-6.234927921553523,2.7785020251288124,-0.6557108346250606,0.25286069556570007,-0.8974891612801075,-0.9664858006250593,-1.0535213705448787,-1.008538733679942,-1.3585369226876054,0.49351000499959663,0.6346364556349394,0.758368067042159,-0.3932247073691291,-0.023519714918277885,-1.1807173800324147,1.1537557168094263,-0.35327110978158777,-0.7825176292656986,0.17331871472059435,1.5432941224221022,0.5152191383239002,0.8649029598064762,-1.655861478531765,-0.4962348251571988,-1.9333221058283605,-0.3944441670679569,-0.6402542310110819,-0.2678338498297398,-1.25312682878667,0.05967221695048759,-0.4298000006280721,0.9576416784976302,0.3854932309943624,-0.7768715310082629,1.431501892678196,-0.15434223894252425,0.3737254918024253,-0.02065202251212815,0.4763390391856598,0.07986558483784184,0.4469321942902173,-0.42762041089634706,-0.1462900217430467,-0.31521986524142664,-0.3117465564571815,0.08816226020857541,-0.23184781953890543,-0.46983526073268356,0,0,0.9824749086731444,0,1.0
147,-5.16340364687104,-0.6709907695553243,-1.5933612214347355,-0.7036079213626314,0.1473901075458995,-0.5453144805959634,-0.41569783347617806,-0.7412500306039075,-0.6899803999304178,0.16908317713970247,-2.4381883932384443,0.37224994177303133,0.04950313827592872,-0.406565353974758,0.45421963515627123,0.6195982493008175,2.090016429417371,-2.3355877436882926,-0.2950362559964695,-0.9627533433485862,0.6932582200556262,-0.8444098588622327,0.2638531468058555,1.146833960003501,-0.7260199166250325,0.19892607116357233,-0.1791866284304352,-0.13646635460858594,1.6817739172331856,-0.28201029673976064,0.702597812105398,-0.11493675774332503,0.47090074866032466,-0.38725241422734685,0.1501504169414828,-0.1258179321785798,-1.896387395888223,-0.7870319113864085,-0.057282507597568685,-0.9453711719710517,0.22794751317833434,-0.526396667873821,0.26633187690084964,-0.01722168044586853,-0.22461640258546012,0.2993279513869596,0.674822913307931,0.4151837289880559,0,0,0.9664989038038436,0,1.0
148,1.7285471509063632,-3.5825410760372893,1.3481261618526368,0.15841262605365738,0.26522008910033423,-1.6534263317277347,-2.26814687385819,0.3892785399083176,0.8435408759559193,0.7119870699168378,-0.6560636946788206,0.6781843893638808,-0.12271562254585966,1.3702435054675253,0.40050689454909694,0.21469459617786402,0.17144586255951996,1.1654626943537338,-0.3191127142643816,0.2301523758069762,-1.3717934882558778,-0.15507262412470524,-0.5838390520863873,-0.33648419995642526,0.14072450187506025,-0.42817416795625723,1.18485635944995,0.3661971868025144,0.9503082819533506,-0.42835459318447006,0.3528859706237807,0.2889832205997756,0.018951993604770807,-0.7574729260193996,1.396773563739281,0.6332262348125332,0.017882236280901003,-0.04631086634484913,-0.7484215358763039,0.24715381978225598,0.4307138063041019,-0.16915907096181124,1.5938706847434256,-0.15160497078806084,-0.40620733873314047,0.4494136263706732,-0.445071712722824,0.6733530715180617,1,1,0.9371167882070669,0,1.0
149,1.3216378477598498,-1.6544238675773593,-0.22500141785851374,-1.2514221970059536,0.6664205507615748,1.0323149291626785,1.9193765986526317,0.5688570463556463,-0.7235587343755766,1.185329073757232,-0.7948043929686323,-0.8524950828922615,-0.3133695064095907,1.1424848151871334,-0.22347323334374308,0.5718862733806452,0.18229939792368752,-0.20883617970537527,-1.7971153423458115,-0.5899871295607471,-0.11382116459282987,-0.5458013591297017,-0.018773543253623955,0.2176832624899856,-0.1471420390560173,0.057047952983654525,0.15329752065462937,-0.16916463920985284,-0.6253159887114254,-0.2904980117605913,-0.5225417057298123,0.5023042850644772,1.018926104806973,0.978177977390829,0.9170520179139601,-0.6048097058870787,0.905761173841247,1.5520693330885291,-0.9697516507357611,-1.0184102539333086,-0.3898493111283218,0.7548656035588697,-0.4332862022881168,0.6385603828866031,0.08616655791999352,-0.13286307891335866,-0.31325118233627197,-0.6054591454128313,1,1,0.614161266811381,0,1.0
150,-6.0304916397923805,-0.7074938060226207,0.001414794383266689,-1.238922894536711,-1.3472928725014282,-0.6766198702992101,-0.35477755073546013,0.600259762963777,-0.23414447569148805,-0.673690572234868,0.1527334964658121,0.3402953444896303,0.2867748715621288,0.18542588623708903,-0.4593066051577506,1.1507792174308733,0.9106635971028175,-1.5584664098675136,-0.09404810017265827,0.6509369175866538,1.0852654875641523,-0.24858528500698707,1.095562580739519,-0.11877584777720654,1.8198674460884927,-1.272598988687051,-0.41145299408008634,-0.2766145280362338,-0.8976997155438282,0.07529667901119826,-0.04372277769173315,-1.1284660482740003,0.4581979751789011,0.420827978810347,-0.7825858986428563,-0.4497896549270762,0.6738142597506509,-0.5969149270846574,-0.4836728117529777,-0.4453228169626655,-0.6424669394824865,-0.328559009333553,0.6946887495877163,-0.23338526151762642,-1.4000581886583627,0.2950848085690969,-1.0190139865137553,0.390774932201357,0,0,0.9936685815749272,0,1.0
151,-0.151365840454558,0.08881558661701383,-0.7974991734840812,-0.7446099461706746,0.8117839863261822,0.4685335613559913,-0.1708272872687328,0.6678398373864453,-1.8454027664763568,0.46572494806577824,-0.15983742940620024,0.5206576689065867,-0.42319923492286904,1.004732674459057,1.393433034125152,-0.636084523018621,0.7699629548260994,-0.09520710881017881,0.6046297362686402,-0.2875454088986367,-1.0650186579848102,1.2848926066685593,-1.897543628120536,1.4677778858094341,1.9192802694080722,-0.661564646738842,-0.7002303652186974,-0.48008823557886227,-0.2231239532797474,0.7354673068521911,-0.4883715215928873,0.8775120116972133,0.3754173530327238,-1.3169605961062014,0.608018423736796,0.20730085193003678,1.510862256975938,0.31841585580568077,0.5625773624092042,-0.4517823083037619,0.9579106432231227,0.8286655363198846,0.26719665291083144,0.30420684783719726,0.6211192131957519,-0.48396772780656266,1.215685816467013,-0.5289016900539389,0,0,0.6603279854579439,0,1.0
152,2.7233166153301522,3.8637296856944023,-0.28658438012040127,-0.6943260587575812,2.0516840632014635,1.1837876265608107,0.21336304300703035,0.6852086515364916,0.2366511280885062,0.27434627570644193,-0.24494164609227115,-1.2511331514323554,0.5043742997308915,0.30666275272589877,1.1091952836677519,1.006649404286552,0.9356442479600235,-1.381984868047348,-0.10689156889218954,-0.4260348381030642,-0.6235059963096529,-0.09782976775194176,0.9280657914411787,-1.4554278346307672,-0.704446856811745,0.9242625215374043,0.19344243998050392,-0.5856825987857013,-2.1580935918027326,-1.2471736133457378,0.2747548109756364,0.17633333271406595,0.6948316953679968,-0.07289162103991587,0.0017025664592540844,-0.15843018702630918,1.020534738743754,-0.6267775918470779,-0.49719556887269173,0.8102668998167356,-0.22016531594875963,0.43498821649917807,-0.010466461564684691,-0.17553250831988307,-0.9535562660946341,0.3059266371169468,0.03968754482577913,-1.1336842089600814,1,1,0.8943732169476999,0,1.0
153,-1.628234149779543,-0.3033492833491024,-0.2965500688365007,-0.6819885560137582,-0.6854828278545049,0.40012742338535057,-1.1604940981522824,-1.137747119660852,-0.32366571321075577,-1.9574580113221647,-0.36137217965331403,-0.4969277058887129,0.25041158040701805,0.9352216357241416,-0.7874556438407214,0.7860169299005181,0.3158167240211976,0.008358623435637036,-1.8610929963310439,0.667022108393758,0.01747187656621723,0.3583634191878072,1.0896767548263366,2.1145614692189296,-0.023535284611602567,-0.9754166981352027,-0.4730014987654611,-0.013242169134338797,0.6440222323448718,-0.2587590479961148,0.9922785235680919,1.0495960086337495,-0.0926683305679288,0.5704196992188117,0.06031563011200771,0.7287981852426655,-0.2767329726917675,-1.6427631020103381,-1.011521312907534,-1.1083594418746945,0.33344020874379937,1.0175051681364056,-0.7404960565048162,0.468827496796964,0.3390455681723033,-0.02656501747244644,1.101252311027377,0.24909070998344668,0,0,0.8801598645654585,0,1.0
154,4.906154013995979,-1.054760234512527,0.3845792683407486,2.3816159415881346,-0.7744315486346705,-0.5870552831190293,2.0740423797951575,-0.42371673841455254,0.44605525895625925,-0.3566773720801778,-0.5054973216783294,0.2966367413044716,0.2435350890020202,-0.7540139355183617,-0.9215941679192303,0.7603301460757832,1.7273702198373821,-0.3272931130910941,0.7880281979010292,2.183735172804184,-0.819487903273711,-0.5915718905425602,0.3005226720080332,-0.7726890806112773,-0.6167041179431428,0.4482672954971615,-0.8461690042316269,-0.8231971808098194,-0.04531103368271252,0.582637228612155,0.057221991808612316,0.5897671944680742,1.1130013077883962,1.1420000028010995,-0.27353004730649627,0.15621290244768302,-0.040146861644315676,0.8190961617084869,0.498631466004544,-0.284562335467157,0.7092038168212246,-0.3717136473776168,-0.010817093196022427,-0.02103785106439986,1.1524483916333739,-0.015414236885810367,-0.7203773104396024,-1.15287997040398,1,1,0.9543361382549033,0,1.0
155,-7.748163427877118,-0.1331308981141456,-0.3950918387763732,0.7162917436382169,1.509250464653953,1.2337282219016796,2.020056848876591,0.5867491604257641,1.226353864928021,0.26041249193334787,0.015392527017231455,-0.07597404624451086,0.22173876756036504,1.7430329002479854,0.5409178282693063,-1.4327513085934436,0.5704822395448292,-0.7059284166972493,0.2553131930951483,0.6534547788949963,0.6030348653806815,-0.39940399366325885,0.7373515697791059,-0.2396918665073822,-0.7808144930546418,0.28943721663054434,-1.317944924770223,1.8185374204329339,-0.4233450956413632,0.40557820985810006,0.0021841349992527317,-0.5555500778585344,-0.5428755817849145,-0.09035231938850292,0.1965377926861304,-0.25939141581922087,0.4961740031548779,1.2179185728879918,1.3104392336651374,0.07527898710070603,-0.4518850088778568,-0.20680133236441223,-0.2155985769014153,0.16124571470039137,-0.27231298517588404,-0.7372152782748849,-0.48750584820430665,0.550777493151964,0,0,0.9968694153773608,0,1.0
156,-1.2195532999416263,0.3222375119122778,1.2733480282643186,0.8128826285972195,0.939666880814887,-1.223262560284364,-0.6228538897382434,1.0854023781663225,-0.5868943048089323,1.0500107385927255,1.3355627872772375,-0.7617876179207321,-0.37080425092613767,-0.7487188688896904,-1.7056526345405416,1.1847616738819227,-1.4129577770607653,-0.83809449721574,-0.24296115709622407,-0.8758885262671778,0.3107802606509468,-0.0364982129764195,0.7507773693565044,0.11607174467519017,-0.4773463288510912,-0.039208552865732986,-0.015511117663655337,1.5463297281532986,-0.12743817683177658,0.9537137399797871,0.6154508169355837,-0.7166693713281967,1.4198277117165545,0.4539858900157037,-0.16800897406955503,-1.3334885622890047,-0.7766141568941493,-0.41621656449822475,0.2651278793642275,0.7647850103622307,-0.42691678598179567,0.19149134897797787,0.41935115480458074,0.08033238881384656,-0.20136067946619327,1.3307362076408003,0.16490292853531946,0.6273787801948509,0,0,0.7009160458890171,0,1.0
157,-2.224629320021017,-0.5753831907698933,1.222027198111358,0.011125409283145487,1.5551147560671235,1.0415841959300642,0.19002859030290992,2.1154477875921263,-0.7336893404798578,1.1016632381515201,-0.19785746194643425,0.432832787838484,-1.5124471491618656,-1.5176554118244128,0.5955600666666162,-0.48517690249363565,0.13347859956526692,-0.21690845506658837,-0.6640890195717559,-0.7616200165349647,-1.4868459976645967,-0.43689422504544284,-0.13096808179984404,-0.18952241163927055,0.9430400433927582,-0.20061189048250277,0.1807825455403011,-0.355150533179234,0.2036259186307001,-0.4789311540047235,-0.5617967147814336,-0.02875068838532342,0.20828482873608264,-0.810669135848483,-0.22363072471266962,-0.5282941261277816,-0.08949650937792654,0.9573054769043035,0.5437220077464744,0.0993977439461435,0.5748218280889629,0.21896112742321616,-0.42230197948603604,0.5972774685077197,-0.7324609043635304,0.3197470681144042,0.33077134366852007,0.9000609801776206,0,0,0.8764177705906181,0,1.0
158,1.454156158141892,-3.928245154114326,0.969541752521827,2.024595338614564,1.4975833322012237,-0.6349512542336243,1.17829589609223,0.5407070969843906,-0.1074242437615153,0.4762572344444443,0.8929240030115625,-2.6913860941994256,0.4691433697283428,-1.2826967788933732,-0.6709354289193851,-0.8310192765999609,-1.0833820001774548,-0.7627531433672252,0.7542505526361986,0.13497056561149248,0.274073247564227,-0.0948069671470763,0.8207936842528089,-1.6669054513080246,1.470510109824165,0.15409654073878595,0.473240172253039,-0.8216992334635429,-0.2654076183618196,-0.46334059878796274,0.30763525092118077,-0.8825212552169402,-0.6147041752959466,0.21176611389121874,0.4121891359382154,-0.9721029668484347,-0.8474230326426555,0.03654891444241534,-0.00869149842114436,-0.8398492651304741,-0.1893522734064182,-0.16686692200033884,0.0406241925486428,-0.5273391977614684,0.38111226767809214,-0.3006667689439513,0.5077482220168102,-0.4628856643202784,1,1,0.8621124680009095,0,1.0
159,7.748429192351489,0.8397078545435098,0.20355543279567903,0.903421603256363,1.6979494777758393,-0.8830624605918984,0.3389389425222736,0.305846194045459,0.7963750660982,-1.442654843588129,0.5710145662122456,-1.5415028984412429,-0.9916403843233186,-0.515707546960533,0.01209640574085737,-0.49803651864654563,0.03067244568757399,-0.5335952307027133,-0.9590534876973842,-0.7382507377569456,-0.3930864174637345,0.15195737236329576,-1.1516733990502142,-0.44872957265190294,0.9021281220688763,0.47241575873378094,0.8592413699211986,0.7023845761621551,0.8670893969927557,-0.4880277561210557,-1.6094752234483127,-0.27129197792564935,0.9652599958113756,0.9578170915032158,0.8312720576017077,-0.11245062246835025,-0.22013736458048214,-0.7461993095159188,-0.14008513472002174,-0.00303266944813028,0.9042210892597925,0.8563475990135528,0.12689458583152072,0.478757626851733,0.5210053739416911,0.021625678550730325,-0.27607973413576203,-0.42884369641332104,1,1,0.9938659468854012,0,1.0
160,0.5434233276654551,2.251381874408437,-1.6915014043670906,1.1189430812214132,-1.208969679975474,-1.9457271844744624,-0.05607285796816969,-0.17550868079813825,-0.6303498044652119,-0.465245965156285,1.2129204899286679,0.30398655799635027,0.11697432908534121,-0.4307749077133715,1.2128582094821678,-1.236197548104624,0.5995502872701999,-1.0327276523070352,-0.9650228816421225,0.6869170685025774,1.7437597926798476,-1.0898507102090675,-0.594009221447792,0.21361338954455542,-0.2668098127615655,-0.398437327407224,-1.1163904648803649,-0.568997370622579,-0.1396372901334618,-0.42982743364896536,0.6528835270121173,0.06214607108850092,0.0477007446095097,0.21754763541621422,-1.0985738036407928,-1.0725189826293111,-0.38469788085514006,-1.1952469700810469,-0.7347485766793455,-0.9859301856899695,0.40165722962604444,0.43193749592563235,-0.3195043566856349,-0.23984195016595042,0.7023474235225616,-0.34143034471747835,-0.8789556621537451,0.15954862790437985,1,1,0.7140637097884479,0,1.0
161,-0.8188564065501149,0.7529719802612617,2.1089263243488485,-1.1800668634185154,1.372660852578362,0.4968913346960585,-0.8873828620798937,-0.4054100433875942,0.47393946821750715,0.9074742329999625,1.03810739051518,-0.5945563644634267,1.3120221616719339,2.2066862443341764,0.508831126793824,-0.6085095425422338,-0.8666896631469568,0.898644128309702,-0.0911351804522155,2.1326475886169587,1.8141298761459093,-0.9282537289467496,0.7560988018301651,0.35654689733731326,0.5464213728046868,0.19362878056193608,-1.337488812495271,0.9213979400694846,-0.21305149114623073,0.8694930783756892,-0.1833099957884033,0.5329021446217584,-0.270074677874314,0.7934815697361178,1.5748998888016748,-0.2211815718586703,-0.4343857736160454,0.08883844357197071,1.121976224377907,0.9738696041453023,-0.19075331724527997,0.8715196853240327,0.10214191969223801,-0.32744824744453754,-0.9350685332041442,0.20704887307720937,0.226626263540446,0.31196703488636285,0,1,0.6700835068202956,0,1.0
162,-4.904360088973046,-0.3956555291127352,-1.2644469741808353,-1.0199092057888315,-2.425714443488576,0.5926706139223814,-0.2106457794142266,-0.6243398706095545,0.2115347850371571,-0.33787986576069035,0.10331822111284229,2.151708530394926,1.3016587265138326,1.3247607411759867,-0.7531693394369778,-1.6540164159225739,-0.1639205164248253,-0.4021296458135458,1.871424931622069,1.7208090209623783,0.03384406059034933,0.2936535024285787,-0.5705706389275603,-1.628472707880563,0.5035180717153979,0.5575780040507207,0.9514558112316249,-0.7863487766256072,-1.120825801986289,-0.5675883865280092,1.759577342367756,-0.06818354199174345,0.4631661719344651,-0.37078597632172355,-0.4145471895229879,-1.1163454934869428,0.431385682913074,-0.16502276051717335,0.6491040676098613,0.543167233077219,-1.3566067955512435,-0.016824176411384246,-0.4960436191260072,-0.6965141588300443,0.9134599358221489,-0.6098715805730353,-0.5066651840774258,-0.8958133622409683,0,0,0.9265984969882539,0,1.0
163,-1.2904617690125195,-0.1410768813057619,0.9909832473386333,0.7686062300780903,-1.8799126281432226,-0.14230724085663804,0.962956256963478,0.6858546897058695,1.7660551991404922,1.9444029883891654,0.25615363016766113,-0.5688490576454837,-0.4154974813267995,-1.3800062094710877,-0.16715658925116125,0.6543298989448957,-1.2777359168975804,-1.357544856376683,-0.12953590730905265,0.19489576795477725,0.8495279692447978,-1.3246055620474362,0.14840261356982473,-0.0067580575742450565,-0.5435788417887323,-0.33233825376175347,0.42752597932005865,0.18837441807029556,-0.4224451405236262,0.7297319977467704,0.4803328322209295,0.4492635006810422,-0.09606989875093937,-0.7719548401875166,0.4036720088017546,-0.3522292060028285,1.243456715266224,1.6968975904650674,-1.1337244553449928,1.1091273759360398,-0.9842808455394704,1.0592121552387375,0.4222971260331105,-1.1306141185768437,0.5094584570958335,0.18224628289089992,-0.050162185232863865,-0.29457709757700273,0,0,0.6268311936534053,0,1.0
164,2.524349633150631,0.5216673363502575,2.167530803926762,1.6455020226088048,-1.5544954079229099,-2.6502708919976055,-0.028874128881027514,-1.3659247186822299,0.5738579459717549,-0.778665956314751,-0.6806089002866592,0.5864743487140813,-0.051689298121951895,-0.526316164610902,0.7889161491021494,-0.421603303228459,-0.8494742764304748,-0.6352299853215447,-1.1840936813530154,0.24455777690189817,1.288450231147439,2.5243314373553387,1.816568763549252,-1.0849421547456948,0.677364730875743,-1.2597389859050157,1.3567016537144205,-0.24601710673790267,-0.8166453698728343,0.6266389726976366,1.6932198206278946,1.0554739764953054,-1.3046829960253121,-0.5503541098448811,-1.2925260099348537,0.28423335980376147,-0.9999089799036023,-0.07720102523071794,-0.5367862598893799,0.4547794588244915,-0.5123165793706967,0.14579314805628943,-0.1744200385977732,-0.0567208936355062,-0.05243591365194375,0.27454053466419864,0.5299142159947166,-0.546753787143612,1,1,0.9720436282767679,0,1.0
165,-0.9253177535749508,1.4835591706663374,-0.9299201182260514,-2.4961907327990422,0.6727741937433858,-0.21633133606495353,-0.04571558713629,-0.17831313601306217,1.4693144506113245,-1.5155921673919208,0.7046881867038288,-0.15448165955167895,0.09668374032234318,0.8115472089415222,-1.4613290862992308,-1.5267773357983199,-1.9197828599783289,0.16587263816167808,0.6414018486700187,0.7648554223340674,1.680559850388865,0.06189670560776597,1.9609198723064996,-0.3998227806005448,-1.1585582121962648,0.18562127611801044,-0.290470488763368,-0.7455822034311228,1.129877291644985,1.4119418712995397,-0.7184388295334873,0.19490671153746483,-0.335153894793053,-1.5923608803447744,-0.4071749647044701,0.6424340026560185,0.24405994330199723,0.5122526099994952,1.6316732081950425,-0.7370388234316142,-0.4530464410634825,1.5920736585696242,-0.4884129948329955,-0.8658873678701058,-0.9119262963553096,0.11388354215167734,0.33880191337506504,-1.015371085525843,0,1,0.5468880591579258,0,1.0
166,-4.983313534338749,-2.235272050744014,0.8738205329054178,1.1707469310159773,0.4895981284829208,0.9949401960563236,0.2829201115919662,-0.08461220215771387,1.1884028500613766,0.8237824546270126,1.5249110411110929,1.1505824172977654,0.8997638584260559,0.7337208037027125,0.6084443931822405,0.5526274856846061,-1.2723306496696236,3.133587867738697,0.550756753359991,0.21762458901598294,-0.8040766231494644,-2.2354250603131556,1.2514009016926853,0.08911684233306691,0.4244721606538894,-1.1902936424844708,0.3951114388733199,0.9439977737970201,1.0390731780985374,1.135165719305246,-0.07290547078025657,-0.6353920857228644,1.3343762188300754,0.33185823594131264,-0.04480941075434854,-0.46342605461740305,-1.0651524768764982,0.8186802820230761,0.41049728392264145,-0.8801213042836358,-0.022081531699765723,1.3313483881469117,-0.644087399333338,-1.3664068092014225,1.0144973580418288,-0.03158477219246999,1.1697874513711028,-0.46034131206093715,0,0,0.8677669488656485,0,1.0
167,4.174604397520696,-2.0683253449970387,2.169325942507626,0.33708828270069274,0.2704868904036069,-0.732024066458672,-1.001564474832634,0.2277477905807949,-0.3943415947284258,-0.6957347283176993,-0.08907590825496278,0.37943648412704095,2.055883174636096,-0.21959276112025228,-0.21568704221041765,-1.1447347380172117,-0.48152707919275345,0.7637848632277373,-1.2728603197964594,-0.44881177019406343,-0.3044664806254568,1.0344869586369387,0.5383799178952313,-0.5256574912919597,-0.508720316774355,-0.7886924710451998,0.3300766770355897,-0.4886106057534638,0.5090877948369257,2.1754801512944484,-0.7782649653948189,0.4418409107251201,0.5735095487174688,2.275676369567774,1.043717181580835,-0.6543045217473428,-0.24844509473167525,-0.964616960460684,0.6029878572018557,-1.2951582276536109,0.27690627316421607,0.3589008682353564,-0.10210629913612615,0.8061434862683718,-0.3154046649572711,-0.52045035560023,-0.49048206875353856,-0.05214549871965306,1,1,0.9546236413386668,0,1.0
168,2.8597739031496063,2.814321482873054,0.17820069135632796,-0.3106129098217691,-0.06649991951269535,-0.8470619179709876,-1.236784497825843,-0.221424678590643,-1.087102526369061,0.3701191467413009,-1.4622162005664132,1.0221950646326332,1.8535792869695742,1.886649690051548,-1.946762918050378,-0.4518360582086092,-2.860481008440468,-0.7598618225841322,-0.5366542279849561,0.2794086883091724,-1.3338253801956683,-1.5469737654141154,-0.5321428952190062,-0.575459253139344,0.4638400321653402,0.06332293892815358,-1.9550761468369424,1.0278804784456252,0.13607488367645995,0.5294562860294241,0.4445169338382678,-0.5785128967021173,0.08665752938350973,-0.45186570762884987,-0.4458954725708288,-1.3432563530587833,0.9145111299577086,-0.20327087991845155,0.22727881727164398,-0.6787835114960408,0.20139885770526741,0.0035709597685089573,-0.23377584242098431,0.9630064519000961,-0.6991982473282692,-0.6641368380794391,0.047252868288762954,0.9983737459377113,1,1,0.9640943413510477,0,1.0
169,-2.7090050119621685,0.3978235135565814,-0.031792690534529155,-0.7586541583303151,-0.6849690278233078,0.8369270293790512,-0.440109549544474,0.050834136432872865,0.5003313501204921,1.24890551004999,0.23301452520799296,-1.1002728072818193,-1.961088059234925,-0.8076544668399296,1.077585632947975,-0.8933205728904231,0.36410930399715274,0.31730236352654567,0.6391936615939255,1.8617924497359746,-2.133938990827274,1.1345231386093118,1.0266001961393816,-1.2628768060582494,0.8466024437167166,0.7572385018787031,1.617282051291998,0.08006830034699901,-0.12249158222174575,0.5734379148490389,-0.9485702714376719,-1.6624687633788298,-0.12646026826713438,-0.35920928433611876,-0.2369424401012349,0.4697427341659633,-0.24856569959692987,-0.320307947285283,-0.3500163280883924,-0.41974138154698015,-0.01010833458445031,0.9598638092287896,-0.7666562895449708,1.3878291327141925,1.0793308638555283,0.2893842026716118,0.3936409679044905,0.27071875652284844,0,0,0.6600087511836391,0,1.0
170,-1.4410891912189574,0.7459941003711886,-1.0717122157735175,0.5739891446745272,0.17803022818061992,-0.2395898246877513,0.30747694445271007,-1.6158619746399334,0.5885851915479893,-0.7637169507091774,-1.8418105493875507,0.892323248161555,-0.8520781773024039,-0.8392004219507526,0.22241268622367416,0.5449554495869036,-0.37756329084496687,0.021189911078488527,0.09218744232258287,0.17236073582618464,-0.3427570799895776,-0.38864415582738027,0.3187655913038144,-0.9048598278316154,-0.4595883675652584,-0.10255140954410473,1.5426095227215595,-0.3288718204965754,0.1883842125268792,-0.14442116173877098,0.4516111925994222,0.3794536444535667,-1.0795886401257235,1.0799994770137291,-0.5121819680340126,-0.2012403439157251,-0.8498260986789845,0.4167822086411775,-1.1343596703443595,0.8021881659633525,0.5190010107147047,0.27218058679675117,-0.570781668484778,0.014289367685156075,-0.9515800373425392,0.20658930774131873,-0.8113453923609162,0.6022417241818873,0,0,0.7471422519011198,0,1.0
171,0.949199355423165,2.4870075931578564,0.18635399087463397,0.46119297353921024,0.763650166377212,-0.755005293456195,0.23278174037809718,-0.4146374422086891,1.4597810208932929,1.2073920098027116,0.5695424634841116,1.4584652590500844,0.5721848547676623,1.107962341190966,0.7427056555172044,1.788222739163563,1.5542625607215526,-0.4177418949269266,1.0681034019945657,-0.807892560799002,1.0120604971580704,1.4913771395329005,-1.2318844445153965,0.931036329180909,-0.5076541935709319,0.21567038808659086,1.2565200022239078,0.609613791283961,0.4242695260187702,0.24070478585337288,-0.6094839261167153,-1.2189795031908075,0.1085137572752814,-0.6957908943337786,1.172031336668369,-1.1046691547361969,-1.1896139308734683,0.780719742910964,-0.2010740069780356,1.018173434450853,0.052932570128098134,0.258636470483746,0.1304678907746385,-0.7617356471758597,-0.05224522967063251,0.10105492839792302,0.05505442758450046,0.5101218736792337,1,1,0.7997795567030881,0,1.0
172,3.831394455168313,-0.9039085179514856,1.1338282444856782,-0.019530528778769166,2.3060888627322473,-0.37614341257941875,-1.7886415220060012,-1.3029377724603228,1.1234378520463975,0.9094297314227383,1.7573654437883153,0.43283873967031666,0.08386612881799917,-1.6799285245570135,-0.6767798599530401,0.6416150213193056,0.4278962724650581,-0.060264047528123685,-1.0897858278222396,0.09068785589809367,1.2167097223544374,-1.0387126507231461,-0.3924760354425438,0.03795808286536078,-0.09006511960550906,0.627983411587896,0.45478357892538723,0.6068544960586658,-1.5182113812867337,-0.5447097879314423,0.9741624145985813,0.23353792219850122,2.0138550408190725,0.8288629092074681,-0.9329893316919916,0.07201703655320742,-0.2071166253558981,-1.064115120740234,0.5583323795847134,-0.9977971361607162,0.012191785214685556,-0.1896102293625877,0.37899966656494144,-1.1340391490306116,0.5501042229198236,0.08138466623770255,0.271618046528212,-0.2134092436203047,1,1,0.953353507258888,0,1.0
173,3.4692619902702946,3.3680705386740835,0.001965784306931835,-0.8032691683420923,-1.4656833275518342,-1.5249707551871998,-0.6136511327298743,-1.2850537235739052,-1.0896726240522459,-0.8048376766840327,-0.025555648162476866,0.9853113001807827,-1.196124319471195,1.384230217406277,1.3667591496236655,-0.7765090837488905,1.2456379688790788,0.30783967933785256,0.5806530833659378,-0.46424669385054834,-1.6342564070907597,-0.11602797421304531,-0.07754039481079354,-0.6951136546888691,-0.4704165752046366,-0.28579314886470125,-1.0924243040717225,-0.503387832140462,-0.4884921504488845,-0.607272475038224,-0.1584986494705461,0.8410319903488899,1.0351243838727107,0.9980794798066891,0.08993728063067068,-0.42610427540613216,-0.17441495624084258,1.0586394857882506,0.7213651681799246,0.3984982767843884,1.7508940662457817,-0.0426795957992669,0.466353194959196,-0.138623063525128,1.159513489095674,0.4377434904415502,0.475806360282293,-0.8273517796655476,1,1,0.917368506920916,0,1.0
174,1.9211207381895483,0.8273593602706301,0.6243964493280403,-0.7242384415776341,0.01879478805863526,0.08009261398356,0.8334909882149001,0.8488460659776617,1.8228467434521034,1.4033136576873595,-0.37605700393810254,0.23538969409120458,0.9028019576265132,0.43644362093001526,-0.17700097849201907,0.19960132228460192,0.8938278845122467,2.016615342388798,0.4627518539015678,1.1011133205284198,0.03327760666576536,0.08329404292197098,-0.552313629061253,0.3112610390789069,-0.9786881011463497,-1.619361228461702,-0.8399391685782033,0.46547379209209594,0.965445293176621,0.056713970942476294,-0.6424292715258194,0.43776043078095817,-1.3705223564449243,0.290480530251524,-0.0540940868495733,0.079357811363373,-0.3028156836353237,-0.3417543150919012,-1.5879887205596952,0.605096910629594,0.7530532414759658,0.349638045803111,0.562731120636198,-0.3345799511476012,-1.0297944543798023,-0.14376478887193292,1.2906950317718489,0.8487944685459836,1,1,0.7004008671170577,0,1.0
175,-0.1966823279907368,-1.1946707042126385,-0.9970375761867671,0.7015077303749376,1.7086759787925587,2.258303559054312,-0.5143011148181896,1.4348905707858122,0.7041337079677382,-0.2568795070562787,-0.10685657196671484,-0.030249577349317738,-0.4741122258894328,0.8365632830540153,0.5401585419720731,0.6151282999273581,1.5541988737446413,0.8486568272867633,-0.9004195020412986,0.058304237447711536,-0.1312157505274946,-0.5772457434689947,0.8882792408844326,0.48597002238521186,-0.13412673362645253,0.6088225996470131,0.19264615098872834,-1.328500642623699,-0.8249235745686075,1.8181072968942906,-0.7914502373963815,0.5056753714314971,-1.7814710631496091,0.29919761982629894,-0.46177488267570377,-0.7121453910894794,0.3849154217453245,-0.3503940615614744,1.3947368555315884,0.17121151992721137,0.2881187920603038,-0.017437580309849016,0.4420328948417482,-0.4615908150661772,0.47024136941985817,0.8175652525966296,0.5883923059967361,0.42359300621598134,0,0,0.6852205510387335,0,1.0
176,6.1057499446494665,-1.644738117229562,-1.1659873818081425,-1.1262825506974854,0.20172154479431675,-0.4534447856965082,-0.567145917753364,-0.36997700416940715,0.09079437141372361,1.0755982702193732,-0.5782653534989445,1.704305571429041,0.9939842386042002,-0.12650483342751942,0.6303171020144729,1.2248785841969783,0.935352637209506,-0.5891142255130553,-0.22462121013642367,-1.4312378791220592,-0.7651219552637039,0.19881165716000015,0.7196111905329865,-0.3125352352141877,0.5278331081247388,-0.9128368210183939,-0.5332064226356364,0.5942939305680642,0.6576493958477243,-0.6305888597523666,0.17710477084132106,-0.11988082089421492,0.119321221461347,-0.26495326446002543,-0.17618025651347188,0.4550009491793447,0.5021363773870235,-0.5008047587903722,0.5916172098524877,-0.3082370046749574,0.1010719476856624,-1.1059756674966603,0.3306807126413085,1.2653716382167057,-0.007551577145138482,-0.5609609613279102,-0.004853798203630207,0.020143186230596587,1,1,0.9849696358985077,0,1.0
177,-3.524060437627319,2.093731226313864,-2.6173568276278414,1.9510482740131783,-0.7328271232076734,1.8245414088961673,-1.3516526944417537,-0.8867281890767121,-0.08722953363130384,0.4197047503842833,0.5175716309543235,0.13976880755780474,1.0690585672129047,-1.350298946420985,0.001196492404220265,-0.8250111391049251,0.5189347899417759,0.1781463563200353,-0.333648996926942,0.6155882240737011,0.7951504888339681,0.5998752943409354,-1.0980202445134692,1.1320545765245664,-0.05657882621619157,-0.1705339622237723,-0.8255145302559607,1.0953569393895406,0.3963064904203049,0.16583836930047613,0.7235031629917134,-0.7413859846594459,0.19988402822263718,-1.0380212641054272,1.256527956377858,0.025624141049672255,-0.43600556126835166,-1.5634448422113885,0.582943839831467,-0.8203514741223563,-0.5722468606643879,0.25352813703598814,0.38387115986268877,-0.2260859392401273,-1.1115071843363111,-1.1242821270626946,-0.25135782524681677,-0.18861277720705905,0,0,0.8935087659259916,0,1.0
178,-4.157786662221292,2.8321693097441556,0.22446375400615773,0.993128659486657,-0.8000613043818627,0.35669344067800085,-1.3926621077679713,0.11217021171354276,-0.6495742742275951,-0.2747490204197417,-0.9067569923266862,-0.019323889885247966,1.8461732634343753,0.06868633673736584,0.4801603659544803,-1.6655958755581735,0.6140725976533249,-1.6267502133238005,0.9743309365686222,-0.8649513260617987,0.9514534089183907,0.49218597587412644,0.7949184423102156,-0.06404590882726893,0.5967147668700017,-1.4627321859721463,-0.6064004165459307,1.8707434995841272,-1.0781052379842635,0.3552207425337126,0.04442604472883901,0.1669236974818757,0.5921817589850944,-1.8652754223061332,0.9666680967593494,-0.28064083827535674,0.1709094846845396,1.5183786965388815,1.0281319334381134,1.15292220924538,0.9956806078569874,0.9340379731663255,-0.0905224237525464,0.5992028025126623,-0.3268941971198931,-0.46931037800277814,0.2776752417864202,-0.46448877873619776,0,0,0.9279159807899898,0,1.0
179,-0.460468846955457,0.8693880627825212,-0.20101905159449523,0.3724243697668216,0.26223210973573746,-0.5976066197879139,0.987661337435821,0.2893167940389453,-1.546350463028969,-0.37125031245822,1.717238070280743,-0.8946956659740004,-0.8041988397626578,-0.6152037708617965,-0.31117820961336995,-0.7730638341781308,-0.04558719351108014,0.18286817596566615,-0.6848696736193589,-1.073143416604377,-0.11102603518664686,-1.7662703182209154,1.0212693303492186,0.9263819882617309,0.2277004601833351,0.28783500953733065,-0.6137497135420563,-2.1097603878549527,0.24377861403591453,0.32578473865046803,0.4106613446041026,-0.8771435287185623,-0.8034970070611471,-1.0365057192501113,-0.9622808879479513,1.301051024368386,0.362176734345685,0.10820548175583254,-0.2941635110679254,-0.9638977062654178,0.03612897579899337,-0.5075459476234162,-0.4480987446203906,0.5352957526434521,0.636711025787686,0.21506505830603434,-0.5566273407590117,0.45741238110768956,0,1,0.6000257014908416,0,1.0
180,5.122435119335091,0.9702121938096016,-0.3145842810272616,0.5045830896501944,2.2956792723399415,0.659301724188475,-1.0063786976641003,-0.13920539296177467,-0.8499643972188534,-1.6019132626062194,-0.4885512209369267,-1.5262144353936489,-0.9217091163854052,0.5224283844787856,1.478402809430963,0.35967206040404487,2.9452833520835693,-0.03140235618564826,-0.31581860321404104,2.052690628823988,0.02398958779140657,-1.8281078401677076,1.3526466475327985,-0.04005411292300375,-0.41501879195911506,-0.4327070111337447,0.613549249695449,0.7945961243750234,0.4197570346357719,1.860570013271355,-0.9419883200170418,0.37661554266607666,-0.4138323925651338,0.5135940470721565,1.61376439663245,0.695163603422618,-0.9093532044812174,-0.3518368927826663,-0.7550752767504076,-0.2184021821729102,-0.8733407371024827,0.6440638006549932,-0.7714541148225318,0.8801695429553624,-0.5680387091250507,-1.0671336309107369,-0.04884681829505941,-1.4936513252098467,1,1,0.9777342520302065,0,1.0
181,-1.1230588779836448,-1.1523032371245525,-0.35077968773342405,-2.3889185840188296,0.4491135489959309,2.2042852474086794,0.017230221633626926,-1.4048242658439076,-0.39080637062440704,0.7355439287731019,1.1660055736850374,-0.05592032175075184,-1.4331557560384462,-0.6185443020064227,-0.6704099125833362,0.7666976609851152,1.582431999675738,-0.039575997681845575,0.41500897358801697,0.18576542174529828,-0.11081522515301076,0.2621178316790884,-0.7522434616147234,1.637562398607589,-1.0119373758277863,-1.232376469737873,0.8936901185897644,-0.6970341593450201,-0.2770724013720189,-1.1020907894369287,-0.9337981203571215,-1.8349113591510413,-2.158624007426529,-0.7821426797322698,0.5560601346904673,0.06068442143593718,-0.03470704651447342,-0.38909636023880717,0.30817986029119193,0.07194476752844658,1.0648020226388524,-0.33025666467247056,-0.649031034665376,-0.08162825661840895,0.22025540543716543,0.25967952380239046,0.32234677359615305,-0.042621180204416666,0,0,0.8615454859778174,0,1.0
182,3.5138932853912372,-1.28075296570484,-1.7440806630275911,0.5717136781174336,0.7148989523120762,-1.6492372801695316,0.09500343628062585,1.267087853445452,-0.7687449834955932,1.0626447718254601,1.1288811777187207,-0.5130184581826366,-0.24791282555808794,-0.7560902847158272,0.878391779566215,0.06269591562838076,-0.638237388686628,0.8186510765404137,1.7816458699992381,-0.6148798452037654,0.18298218795636076,-0.43537991406090315,0.8222930650470591,0.9085197769118298,-1.0097207525049798,-0.503352827899431,0.32030789187678954,-0.209590062876583,-0.7452776631381749,-0.1220752290331541,-0.7011811060449711,-0.22162913941732032,-0.40725198925213485,1.1474508530922283,-0.10742343270698859,0.29339371306069,-0.48810507808952613,0.9304358586625004,-0.03953469286760044,-1.088341928438899,0.8451248858174013,-0.0016107426149844955,0.39169568855118564,0.10586738596559409,0.870850850168632,0.3216693752902713,-1.348094510707729,-1.3292665212562351,1,1,0.9141667489395269,0,1.0
183,2.7201109551210974,-1.9152647876863858,-2.192445897548307,0.05372876813007954,2.1527664645821156,-0.0316896048795133,0.879219541447884,0.4029741551474257,-0.16167365033344566,0.5946568586725726,-0.8363972197736655,-0.21096131546415176,2.0244427130385936,-0.26608350998668384,0.3566028675146545,0.34557743821241943,1.6718595821640894,-0.14446694191099085,-0.7716985556430782,-0.1701925577157442,-0.3534448322417973,2.0035054454522703,-0.6253624284957352,-1.6922950898768738,0.5529989708489556,-0.025790204955856866,0.7218537679333324,-1.4091916997004614,0.35366415122688566,-0.20205101266709516,-0.3330105411926096,1.2934607937366107,-0.4361319685314262,-1.3693801246101216,0.04619291108201579,-1.5329169690466473,-0.9555178063382563,1.3663125840985195,-0.9088888099635581,0.22146233715235342,-0.20278462153967777,-0.13177816117503138,0.7976386819689454,-1.3590769944228784,-0.19924262403564014,-0.055943242670986285,-0.15109649538999506,0.5638582880710107,1,1,0.9284894885457831,0,1.0
184,-0.7819113585482907,-1.2365440120940487,0.28241498158135125,0.7605568885401486,0.07402610180026814,-1.3110401481724399,-1.2895900837012697,0.6826426983027197,0.1463149901634798,-1.3085585468941636,0.38547838111698873,-0.504906270082112,1.0094463121793822,-1.1549336750425916,0.5692827831489761,1.3523537631288067,-1.4740189274510238,-0.08102559963940825,-0.3545898489235901,0.4088016191346905,1.3549495295818095,-0.07241574357308338,-0.633887817725747,-0.9611883243502446,-0.8284562695150172,0.10148349704611262,0.5372591304743198,0.43313583663605326,0.5867161660809407,-0.6863437841763759,0.7784377670337674,-0.026352354741199468,0.22891622163370234,-0.01394202142446783,1.560365239719056,1.0187074383732806,0.22095672797252833,1.032682405197831,1.2774945162780567,0.8216887950005003,-0.42526682361367457,-0.8950409871976346,0.021549732312653433,1.9896130429412877,-0.07924490662558274,-0.7585400170817965,0.5154901602229408,1.2731720029467741,0,1,0.6360313599945968,0,1.0
185,-0.9262600168411568,0.1180966223150262,2.475063222453234,1.3477001908471016,-0.23691250159257135,0.14258197454557647,-0.29099507528578655,-0.8276834844872317,-1.4739686061996142,-1.3022204167069802,-0.16970642574524092,1.6836107346207887,-1.4266520625294408,-0.985690802588503,-0.9549819691772975,-0.2997721878415753,-0.0707179496501721,1.1440688684494746,0.3252244778813611,1.6743801274338166,1.0592787707441187,-0.3656334899068924,-0.18339685226148303,0.3724571340893775,-0.282758186445204,2.0860513066083697,-0.43803340646516925,0.9360927072050836,0.737351637814197,0.48316011340894,-0.4834285784551178,0.8390560929799461,-0.501542488210849,0.3938127504595763,-1.611780232235414,-0.03161227780790811,-0.6126957706826365,0.2002612911429038,-0.08873754343752223,-0.1879328862463636,-0.24046892855905783,0.20355925624130888,0.17251323021380113,0.4379344584523322,0.0918828612302369,-0.07056103501536343,0.6629291045888531,0.3288923081204963,0,0,0.6103267750651703,0,1.0
186,2.5011485265364213,-0.19336497495642033,0.011754553593880075,-0.6978917926417926,-1.588890112980856,0.9915230700833984,1.255163455355866,-0.3581528764828658,-0.11603559123262537,-0.07554385596263562,1.0344612221528486,-0.9472806736746225,-0.32494082886988906,0.24468991315977456,0.10369322861708624,-2.0135611663275554,0.7882020318085747,0.5291618791768993,0.8189985408523495,-1.2751393640469264,-1.4555175853112303,-1.5807045148484618,1.1855560234955003,-1.334704915703554,0.4710684644900626,0.7250509223106106,-1.4969999643251646,0.4230398224377809,-0.033561343643220054,-0.3593922679590987,-0.11026226347000338,0.25286895818941996,-0.08243665933618365,-0.965901907795041,-0.21067349215176095,-0.22049310684098222,0.4670813818620968,0.5933243160084208,1.1482121435009285,0.4025163094600686,-0.07880544673341791,0.5645211216504737,0.23214018193112412,-0.2912744073013047,0.9210808250762103,0.8619336273421886,-0.6557416160944557,0.2095453269950959,1,1,0.9111481779233653,0,1.0
187,3.144762161940956,1.284612905403259,1.5024084981279056,1.0132577370887363,0.7315362218477416,1.4301506196409337,-0.6429619825251865,0.3570986659305366,-1.184259331452472,-0.7990928798042322,-1.403897677253877,-1.0723413829003996,-0.41991231975937,-0.5581497089007152,0.6725668009890896,0.5890551106298311,0.6172894988674201,0.44562704952342924,-0.41060241895081484,-1.4265659396963684,-0.43434712056497865,0.3694891068062196,0.7997456444359519,-0.5921240996139727,0.7051688667566588,-0.317084966459032,0.1836611267557601,-0.4809289010732758,0.3610447451315508,-0.6030321656487495,-0.5786598807914037,-0.19177013250350267,-0.8791045145514019,0.4702631065094203,-0.3712186101125546,0.4317624405129596,0.2025696971639888,0.9906811404634216,0.8671737237012594,-0.9195597168379159,-1.0374770815449172,-0.057776627719160784,0.45492220294048547,0.026938288224924178,0.16823258685178322,-0.1611669623214928,-0.394449512256577,1.2235651112321693,1,1,0.8856411809417453,0,1.0
188,1.3378150614535274,2.6477709204092603,1.8451643997924587,-0.9328510824844265,-0.8144344993704136,0.3135992887128595,-1.3184694758677646,1.3442640208088292,1.5953815943506489,0.5219691695395148,0.2995288343350724,-0.1424402028147412,-0.3067131811205079,1.0934540059461397,2.506016839768083,0.5395554784143418,1.4712029653873946,1.8933857531256972,0.3338141876063907,-2.8001607156727535,1.731812325271402,0.6509058361934482,-0.37547059946901534,0.3649035924421794,0.13404628819086262,0.6285209836354069,0.21667093684828853,0.6221954222130639,-0.1809614865609634,-0.8106816596522621,-0.2138984644165177,1.019862233555091,0.6879031499963898,-0.21836363007896487,1.087627772526955,0.4033846874192326,-0.22254020803796515,0.2920601242411627,-0.9196117353118703,-1.3705715610841758,-0.24467647879633653,-0.3142136844164107,0.2044990392044669,0.34880469770153627,-1.1081475694552767,-0.36892348758621785,-0.6380230158310374,0.06361735383589588,1,1,0.9108695663819237,0,1.0
189,5.074835040376262,-0.09225475779437589,-0.8232729621779391,1.0189751667365181,0.01857303641240283,0.6669063714040444,-0.3811820699733343,0.14155795255081816,2.078782535713192,1.2948038782630291,-0.5845509626038335,1.2115921154529519,-1.5496210163060324,-0.4034168701101618,0.4107558251136038,0.8996843748299218,-0.6013582541548262,-0.4060729744661836,0.9996024180590055,-1.6894839157747894,-1.9126462497690317,1.8627380306013965,-0.9439320780938147,-1.357169219906944,0.4332917997714573,0.775281541342375,0.4474661336725618,0.8208875917464619,1.5078061802762512,0.7700323337510774,-0.6405490898340594,-0.6739820163060404,-0.06757691859651811,-0.814356514307279,-1.217260679911868,0.6303758523996571,0.053352985873774454,-1.233499942887813,0.7411600958226019,-1.9236674500911506,0.7100508684141651,0.45129779996744995,-0.42707490480884375,-0.1516055839045805,-0.40690092804044836,0.35568532441837086,0.4314904187796416,0.7176607025403003,1,1,0.9959227734045953,0,1.0
190,-1.0333199963383426,0.038059395139452244,0.07889378157342744,0.9822620538549885,-1.4966448312237421,0.3248469292197752,0.15938602251468137,0.6123042218241687,1.254094867646086,-0.7515000462369266,1.0457086723996263,-0.764140177315668,1.7566152570478624,0.003993330060013025,0.0008065476190359464,0.02459298740432325,-1.2326724238555702,0.5682141248592081,0.08800917094507105,0.15375524945339805,-0.8362244358566716,-0.36109730461382333,0.16849048041953207,-0.5019357934755658,1.128952185266559,1.5105153630390082,-0.5753635563863517,1.4331302157408607,0.37992583951973713,-0.446285609426694,0.10995780391619099,0.2491574351645769,-0.9956380742194243,-0.4738191814150527,0.7240482883489664,-0.7309474432375842,-0.8459450925755362,-0.3072281169218489,-0.5856548580749211,-1.4493353222410723,-0.3165970238109129,0.6324567192762119,0.99720603402883,-0.11304976747209478,0.47021998683983623,-1.051052028809289,0.2825603294482929,-0.25397568011341853,0,0,0.6430432658045344,0,1.0
191,-3.023489183327076,-2.7197290588396106,2.1136218770502717,-0.5532905243010322,0.4351711640985786,0.8737355710365066,0.8022658289178026,0.27798729764250707,0.6567233834375032,0.7133144599817072,0.9166770151255104,0.5715493866316584,0.4235645015039687,-0.9664664933966466,0.10508274402484898,0.11497187147804762,0.08461552897952272,1.0640894544690904,-0.45902603989906143,0.40722035989538424,-0.43505813278169403,0.009527416838617435,-0.3068778664123493,0.2702819772290622,-1.3116727484405424,-2.437086148463886,0.5220724035803137,0.020670328872243262,-0.2871751185602476,0.4206630208797191,-0.7018728207860082,-0.20563616395078513,0.10580835199098358,0.22546820369979514,1.0701883917514634,-0.6175720473911777,-0.1009507529863119,0.6271415288773531,0.09057267684071411,-0.056811763720289225,-0.4600387306492246,-0.43248839271115047,0.0061923301290997225,0.05335580697716531,0.669855699216094,0.1395188088079875,0.002009987803242518,-0.6211376750332035,0,0,0.9493061213554748,0,1.0
192,3.975399882758271,-3.6971896279911736,-0.8700985646263595,-2.662237131543893,0.9757941272910851,-0.6974106180294287,1.0955701730442915,0.5850425903646866,-0.9114821611244074,-1.7687965280780376,-0.4240936875002812,0.6767749635776609,-0.7999709549252643,1.2569938516187849,-1.2135287473997096,-0.5125234954220326,-1.1075873439868147,1.7708864338590096,0.4707934998720151,-0.7570263371226436,1.0170379426866452,-0.9840446478803662,1.032552031995206,-0.01802128322885175,-0.4249586082317317,0.00764471039970477,1.6484133320338012,0.5225415874891726,-0.8935162249824312,-0.5693137345833543,-0.12345857293816107,-0.35361342270864465,0.9565656701631982,-0.6394374005678827,1.3183926395391161,-0.5551244351821674,0.35500483580053777,0.3583399243338578,-1.344524212811037,0.04134117582254384,0.12348263396352024,1.0312730960798155,-0.3939141888519976,-0.25909752938367814,-0.05615607680261309,-0.3874561872612537,-2.2030408852647363,-0.1011259855239646,1,1,0.9604678900594753,0,1.0
193,5.339057886230867,-2.58145831186191,1.644561255971886,-1.3389782933040484,0.9802983026574794,1.1743562449340479,-0.37619667670590146,-0.5336393739418024,-1.2400703704538367,-1.0881764713600277,-1.8979877759739272,2.7399384444996784,0.7765922147023566,-0.5779788431878322,0.7917744094417406,-0.037310364324545695,-0.3728062395366989,0.047569848758771405,-0.0646275036340127,-0.06769738315035316,-0.671713304296023,1.2596566087080772,-0.14554630982571515,1.2664757910047064,0.0542876260636498,-0.9428384649120007,-0.19751802874156793,-0.08870336421513242,-0.9397947899089528,-0.021868864322978694,-0.9477839515898567,-1.8999230723123257,0.3697008228099988,0.6033939584640177,-0.08618694487101564,0.2600670827653205,-1.0493473147457437,0.47325506744143936,-0.6095016542526425,0.03821268481101998,0.4126045042909974,-0.5186442931298687,0.2549509398037957,-0.6736479220998267,-0.44324657935156386,-0.7024118189895349,-0.43432186145862656,0.13801595427843605,1,1,0.968637362913947,0,1.0
194,-2.8536494035504023,1.8181846682261904,0.7021943247231365,-0.0037193878621420125,-0.8616110447753753,-1.210243302414777,-0.07135710344379542,0.7135633640691303,0.3359195300420444,1.956579103595404,0.7019051906891215,-0.15427424904527856,1.001479960248903,1.2093380233720814,-1.5014847620948892,-1.0915896603830533,-0.7062145768099816,1.1252465562728229,-0.15864881377785253,-0.6967463001735437,-1.5169474059563846,-0.7427971369524545,0.012762223368336444,0.7009709726129041,-0.3577128139208831,-1.2189577461569834,0.7440685392010628,-0.6484965821610074,0.2622418242881037,0.9140276779949137,1.7685255511287281,0.6188813485256769,-0.021179342124338363,0.08960297938459835,0.6905219384007049,0.6611745865838671,-0.567074842881519,1.55275002973281,-0.23712872559233808,0.5169364811169748,0.16575190520605262,0.3855501364847085,-0.3474338733807291,1.4472245269722694,0.6383875403824593,0.5371359764433875,-0.7303085679801858,-0.06754220353832663,0,0,0.7691889858703104,0,1.0
195,7.089721372044896,-2.363359377475328,-1.543181268728133,0.9209239068386728,-0.7473185448781822,-0.04491406603329198,-1.7152549535938058,2.189713233839359,-1.4043376085205688,-1.1421266864859674,-0.471175469609795,0.9953542792120935,-0.1641052310456584,0.6906480607325103,-0.24316490762651918,-0.2966743665764355,0.5584271459193048,-1.5261576037560076,0.29131639088671824,0.6822782926100929,0.46535565845511623,1.0653016802452837,0.7378409892850909,0.7224616608346511,1.6004374018700784,0.7157589502450568,-1.6777551980360919,-0.005861535423304987,-0.740329203382835,0.9025634754099437,0.20663135669587787,0.9559188839433509,-1.3410835940309167,-0.09550667451079113,1.247734561412737,0.08481307331110695,-0.31709175022929953,1.6720623319968015,-0.8341395456713779,-1.317509409554266,0.7022771456512652,-2.006518051849847,0.8611095814728269,0.24280662310328277,0.9604362466950149,0.561879973183968,1.2376981544994772,0.9634172609773413,1,1,0.993161472983617,0,1.0
196,4.765464493414124,-0.5688894435781303,1.8183635675721048,-0.5202316148038284,1.9551604752237606,-1.4943679480086278,-0.8344677552464039,-1.2900862856997424,-0.8462472648582005,-0.02199023032568722,-1.5213015189515764,0.9817039295761422,-0.4604005179218524,-1.1986743392762444,-0.3540969723687931,-0.9775257640524564,0.909864443444407,-1.519151299458479,-1.288038185818849,1.1129965626506704,-0.18582345386375035,-0.2270425558256086,-0.7970497824470216,-0.31270028849495257,0.39959122361038524,0.19937352247345339,1.4701215683037758,-0.11739206231283031,1.2534817673821166,-1.2114578476270101,2.154549834438662,-0.613847800534336,-0.5725153303690579,0.7982197961441948,0.1679992678050206,0.08779172154492024,-1.2134972755251758,-0.6288815550218773,1.3243632797335745,-0.7966707364844368,-0.25454800283507345,0.07154110253264924,-0.6721321839621821,-0.8577564173783977,0.031195341281214203,0.3317898461988398,0.23154586037658162,-1.0934139315669231,1,1,0.9686182990613409,0,1.0
197,3.0644655699871235,-0.3011821910436675,2.7464800734100896,-0.591628400764698,-1.635538616959026,-0.040309936235125556,1.0320953216513964,0.8224005692350498,2.3802995720263183,-0.8133948597569333,1.3251252493426058,-0.23999591943249832,2.383412095515386,1.766501517511785,0.3213175185890336,0.05574741091508102,1.0502806634777642,1.3736781419836201,-1.2879181099499637,-0.04516922416944835,0.11782950854881727,0.4181098802039201,0.19470556408446443,-0.12868199041562547,0.5495775602316421,-0.24565588380962225,0.44234827319719466,0.7822881044543535,0.7243951450907933,-0.12581986445410562,-1.566802489149984,-0.9873227742651347,0.33030683323056137,-0.5583184604231544,-1.0074123467388703,-0.7112715975041256,0.012591709461318516,-0.37721029743748297,0.7943175819360452,0.039811201018242315,0.4462134839068544,-0.3200153968406342,0.41977589878742066,0.7183623140587561,-0.7015829542314478,1.0979360274003485,-0.46963052574081093,-0.15779487984317886,1,1,0.9534849341372407,0,1.0
198,1.985231928042686,-0.41318627109278583,3.082471363763722,1.6364596541550762,0.39813196379009785,-1.5226796719543871,-0.9589225804019081,0.19622477093575247,-1.3897531743206968,1.2078467922610363,0.7533975667658708,-0.3221116890137453,-0.12207804040599371,-0.3468656857425909,0.25871612895542945,-0.7209707609371628,-0.23475688211105758,-0.5011323024985103,0.24147742677016967,-0.0058346810893088585,0.9634976683970106,0.06240026624150339,-0.05937009474529956,0.07895865167740171,-1.6921751962097435,-1.1790279233118597,0.9404817305830396,-0.4014477989281238,0.21923619586406107,0.3375236208248077,-0.26701802970939187,0.4885797934014377,1.527082641531532,0.9172153301481887,-0.5238701630244981,0.49184306317318616,0.3995110386804032,0.19429533141100735,0.2751631690600561,0.28545598820325874,0.548431290299344,0.8338015358680744,1.2802626689160368,0.8940726570401858,-0.5800171647495214,-0.14699820079061762,-0.4765640580121338,-0.6608800375592329,1,1,0.9086518990558653,0,1.0
199,0.09834031570904754,0.7088445953173867,-1.880684711322165,-0.1371495373065265,0.3522167334936399,0.28464790388072503,-0.4652468961862714,-0.09594678933148343,-0.3370301683047362,0.36173286958812456,-0.7319136847338288,-0.18607607313059715,0.4374246355410616,-1.8799611343170939,-0.5251291972927142,0.5698488212839973,-0.8762059861523493,1.226204246509075,0.08694737868113908,0.14767087901380443,0.1274585619672574,0.7675372301135001,0.4289967325307489,1.4440137455844493,0.10309529186256587,0.03832360970572147,-0.1799860312442822,-0.1799564573535963,-1.902566575372468,-0.6740021180684349,1.9704276089245953,0.15945658197730947,0.1676597864182491,-1.0521073751857215,0.10812043628582901,-0.1290830275701595,1.6324191018889394,-0.41619047307174856,-0.582852866312256,-0.15937466795216396,1.992888663204278,-0.19911608973605763,-0.0611077261476807,-0.9532595102628951,0.5655075715716966,-0.47957280260817,0.6884195404367265,0.09285498038046748,1,1,0.5649411295012806,0,1.0
200,2.4792463591778473,-1.9439087334802763,-1.4966486545844615,0.765257727818659,0.47405298402331614,-0.9424615432548781,-0.5003541760683988,2.006670348108675,0.6938549187015847,-1.0749509472316794,0.011682373368717474,0.2514766926671015,0.6138291154471549,0.3135678715697943,-0.47029384677634334,0.1953273070309765,-0.8916747759361185,0.628921961098332,0.4433912555935079,-0.19954193820732796,0.14004432605895453,0.35869428109755647,0.6264566930107399,0.1854179273244231,-2.1591174019777215,-0.5366266516900533,0.21286061606624446,-0.966119252207925,2.511026955559901,0.16473862160489658,-0.27652354114397604,0.6144858118054671,0.54052387870132,0.9640044474770435,0.431888681409648,-0.3126081805446798,-1.0422486250135952,-0.008729477800627005,-0.29436585749717425,-0.8806771669007327,0.002056215392972766,-0.9259912024521976,0.6708430774682507,-0.2707343030980917,-1.1491963328169743,0.35372821086772954,0.38694779760781783,-0.6634621111161517,1,1,0.8533591309449925,0,1.0
201,2.50184752429926,0.22820379054911513,0.2636763832178681,0.47533770065585906,-0.7969425284431734,1.5371902205083547,0.9393679422682581,0.4011820486835926,-1.8776636118393473,-0.41313104185488825,0.7067144964862456,-1.9687710397487699,-0.13290356049263363,-0.5212323639031877,1.1113444152735705,-1.304453120962861,-0.7780519519364789,-0.45170418116210076,0.9411406864202023,-0.5544461494014595,-1.2172347849637124,-2.2354687697919844,0.8827775455066132,1.183201245009684,0.5009536295395264,1.1962722496345914,0.03590557397065004,-1.0622774986644714,0.33335049010625556,0.6467504271666706,-0.23759208897326115,-1.377499689060519,0.0801835926403635,-0.48761430113999016,-0.3363226899766242,-0.18346564970229293,-1.878786093344547,-0.9681399489906697,1.0948500498239844,-0.04924223228667916,-1.7459882893510095,0.4352922911955719,0.2611493088136016,-0.17087403624382816,0.4816273017661357,1.1181189245714285,-0.7354198698897445,0.31732053122299236,1,1,0.8694248557041775,0,1.0
202,-0.7088727900721936,-0.6277803178375962,-0.762324760007847,-1.3166141606501331,2.446650414986199,2.196910717995203,-1.341882329320322,-0.253889457986017,0.3981449082991091,-0.5089161033061596,-1.230491899287236,-0.23913691111324376,0.5108824030857142,0.6653058611201507,0.1577163235247299,0.07454413375126778,-0.5865159792902827,-0.5346165556049952,0.12734926590191964,0.09703561495516407,-1.1568976866957945,-2.0819355037678284,1.2048893853764435,-0.5891976981552257,-0.9240534688192,0.6671228773163103,0.10416201448024472,0.11572705405605171,-1.03713790695919,0.49772435832632606,-0.03462144494851803,0.21436369099657407,0.8666938815967137,0.14854708961478857,-0.7326134757340202,-2.2216363994524184,1.5311426180198893,-0.5911168514051068,-0.0663345441306631,0.4289396120416431,-0.29996634467091177,0.5393420705019765,0.3201458310277532,-0.4797895049488442,-0.04694527742534245,-0.4341599327012776,-0.996484539866126,-0.5909748917559744,0,0,0.7187881266790589,0,1.0
203,-3.7388754565074205,-1.048683295258671,1.886243231301599,1.0813965667280214,0.17439751560046218,-2.2846326787907336,1.4985658799481898,-0.20271511959990637,-0.4119199309518078,-0.2721405983470955,-0.9566340902946293,1.0719129543686927,0.35912562045504554,1.2000268425455018,-1.6880187660176456,0.34219373061510844,1.6479077598757101,-0.20197218640611106,1.1068477304198476,0.39749493939651254,-1.630802889270068,0.9735053753923275,-0.02710972559701099,0.18341285511819233,0.5074338951029216,0.9008833063952031,0.019631243525706665,0.2126507288831104,1.1715008259038102,0.7363828431166951,-0.6027963193736496,-0.49368704165915533,-0.4021528036126124,0.7799463328122089,0.48354083418754557,0.07156712095851091,-1.1439113631444602,0.6693691829840911,0.6715077589294228,0.25218967353904753,-0.5382704411607033,0.03323976435663256,-0.9697739171249835,-0.4381727465315534,-0.07123769778005341,0.3819892663417211,0.37895368934257323,0.6260906293491585,0,0,0.881808463553673,0,1.0
204,5.969043891337428,0.14420406013024795,0.6258054692807935,1.7350449484248334,0.0957235700706743,0.2200150751053891,0.1800982279986568,1.726672879289886,1.2745318727321033,0.8185345594763256,0.45501406659755883,0.3076566002923437,-0.6049919166194467,-0.16863567683293976,-0.3304861312372418,0.5519602531116334,0.7675314502679694,-0.6526845086278776,-0.3880544094924689,-1.7234810924389659,-0.03322882902858944,-0.022851730353873948,-0.4341970025622558,-0.0051156183879258275,-0.5519162423152957,0.7462224617891806,-0.3432129006315179,-0.8639433480169332,-0.13037053590608821,0.08622711726442311,-1.4455451651444198,-0.16490951705468823,-0.18220012909630748,0.894675828259414,-0.6875149862026887,0.7147320040939739,0.5396472750473398,-0.5355265848580798,0.703630197247135,-0.27659366548226616,-0.5452789990765994,-0.809353119600739,-0.8992788753322016,1.1250867031350602,-1.952391367153558,0.028628868142696533,-0.46499542850196696,-0.24295157767282993,1,1,0.9841445954792598,0,1.0
205,0.8811546394339302,-1.3519242212790852,-0.08982447903320966,-1.2471910061754912,-2.919243693580913,1.2839001917570196,1.0059473732092434,1.8552824126082994,-0.4998205349964054,-0.6256927876216668,0.41135279707023326,0.41761609016876605,-1.3747703296522855,0.5900734523846366,-0.5220762857731749,0.16140245887383847,-0.28702488689758887,0.5728066092851927,-0.5446377261689914,0.6931367075840358,-0.3823379131823537,0.9723191690322703,-0.14680808090230432,-0.19499588822781547,-0.9978930243422109,-0.2027485109243885,-0.07554829893166451,-0.2278597642511077,-0.2440365899888402,0.3453250017852345,1.0712613330172418,-0.8917240066528371,-0.16267290560788797,-0.8343537977086447,0.28829164904016025,-0.8506212440934029,-0.8473614088541389,0.24048347779070886,-0.09450219331287271,0.8438961752076706,-0.20502511540992677,-0.16837170976844487,0.21316851127476993,0.11906488768142709,-1.5711501134551282,0.3526488114675346,-0.6569819827392529,0.48784410242679854,1,0,0.5642165315352593,0,1.0
206,-1.5944810424500775,-1.928564045081746,0.8581466238163171,-0.9065544707597686,-0.4002593396363255,-0.8713075690276487,1.4500911703401,-1.4971596348312695,0.5501657383952709,1.2607148448423624,2.460821922785847,-0.7264445347884777,-0.3065151753920651,-0.4690432155204647,0.6868129838538197,-0.7131432818192581,0.7110604538869625,-0.471940349751111,-0.6987433279087397,0.9275605353041616,-0.49094960203599497,-0.5669814576309986,-1.671716597694059,-1.6238587076067161,0.5369710822965361,-0.32377679159938094,1.8957006180224139,0.20437454768720897,-0.208200841886259,0.08338747290166283,-0.05181871895553544,0.8715989692719588,-1.1862980650595154,-1.0874322706312924,-0.4348573127738753,-0.05293314125130617,0.4587360708981103,-0.371592096535502,-0.313418949054906,1.0935471086439563,-0.7847591570248335,0.22573006787208205,-0.13920377638630935,-0.7550907176000752,-0.3155756403636602,-0.5711769964924582,-0.7214676774069001,0.0994783476629978,0,0,0.5191911351679253,0,1.0
207,-5.777020528809192,1.821004648831147,1.258247711087393,-0.4572419124523123,0.3010585318093546,-0.7508067845295445,0.38202708179323513,0.15121934270830098,1.827835179498899,0.3696476007544685,-0.3585388759438835,-0.8544925996927679,1.3503603391380026,0.4576648725977153,-0.9178509722959771,-1.33500466412431,-0.2133972539708809,1.0964913117625303,-0.748213020424579,0.13887783745957435,-1.4586816171545165,-0.06927222372031469,-0.44008352628064495,0.62872572628275,0.10649530146590276,-0.1002517228607187,-0.21966507357798581,-1.2234095235359264,-0.39736559893079015,-1.2452451712660193,0.6376164878328908,-0.15428313081424191,-0.47340618097392717,-0.38136362420888814,-0.5316625010456708,1.9351022360268342,0.10935163028253811,1.0636739552828027,-0.2921258518043982,-2.6269299780679085,0.40905917550816767,0.5050029289306379,-1.2600763710151988,0.9743498478850225,0.735563763418607,-0.556679012881956,-1.2651986744651929,-0.28576788966810157,0,0,0.9484035759434923,0,1.0
208,-4.838172568263761,-0.8160170173394505,2.484086693060254,0.5357605044768883,-0.2483135833387079,1.1680506974163498,0.5205954950414411,0.08242208731165053,-1.1126709899469156,1.1727514173441187,-1.25070586878841,-0.8773042964254366,1.6344096325552722,-0.19169435396072512,1.3480806173865236,1.1008843007434144,-0.20875048051028872,0.8974929546540826,-1.5749225060783516,0.5312648441140448,-1.8402612166414447,0.7975479301456335,0.6910222361367444,0.7610756872963583,-0.7967141650473882,0.1962878493336647,-0.5207757007060044,0.4829476470386044,1.4473391396587896,-0.2692149498852723,0.8427759651867038,-0.06578952907679766,0.6996460991951323,-1.1087724397473568,-0.9223824035839591,-0.06261363042681252,0.584447597677725,-0.3085641734430355,-0.28916664093359173,-0.26045944644384555,0.15472636778429216,-0.7636901781979291,0.20619944190819123,0.9436390450554434,1.253052295833478,-0.22214496798062877,-0.5837772125495633,0.04854682612955388,0,0,0.875259987778675,0,1.0
209,-1.9360652250950163,-3.2418722125002133,0.2515805522574933,-0.10804044069587217,0.7791480153237667,0.0679724436410388,-1.7613231523633088,-0.24857669965460436,-1.4530527688637467,2.7656950058391976,-1.5176375996903235,0.7951682698865529,-0.2750100882195233,-0.0007479853946523211,-0.5885574791155787,-0.6894342707004427,0.42612013266707005,-0.507444251920778,0.7220898511194075,-0.01533341769417128,0.2597353600852103,0.6470461832129996,0.29994998167843767,0.04100853758638627,0.3787566507928503,-0.10701393011522324,-0.42973546147888775,-1.294697904979189,-0.8389948253850116,0.8080790458421785,-1.3227409521847608,-0.9284217592037407,0.5294899735313637,-0.8843472169458008,0.7064993984776818,-0.5780196046133741,-0.2214407727883566,-0.288144077389423,-0.5107775621396771,-0.27864617315452805,-0.3326046573543221,0.8745322359952691,0.9843792472621032,0.8500002725298709,-1.276525866293125,1.8352685208678632,-1.0150439645624227,0.059117807032451966,0,0,0.6136212951867891,0,1.0
210,-2.41345220887584,-1.3904307632663369,-0.7286740810913143,1.3857111894624252,0.022875369402528066,-1.0989413872711424,0.8687128329052792,-0.9812042075538099,0.6023319886903054,-1.8741571661677732,1.2566360986486045,1.2222868651088312,-0.760303023702832,-0.7507651822979747,-1.558097270300272,2.2233658249414283,0.8260085088219796,-1.0339534522140104,0.543216425141989,-0.8278267521780394,0.31537008669116656,-0.3382173587184643,-0.45675811346489664,0.1673865784590725,0.0037550131017406742,-1.6308855155222755,0.5348693358374089,0.04058342899732513,0.520823839934935,-0.15006155665227622,-0.7334992350305679,0.2600379894847773,1.8449076816921706,1.0753965591913082,0.20531800465350936,-2.149581326739674,0.5382804742963333,0.43743502746553736,0.38684513618392247,0.1744562046617461,-0.28621220407695086,1.254731591523749,0.479862652989422,-0.04213568738559721,-1.3286883352937464,-0.20004475564118931,0.03287525396862559,0.08853863587263948,0,0,0.8584405722724912,0,1.0
211,2.9695732167673365,2.650183487342561,1.6953681288789895,1.5021090161164798,-0.5426692982138054,0.8278782709479828,0.7784343653551502,-0.49583414393689257,-1.4255635165270588,-0.37600441101318477,-1.5531292229283362,1.3508418665391675,-2.0536077144603238,-1.6646140594864463,0.08184302047441643,-0.9646382896285526,0.7353661596534017,0.7955243161036715,1.0308065672922742,0.8945603103850694,0.6087033029128281,-0.13325104633033877,-0.6488972889025456,1.103598865313771,1.0794877588388834,-0.6261146815701834,0.027689279971835193,-0.637880453513043,0.4155684535714376,-1.0208899812918795,-0.3074265023869696,-0.8145925361923988,0.6597137548338615,-0.1737312382747173,-0.5234480667611802,-1.2094130265022336,1.0351466337484072,0.6092543929899595,0.5340334258049084,0.5625504330325081,0.7578907878879254,0.2682836923014281,-0.18202927520287213,2.0930596096792047,-1.2350427473961387,0.2977387864289913,-0.2805831761925988,0.5092619877538064,1,1,0.9423721209101358,0,1.0
212,-2.6947771577054596,0.693165544026179,0.4328991259599646,1.2987798559083206,1.9816117278328176,1.4126024712512373,0.1751746258758443,-1.2104407699416124,1.1140109058846472,-0.5454524866757122,1.138750252071074,0.08854896055543614,0.6824665499018499,-1.762871800709202,-0.3678657108394274,-0.6181427489017984,1.3857498361358,0.37638726509876946,1.3694065292637487,1.3530340133932146,-0.28084164662710775,-0.5697128406888333,1.5133807812196787,0.5221119765221568,-0.4984658889605033,0.7480150470095035,-0.5773551262703686,-0.409259143851211,-0.13669603741879943,-0.9301010112069024,0.2623512360923828,-0.001303728659763822,-0.4036338512620842,0.34912164195037865,0.3533172058692642,0.08257217955508404,-0.4060098330045156,-0.39105193762534285,-0.06859557710731992,0.07133392243084401,-0.7393321503331486,-0.49219975914171016,0.6131977650932683,0.48270205400763505,1.3125716950436517,-0.6279090869786438,0.016276956395027874,-1.2239860084615681,0,0,0.9002185458392314,0,1.0
213,3.7384277105654697,1.1801100775183293,-0.47546541859105024,0.5938810551202157,0.7868654720232667,0.695372695681369,-0.9898602059313661,-0.7655082818672752,-1.6847557303383878,-0.06335804719460605,-0.5579187915419686,2.0136426444265005,-0.3256251351537616,0.42838671860106703,0.9315280542852308,1.2063581043121707,-0.2491440175778371,-0.5040446877794896,-0.28944418756186946,0.6302996148646723,0.19151659502209198,-0.25172367291603,0.14647941540851947,-0.8995596248970136,0.9895424822891764,1.7803940545854353,0.4470862414403388,0.5299969496830558,-1.7886002546177573,-0.9935570461436857,-2.106762133704317,-1.0153621327791502,-0.6585253149301823,0.4471381891332058,0.2603533770086006,1.1658194576592726,0.556994441809955,-0.35120030040344613,0.16583901158648848,0.4203295864245442,1.5736291819561992,0.25434459393389275,-0.45915590026622616,-0.8596392143792181,0.37971345577276244,-0.36600336276323714,0.4421281705089206,0.026037702207793452,1,1,0.9216232141254171,0,1.0
214,-3.896327438890248,0.291915457730344,-1.5551699972486552,-0.8391719772603743,-0.43950333619806486,0.9245286106720377,0.5617661233321953,-0.5675543861306479,0.885216006576779,-0.10765806395775797,1.2862028829329346,-0.9105323135582362,-0.50470199848705,-0.03028857859758894,1.5920567407434212,1.3074479523466163,-2.025642684042691,0.0017824433227892455,0.494695067710762,-1.4028381127658582,2.5721598945624042,1.156205102533668,0.3240309026768284,0.8795079205653367,-0.14454562692474374,-1.0602201397677014,0.25428492333325176,-0.22205365570746033,0.1153718932655242,-0.15191195549988057,0.18668257399768934,0.05680348627953039,0.49931395258509986,-1.2095270444035626,0.8862009182799118,-1.237697281782672,-0.7775990781662322,-1.1120293280034923,0.6390652339560475,-0.022667544348636933,-0.5132676657859416,-0.002571095253433397,0.41487795203928013,0.731016431966114,-1.5911328786096122,-0.363392979827389,0.2802059007733963,0.08435730799176924,0,0,0.8341317086632469,0,1.0
215,-3.5193880459505786,-1.4797584534985468,0.059471034813993504,-2.0094946481312665,-0.9485646376160352,-0.7338183912814641,-0.9522149979910597,0.29712938245650544,0.3533078280047343,-1.1201702683312549,0.6058379206333172,-0.17543987349897427,0.3985451501476926,-0.02803406407296197,-1.0985638828034676,0.17635752234724744,-0.804446725886408,0.07480413617836519,-0.3461160589170226,-1.4445507024168192,0.2758413532861553,1.1861618695285858,-1.5624464214691025,0.024115981372359464,-0.7034914529158518,1.3421039895013842,-0.27583971004009855,-0.07610676448485366,1.0670694647921997,0.6839868795279774,0.37806718376490667,0.7093205497925809,0.17883390544202635,-0.22948626351015433,0.5077560690278355,-0.6511268382071825,0.8064348234058857,1.649458976902101,-0.3971909160312841,-0.07455573122344743,0.24341653600947463,0.5224563714925824,-0.3667401370911261,0.37524840016394173,0.13808424569501976,-0.5781707672676836,0.5755420444739032,0.19816679705784496,0,0,0.9590518283594888,0,1.0
216,1.2714023583305716,-2.34426689586667,0.22764945586153837,0.7767124754680514,1.5920310098911103,-2.195470952560562,1.1666680822882918,-0.9367315078838615,0.8032172485837633,0.4904127146887546,0.7073460027953884,-0.2200440630379146,1.1168476921519688,-0.04053721143922011,1.0166065863774294,-0.7343525830271044,0.017485911908941214,1.0713290397606472,0.5171993090742619,0.2946402012597332,-0.17451067852375102,0.834349704376204,0.8221461468666065,0.30693835184815343,-0.40187230106607685,-0.555869963501254,-0.7954683164655793,0.34049175922761205,-1.0856763505514178,0.7762366943544693,-0.6266873398205284,-0.1069372493894962,0.08941934375515258,-0.726226021860891,1.054315994124238,-0.0971224962038965,-1.2868491671533178,-0.1733386917845227,1.0165420537515604,0.6692456320774478,0.24131470477036285,-0.22155239404241156,0.03974721351630682,-0.004694600179824059,0.8237229303482576,0.009655554616601097,1.1308919121602445,0.3884017079448747,1,1,0.7093263745988498,0,1.0
217,-4.114900163432484,-3.7603053213846547,0.6412495874109593,1.342131067335519,0.6413454652777073,0.5305110985646395,-1.4567710233826694,1.5004947976703424,-2.1435429383964557,1.311555582347008,0.4424596466682359,-1.1098842089256886,0.9450485771113907,0.8313473988381547,-0.3897899562982375,-0.2570483100792932,-0.35885466989377485,0.282410291775812,-0.3176255562807453,-0.5260247681523715,-1.6908740507090816,2.6241946398080835,-1.0873683442005015,0.08676425068210682,0.5944263626160703,-0.28162137231448914,2.4254918642639436,0.6362572776170344,0.2269643633832761,0.09612927664437458,-0.8450425036497656,0.528258420119697,0.2992930856957136,-0.01286884518500725,0.20770922662443564,-0.4724719059993398,0.026284486582710705,-0.4068218798216421,0.0009400753060230992,0.9129711519814862,-0.5402291670653708,-0.583464264376007,-0.21283665724749626,0.9792334379282307,0.4887637200886701,-1.007796039006384,0.9383060794218097,-0.061046699963321335,0,1,0.5274644911269988,0,1.0
218,-1.7966280406762274,-0.6439925610227053,-0.5116142997153693,-1.6207011697862796,-1.412225631357041,-0.5013438465524821,-0.014842704790125942,-0.5128579147529481,1.1724685348868455,-1.1782260879578221,0.12377354086219194,-0.23539217982404154,-0.2671046129335029,-0.19708711895040443,0.3047028192136308,0.03840076315173032,-0.38209205081556724,-0.4231208904554597,0.774237205531652,0.6813159752329863,-0.5029535733552883,0.04210643065334441,-2.116261511496901,0.9838354851632959,-0.5102661260489337,-0.5968655061627419,-0.9482345664250043,0.8839672631049995,-0.47036144530166174,-1.7304793738318889,-0.053856992425165506,-0.5648420846489678,-0.14697677375992538,-1.2267054255741836,0.572293347738894,0.7840944561709784,0.03452176897880692,0.15721576473964735,-0.36292392803006907,-0.11258545506490415,0.49725029968367956,-0.03754874081702513,0.4095228606262283,0.3377086797097296,1.3323372157504991,-0.11230230679301377,0.2815263626555886,-0.1438168211290297,0,0,0.8674807025175602,0,1.0
219,0.17598455586882972,-1.115669825376056,-2.058404691633305,-0.18541763533111363,0.010383242243370443,-2.323682370716901,1.705298420254758,0.6709329947319856,-0.40155096583722055,-2.3276431423196526,-0.7789688571044072,-0.5299192573185149,-0.526683050130544,-0.6425299705012326,0.14588033835470476,0.6378370348967394,0.005877528834709074,-0.08162486662532156,-0.21152154203900875,-0.42223007444275906,-0.30526429012008194,-2.1647279404087407,0.904389263037699,0.03536123965343164,-0.29751702647436035,0.021860101736954102,1.1893448254126986,-0.6356846534015331,-0.5683092895922949,-0.36659299231136494,1.8031380652140576,-0.5543184174933943,-0.9542766459858151,-0.44628919273967704,0.851094238963513,1.0716851490362183,-0.32611891374733326,1.1721957583614822,-0.7055056455697445,-1.8385116069356433,0.22516392078252112,-1.3480668879758315,1.1479607800772789,0.09108426579323807,-1.1033821562199486,0.2757150599192772,-0.9361813036238659,0.35458179327397765,1,1,0.910557659836278,0,1.0
220,2.9082630196454953,-0.8895353279266979,-0.2638813019197324,-0.0072169968841811274,-1.6642529089252687,0.20941591750008798,-0.195228970411021,1.3652882111538318,-0.266912109493572,-0.7092109537658601,0.8346572099528161,0.900551542635661,1.9787153354637539,-0.524501432503432,-0.556956650195532,-0.21127165091238712,-0.17107013358134945,-1.9189622389311491,0.16033695589116118,0.5608626367272046,0.8979230483861584,0.2911150603651132,0.4711371649770689,1.4317010097803589,-0.9711658387523566,0.5280022699035198,0.7804792902733921,-0.29912680489739,0.6706013992393153,-2.0861007959648017,-0.8960661275943272,-0.9461859738886511,-0.16719872171587713,-0.08053783762126461,1.3608459512189843,-1.5168673508385873,0.016278553107397013,1.1280829458331976,-0.016891083771255182,0.31337607467159545,0.7953909508365753,0.2502435321994043,0.45090580252434276,-0.07843131543779189,1.1263010909266828,-0.33577094067845714,1.2863686096741258,-1.0155520305428605,1,1,0.6649657798700104,0,1.0
221,-1.0182778563871564,0.4197887656330798,-0.16769355371092054,0.4755887437177264,-2.182677829074131,0.018249099792593555,-0.7986491075563323,0.6237710807267661,-2.1207601813744077,-1.5210090135428667,-0.551760823820247,-0.0033510312557039354,-0.8411597398975704,-0.2606354116972123,0.6318947062766606,-0.5739292088259421,-1.025052272695342,0.5166089862886828,0.5720163124742025,0.07224135320348116,-0.6183123221150154,0.2535629136813006,-0.5016664394919779,-1.2403260689608886,1.4623959558546484,-0.9487195281289126,-0.044622895391127515,0.8461343563418874,0.42805849914035243,0.27283797662917375,0.3413200648479188,0.5337483440246403,-0.9441770991795368,0.013165480017359078,-0.28073339328323943,-0.49881684413022404,0.4343849232349668,0.7018401630004595,-0.3795168316393618,-0.3120132025615941,0.1029709732821587,-0.5434367868477717,-0.27510584189709114,1.0588138404874126,1.0926558901506538,0.5978685454227249,0.046780034744987625,1.1779303461188468,0,0,0.6425762923905537,0,1.0
222,8.320137598544077,1.7623941124400058,-1.2533280599298533,-1.237286134146366,2.208652298318717,2.1486487412468493,0.24002674222099618,0.47207873396947064,-0.3062532877519221,0.4904429410216767,2.4801818980993313,-0.022464571405213164,0.013577414234326313,0.6101590022010115,-1.8705432327096,-1.402898344472234,0.8116355512679778,-0.3860237872652506,0.02124224677262314,-1.0768735166516668,0.5741782754655863,-0.5653617701199435,0.2857252718347123,-0.8610045952400646,1.0674908409481003,-0.8308729718169108,0.4163220009925491,0.393604135105331,1.3159538521163838,-0.6931273000433873,0.16045130213566788,1.406432091656166,0.5449056780895742,0.25846922056198407,0.8346353175913381,1.5547411327374103,0.6002772430194497,-1.313411219887282,-0.4451494927190578,-0.044068795717676815,1.0985313677050272,0.8739330271531103,0.9786344401305054,-0.2305993835874301,-0.6886120923216005,-1.258651964641234,0.38094965503682315,0.5734841438612366,1,1,0.9906082037057067,0,1.0
223,2.6532885787623837,1.7118796103892573,2.420982605036158,-1.0304345041545266,-1.476596368726924,-1.5409932331026108,0.4159871170686488,0.3388504057426186,1.687224281772614,-1.2966283930447187,0.9465877078853121,0.5442019690709644,0.238187854242211,0.10501734569358503,0.00010255120340879915,0.3691948634485309,0.32109486936702913,-0.17916781625999223,0.45344924955738314,0.04979311513368401,-1.2549763960259939,1.4813663916168265,-0.6949773516576355,-0.9464257451134539,-0.09141443757389457,1.3106315487849094,-0.60429909948783,-2.142183383772854,0.16777512364493766,0.06451800836112313,-1.3820865051228843,0.04399441184668395,-0.24230093113068324,0.9013524625148327,0.6702570936900057,0.6875215598289949,0.3775752475775555,-0.20267600111514414,-0.1418571523304811,-0.15739699276122704,0.7439952764361883,0.13770288480693252,-0.7536472784741853,0.6151051106016439,0.22948126095034888,-0.6310869318068318,0.06773238912812606,0.9685681919875404,1,1,0.942533005694851,0,1.0
224,0.3383419080680834,-2.3550051868948176,-0.9999634543263234,1.743253645914204,-0.9250038984269786,1.5590542869756596,2.2763568842956774,0.07242786781832534,0.8105418038712358,0.26570976908224636,0.05388846093297241,-1.233368164144845,1.0231746701901034,0.3432704595468433,0.8684100456333051,0.7735747742342677,-0.9216678509201381,2.5088197565135064,0.8312682876627966,0.12366310879921663,-0.5897959749312162,-0.361051584852335,-1.619223304351502,-0.3202126262901282,-1.1740269929858174,-0.5512504481468786,1.2442612314967554,-0.2962586997897706,0.36574800341532077,1.5776530110429672,1.1665163481836478,0.06048586569626904,-0.26965777850692213,0.6341466357095119,-0.4993656518611188,-0.3149136988740785,0.5253691883350676,-1.9853063357196454,0.4350578660606665,-1.1819067128434309,1.5866666618634302,-1.1309180463925312,-0.23942591867136656,0.2449291981383526,0.3836344964465678,0.17761891268317007,-0.3055121412998333,-0.09377981460343697,1,1,0.6215764337178074,0,1.0
225,2.8018668019761193,2.6438014694567253,0.014109570010380412,-0.5656442647306216,1.7663788478816718,1.558685932587096,-1.1765858329862304,-1.6570790180974706,-0.3778648028376595,-0.9626187460522591,0.6977523354407577,0.05152313378937769,0.07347409935871764,0.2849445548440707,1.1195064916100557,0.025096657504706004,-0.4659137868079775,-0.18142181190182582,1.1490411594137748,-0.6231922023004498,0.06460205148560441,0.5598926914622905,-0.9067129374566495,-1.1404656704494884,-0.12600975115933308,-0.1050189341700928,-0.16157281439799015,0.37908407410465084,0.7706667776525036,0.17454916006231036,0.4294893324535994,-0.35823638311642964,-0.29837964966244157,0.5464227433582288,0.01656586603070455,0.492060163225034,0.6627091834417285,-0.13166733069984904,-0.23792735842331528,-0.22413975168325698,-0.25851070308241475,-0.6414746591380247,-0.7363256064715225,0.03213596025022269,0.3734707357905406,0.9254418217550849,-1.3444251852215219,-0.1255173955214293,1,1,0.7020169540767938,0,1.0
226,1.4274268893417073,0.5151917620174519,-0.045112309953626584,0.17893639104900533,0.21701213755242216,-0.8631178761043644,-1.018645111020276,-1.3935562190465869,0.5447312474066275,0.3160259927396651,-0.9037157694262463,-1.4821984784142443,0.07502873519408682,-0.8625528126676765,-0.5944542847230839,-0.47916271686732037,0.405884297003483,0.24115549011255183,-0.9844509348011512,-1.6100190522340807,0.17872794591961316,0.24316559013573694,-1.6201725629928911,0.5901859379105505,1.2626658117939957,-0.22554764588494652,-1.1469294701785646,-0.8086001176365099,1.1425205506849843,1.0327434772633504,-0.41592674860013157,-0.5578623977859413,0.9965663142184995,0.4475735140575007,0.44722291428596284,-0.22532420494750807,-0.028239034289501152,0.23616019467447047,-0.4812935805112646,0.6571548937774745,0.7012441341922704,-0.35415612004857683,0.1722009188045922,0.9707962718626839,0.08211233567818486,-0.3335594689274523,0.3970938070668288,-0.3059354169302439,1,1,0.6807318565662993,0,1.0
227,-5.772852238053536,1.0233808388877685,-0.8060625848774754,-0.2698086801478684,0.033059140840004754,1.3618263368870254,-1.8229957945679474,-0.7682008378694417,-0.42907858317991987,0.9277670782217716,-1.2840263119223805,-0.4969347212604407,0.005432993370308446,-0.058668616055839874,-1.0344736820741982,-0.03372098019159607,0.40803659218296906,-1.4148977297275769,0.8837886632446376,-0.3551340356451939,-0.41805510608768465,0.04047044479262154,0.7059562471084202,-0.8057508624835032,-0.23290889155970784,-0.7151128132903819,-0.5002013687654357,-0.2923157893572701,-0.1430253909344331,0.74885016156422,0.23202836328044463,0.37707034961168867,0.17063785667837073,-0.20575909471073298,-0.08394560742920937,0.7972536672681497,0.19110711716038217,-0.23556995371063502,0.4526026425451605,-0.5797360536981198,1.2241449432909302,-0.2796490128418749,-0.8833137898324573,0.8776735248645603,-0.20146819809643032,-2.1727731488345827,-0.4430815143485038,-0.020589763591594427,0,0,0.9882293693851841,0,1.0
228,5.02855386597011,-1.4389614170184217,-1.733346544110341,-0.8186945495738103,0.4745169417622584,0.08790211699433634,0.5245658670207243,-0.2397174650666162,0.10076723785902676,-0.19564728712727755,0.5887614630366677,1.1354840981344736,-0.33292272950345103,0.48559528887211867,-1.3634654334472391,-0.1587089652588609,-0.311732320907548,-1.1483149057850115,-0.041081060439488615,0.0551967939557155,1.111447332716328,0.3354900860348413,-0.6697642205836855,0.5344766912253504,1.4316232606920831,-0.21090283379072813,0.7593556875611465,-1.3608908081014164,0.04288281499861914,-0.8709281330635156,-0.2761941822224611,-0.5086035348685801,-1.7887700811025131,0.9259265115892193,-0.18514214448680677,-1.5177970020495282,1.4939719399133353,-0.4470552589571065,-0.21705351672639878,0.30287854337282827,-0.0492341115939748,0.03254455652852843,-0.4967711252981459,0.08520266548987615,-0.2744801179023176,0.23993077758851986,-0.0766886136091256,0.29374501334821657,1,1,0.9039001913299372,0,1.0
229,2.68765646315767,4.21799565773841,2.033852423297304,-0.7933692197416417,-0.06957005198685019,0.37071764985778777,0.27512726455520187,-1.229861151713418,2.133702766260575,-0.2684828346737553,-0.8056476092116284,1.6064194609703921,-1.0963157273369726,0.4329720279516295,0.2546219199030769,-0.39600585130646127,-0.4180582272648875,-2.1470208696013726,-0.2856085749914547,-0.7263217542477238,-1.7084228222299798,-0.61103731348021,0.5436515079753745,1.6029635992569553,1.0395092661524723,0.1371697833236013,0.8579810128596055,-0.9587297582633068,-0.7055147712884957,-1.5231683525146902,0.07590900807644499,0.8591437914617828,-0.15192753596317168,-1.289528499601093,-0.43692630932926885,0.20432822061657335,0.6420941528448136,0.8608644254120039,0.03278492373902115,-0.9599516778530113,1.095630938137554,-0.7768376675434748,-0.14924605368650296,-0.9118374063728267,0.011581700720904267,-1.0057868736730669,0.3852821607645867,-0.5423636148702551,1,1,0.9607893815582653,0,1.0
230,-3.105428468280182,-0.8032344064790845,-0.0869901334887787,1.6788963930944194,-0.6470147873355155,0.570219313351327,1.1794958166850489,0.5542796357973864,1.3290750545390022,-1.5201021568238031,-0.6290933938995081,0.7080704963674398,0.1374301919993572,-0.6721997559055244,-0.7171450376028299,-1.4916840235597357,-1.3445719198730908,0.20056658174922914,-0.6485503547111886,1.0127550008855628,-0.8503158201153358,-0.4877913863361183,0.6073155237340576,-0.5261007642466636,0.6195664678273634,0.813375984379185,-0.7756012811408353,0.10475046902102217,-0.3668950560958829,-0.7271375502595863,-0.07058342943423995,-0.3366385267850847,-0.6158721265255692,-1.3351772595902922,0.980107236306334,0.22572790511306623,-0.3977708414272353,-0.6148073339983314,-0.11984966484443628,-1.223692396506854,-0.6882889734105123,-1.0405367249522772,0.20946183432993754,0.017107527631778963,0.591701917231187,0.6998149126594982,0.3676504677782896,0.27775194024464117,0,0,0.85665868553398,0,1.0
231,-2.035786367072215,-1.5127898566473097,1.0525628417759634,1.6336913380629943,0.8858552570024371,1.2343920707035045,-0.23848258189883603,-0.002087633008395256,-0.6399672783898427,-1.3707426990505305,0.17025340023204666,-0.09918801974948714,1.2534233891195738,0.7045557025467065,-0.059450366849605286,0.3280793758995821,0.8111242387229094,-0.40333532032191294,-0.7012311230406882,-1.2847945153056306,-0.8529797231651687,-1.2359376393146737,0.9307844965376953,0.824154877497484,-0.06651418455609871,0.024977138087012744,1.2791094051799707,0.05417845474147402,1.2187884963457294,0.42980536172905426,0.22809153234371346,0.4470647698755718,0.5530249437311635,1.4137096726975502,-1.0143192187367178,0.6393834066303726,0.09266686146273641,0.719504659384024,-0.9492126221941427,0.7833765600493474,-0.5299636464018982,0.42590235139280763,0.5065596510395659,1.3405211027492392,-0.14588537383569553,-0.4288488761501158,-0.9472683151223168,-0.37749834364434515,0,0,0.6473399164859943,0,1.0
232,-5.753045620979795,1.103935796964525,1.7694742012359814,-0.5937749013669666,0.21835155925448732,1.9421322035705781,-0.5694385524434984,0.5875118741865835,-1.2000380261030896,0.9324025195291988,0.32097329686254444,0.9100305368634001,-0.5265388141697004,-1.090176189878467,1.4185631845362026,-0.7872325182698586,0.3005351713694443,0.12983718552769857,-0.27477589390787105,0.212131805411114,0.5674424968022815,-0.878251940657659,0.12510247300835925,-0.3085424298679632,-1.5385324906066757,-0.9215308745096998,-0.4133843808385044,-0.5641638973792583,0.08563458713169284,0.8943867819654246,0.24853320444586374,0.13616947931317522,0.7087429456827795,-0.18960128693328068,-0.961922569329977,-1.466690387476342,0.1767350737908147,-0.9699415076985659,-0.31348315112751624,-0.5078903323171272,0.15484297843999278,-0.20792167397279923,-0.8771761587680456,-0.2694421139962235,0.04395344780516935,0.8012046864226249,0.9540282614766029,-0.07193489753521912,0,0,0.9916348688218316,0,1.0
233,-1.0907592514390205,0.13985558369395693,0.8630591369701847,-0.8276493305925194,0.7384622778373353,-0.06092286772841656,-2.09543830267266,0.07237503983802117,-1.0534612436563535,1.0066249663989415,-0.1820026602438037,-0.43138381567369555,-0.8240340495485156,-2.307256686629482,-1.4459892890788153,1.3089663946932666,0.9321483490327952,-0.22530120619226943,-1.7075061456794738,0.5800024571509406,0.05234369488109048,-1.4610062898446148,0.9470548206236414,-0.5824128516022554,0.7228352365909705,-0.46177797046045427,-0.5235651454087521,-0.05570826064936643,-2.3587708847211046,0.5109124054403619,-0.5231598798467214,0.39796305983162433,1.2135343484482968,-0.5867626792141211,-0.48538111823001245,-1.1586469203656353,-0.06342695278938805,0.8270591004708702,0.2796973911730218,-0.17646316642712853,0.2818034300224914,1.1247197595866953,-0.07289289476063428,1.0654355584875024,-0.04416152053549656,1.3988392906756757,0.16601870077197248,-0.35248680341437527,0,1,0.5794270027570435,0,1.0
234,1.0681149279885835,0.5758031780370237,-1.446395177260524,-3.0487823983520994,0.5901141553988105,-1.401684715557649,0.17720959325092384,0.049913510706634356,1.9648673285055598,-0.6723691674502742,0.6990037992019154,1.4088227986448152,-0.7872366412202433,-1.4945901825511012,-0.08111979300494415,1.1118532773560779,1.4197936496135035,-0.005566201688664597,-1.2328922637286925,-0.10644664703268367,0.6101146499253493,-0.5089270453077858,-0.6606267915500235,0.8011489713931543,-0.5505824015834937,-0.15950227946721268,2.9315538689125686,0.2688355214779791,-0.4395446771044071,0.17673560059108653,1.6639391751128847,0.5214796344965238,1.1215642047594863,0.07280447558278309,-0.7538503221026889,-0.4660452309177859,0.4386210541498905,-0.3168042104310273,-0.3516619052562023,-0.45562461412275407,1.8107525534556248,-1.0793618150012043,0.09831829519230373,1.1583535928638817,0.13651800318272792,0.5668863394730725,-0.25530642494271466,1.3136099560350978,1,1,0.9506375678831808,0,1.0
235,3.2728546880910963,-1.1814085429005772,1.1456728066077917,0.6922991763388455,-1.8678134356866258,-0.6022047530689345,-0.19471254026965537,0.14831025858421074,-1.5507464552811396,-0.6389835151626638,-0.631027056050803,-0.592700654415031,-1.3373207883518752,-1.3629126575613018,-1.9958626443994985,1.6140142889436664,-0.21085255896434718,-0.044159765076899546,1.640017758630615,0.11597055875573978,0.8677851166460496,-0.5501530781256256,-0.5890987256899726,0.8592371102757134,0.1885225986397734,0.6066358667135213,0.640057055261024,0.053042388651189744,1.1100941618012168,0.1598888117137629,-0.08075155972635217,-1.1077568011306942,0.20950560745185196,-0.881813967901592,1.113666358918756,-0.3736279516547522,-0.014774643730454052,-0.5318984526876774,-0.20276661250927205,0.9274424921333618,0.42513805125658244,1.2694214151300367,-0.6975740481666929,-1.088634652805788,0.5627992839078764,-0.4485786636119647,-0.4717795933493627,0.508777880944049,1,1,0.9332575075583348,0,1.0
236,-2.2248547034359283,0.6957485054340323,-0.5178581943292648,0.8229560833234177,1.2278020040627782,0.787639296331396,0.9219498137182857,0.03273818307973401,0.09982172289624819,0.742945698699931,-2.0106004206091126,-0.5945316299572573,0.17308978393400928,0.2110443298982554,1.572375388706835,1.5178729824070762,-2.182086632941774,0.31790392632056447,0.9217825231408978,0.3313280393713779,0.6679271280564749,0.10348399697343587,0.3861496258445236,0.3111262381816648,0.9075967874526129,0.239675248701562,0.70641761695902,0.2978554077760861,1.2136635371959268,0.9308668481599245,-2.047552551858076,-0.10483060848311385,0.0057068018256867655,-1.123146234734778,-0.46132198399009977,0.8196293589131332,0.057729392844509834,-0.20607593114033712,-0.5485030381215747,-0.41947490850218777,1.1028545090377129,-0.8249919618228649,-0.0884525008783244,-0.5463207406886127,-1.266563971405389,-0.7364241388482335,-1.06086449774465,0.9574751987982242,0,0,0.728626235057483,0,1.0
237,1.4206051032366507,0.5509590490024168,-0.10024578160563732,0.5498473471128077,-0.15842822007699078,-0.5031395253135327,-1.1824577667341936,0.11543422406422242,-1.4174613946018348,0.4217422821551685,-0.574152866410656,0.4234038371958987,-1.559645223288382,-0.1461615946506927,0.4688112943652471,-0.4426579035519856,-1.4972068097246887,-0.9075168354308909,1.0838703136362124,-0.05373365087038643,-1.3139366027527388,-1.3740516427528642,-0.0997849892477058,-0.27221044429752933,0.10689593488397348,-0.8156188239499941,0.841652752267121,-0.5317372797696039,-0.5058797804314025,0.7131639242734532,-0.9407473082679711,1.8669898605577095,-0.6385871899214158,-1.008265486002681,-1.0290645720838631,-0.0531468947429228,-0.4727582921645517,0.6860072104371838,0.0035926681078256874,0.5530302678500029,-0.9003361360400417,-0.35445678194229896,0.40665744608450194,0.7051433359458236,0.45400227564860074,-0.7228807476044737,-0.37593604267232816,-0.004544628318830977,1,1,0.8322257890680701,0,1.0
238,0.7759362793120191,0.214394635686145,2.376439551961813,0.8658258030240014,-0.7701733565011398,0.49660019605922257,-0.24424610204391767,-0.8116857139984046,0.9267226583860058,-0.008134641879840528,0.33885228098016873,1.5374347689406098,-0.09899861149096753,1.4358839820674405,1.0785982686766389,-0.19694354397358052,-0.7228604982016502,-1.4205114745522227,-0.779458072655798,-0.3865375508495114,0.9351943807363227,0.7819979958265217,0.32479231256469504,-1.1501489619035186,-1.5267691630362161,1.4945815854696434,0.2307968019599674,1.1091148962874504,-0.6118553094953457,1.566471242744216,0.7617884599245507,0.3747059999947566,0.41650204874189,0.23318556055433767,0.2609149570457941,-0.940079164372354,0.24547093742236456,-0.09038989180202654,-0.4780656330672766,-0.25783095866089784,0.25337261000676337,-0.34084234310101574,0.41723093201485795,-0.8670688353369372,0.4886284212458025,-1.3032864881774706,0.39124068526484734,0.01495943283267871,1,1,0.6614930256836661,0,1.0
239,-6.991644295231549,0.0003146369459254204,0.9461918166969695,-2.325450093536077,0.22420267264065535,0.22592614211532164,-0.27489877471653107,-1.1010665506495014,-0.42941262037303934,-0.7386089560103588,-0.025225363878183246,1.202468737964725,0.08406888790817194,-0.2503804013531652,0.5056183297296625,0.09516393870369601,0.433475749606651,-0.36415425872480905,-0.6204599813869874,0.4513413215007416,0.6069268853777074,-0.37145592808935124,1.181080380029599,0.040591095419012194,0.057270150892417965,-0.14713172978576772,0.15710939943237917,0.2894880033073866,-0.22923726676942882,0.9675848111705896,-0.9928667181970101,-0.8404568553281305,-1.8312082273094836,1.364339775674139,-1.6003496363934346,-0.42442271672973475,-0.7375189078301081,0.34398045902002616,-0.40415620032625804,1.231615937790452,-0.018105449119233428,-0.09164681662251485,-0.8804331414553995,1.3719890860450754,-0.3325738571366847,0.008981435624077036,0.49384584219364297,0.3002718175684447,0,0,0.9903094560554407,0,1.0
240,-6.134605658395009,-2.3535905419146697,0.1039265952193002,0.823620229963757,-1.1269021930627854,-1.5045571070313286,-1.518841277674021,-0.9637090276358139,1.0090123908221384,-0.30425039021495615,-0.27371571316281845,-1.4229997175928493,-1.2435368315485285,1.348062656856608,0.8607867376284761,1.1067230678024707,-0.5139988610328912,-0.9605526126608963,1.6376033713034086,-0.7469378864739515,1.0208036422361295,-1.1965019302208577,-1.092664571085205,-0.8852319780061989,-0.07418423944229074,-0.6651078594327096,-0.5750283003731637,-0.762034147980686,-0.6722580533644246,-0.6382643580601824,0.7669605666202246,-1.4498419368061224,-0.47476362461493393,0.3524190409557603,0.5733416835434205,-0.6034500383124988,1.6315164526195116,-0.31777390275828327,-0.943411063597301,-0.39857686497326983,0.25803634635494677,-0.32548707309059527,-0.38909341930378216,-1.2358018525518115,-0.8179963404049428,0.6727505964399632,-1.0074878714751148,-1.667471540272345,0,0,0.9847850400197481,0,1.0
241,3.777561997534449,2.573794695601834,-0.5873607999147802,0.8918357911066989,1.3123986637170033,0.5495839345594203,-0.1705409937567635,1.0569727389921713,1.370600475621723,-0.7547480173899164,-0.412541320492055,-0.5407825628839887,-0.49454076628911137,-0.7619660971715976,0.13856184253802933,-1.0043895521019544,1.3050320468661494,1.7833955787780933,0.7362663487733008,0.06948404086742185,-1.738026372107836,0.884579477158968,-0.3665282336656479,0.5981388594250622,0.6334442922179417,-0.9809360841606588,-0.35638760539425224,0.3209838828223752,0.2289264901754381,0.34480379612841305,-0.3537406390238999,1.0974678460355858,-0.14678348137185626,0.609936031788097,1.3718970160074304,0.2568155556111025,0.8397495696501965,0.3895742361818721,0.6943083960235656,0.8204012938204915,0.750820511780379,-0.8280013576808625,-0.4331111774859252,0.4309098105687701,-1.2423116973002144,0.20202721030274523,0.42389221923155596,-0.8324167806420433,1,1,0.9387295493462064,0,1.0
242,-5.541495001315568,0.03633710200798847,0.4971975831216259,0.7150476516444352,-0.3336141796311961,-0.10653249067049998,1.1462119192335087,0.3881744025090779,-0.29785155840997546,-1.311164968896462,3.587477886616686,-1.0637195843189482,-0.745372844905539,-0.053490956343992334,0.15512359893158284,1.8710376576906813,1.013853129456095,-1.3779040866743983,0.9336043658958617,-0.49740817741080995,1.2201821484994877,0.23830830318327204,-1.1609682577831901,-0.5797369223909274,1.921527529937371,0.19185357930650215,1.3918313368838306,-0.14469388866440194,0.5248145520814987,-0.6873850179320561,-1.2502700889995038,-1.4222721015943816,-0.1635880639528206,0.07737094389933043,0.12780046863533454,0.060922627863346845,-0.7573588072517428,-0.2836539825876589,-0.2357615203597371,-0.06568430319499739,-0.8605895147194979,-0.9260240279849125,-0.8311151092688119,-0.3924450018306519,0.8133683989411936,0.8449586601278869,-0.04375196038408155,1.1164336778936432,0,0,0.9706616312074663,0,1.0
243,-3.2086567270934667,2.1177398853474116,2.698556729410974,0.1972875604457649,-0.7326419421058478,0.043267510367348064,1.1374194752338702,2.069649910827327,-1.4530683391220194,-0.40161644128025803,-0.23745940002323768,-0.7735224095158114,-0.20773062338445764,-0.3037912469578502,-0.8883009621331625,-0.053293250304534516,-0.1760869273714258,0.5313920569980063,0.4075357581846008,0.38027495668320044,-0.24302919906387035,-0.9536557069433603,-1.0609744625236346,-0.2719870386385728,-0.15839920234854896,0.9453483342243609,0.6909419449361818,-0.33140742794512673,-0.30434203383278136,0.23004024835183365,0.5878830514912524,-0.5208172053845757,1.7172430445400475,-0.12275555064569388,-1.0380134724001044,-0.26593935289880427,-0.9790357659671033,-0.9246457234338918,0.7797882290811946,-1.1423571862965167,0.9265192893066714,-0.3932009619328401,1.2152504688682164,0.24975945079539405,-0.8236465820284687,-0.07946839645801898,0.006973041462320105,0.26170725666308375,0,0,0.8519143983525855,0,1.0
244,-0.028090049101670022,-1.0876490602067124,2.373777509547898,-1.3598207051889848,0.3335305831279405,-0.38903371227931527,-0.5121962702255022,-0.5115845318873264,-1.362776470983039,-0.056537475296504255,0.9249458429614793,0.4713818751087172,-0.573870181284702,-2.0724725594066613,0.3082039559156007,-0.8190727541604205,-1.8105047745313159,-0.8989123008907451,-0.9890281746989851,0.25705250450173694,0.027410767221864675,-0.3558675520192004,-0.007155339116874234,0.027669116220481335,0.97350969063195,0.6751659128591874,0.2695764885956914,0.23779641375502691,-0.33823102630280727,-1.058058280131943,0.3280549682070272,0.6372378387191282,-0.814791870888869,-0.8756105342510786,1.315116630557429,-0.1357231519807211,-0.11169646258016845,0.217294107016584,-0.583613232863386,-0.7286459313481309,-0.3003821433462056,1.4555650152001283,2.1552472882524882,-0.6408321270802763,-0.22658972087670196,2.0836762993236535,0.9624804571629706,0.564178612823687,0,1,0.798725565111056,0,1.0
245,2.6323205332537993,-2.436065087632857,1.0287774714192879,-0.5281444301410892,-1.2239622229193805,-0.4577416170446086,1.646027132689455,-0.29932883214120565,-1.4036993509893247,-0.0017836152297978026,-0.908645160888003,-0.5202897686342295,0.87741183715772,-0.08567341565483594,-1.0233727423343892,-0.7110691908483538,-0.06744935651623529,-0.5998431592796434,0.8763126449217042,0.5061480730447829,-0.44562565467541765,1.9532654564501828,0.17820689314950913,1.3676126991655861,0.4919385957203852,-0.45464324789142785,0.3097019593052628,-1.1188038106889375,0.7903469504523006,0.3972832002841431,-0.020032444860092587,-0.4876199540993736,0.43337958644135893,0.1259265242130853,-0.3762773976159552,0.4407325242976322,1.0008023730866038,-0.9454565342731068,-0.5788238687066622,2.0855304688728085,0.0010675803542422669,0.2182094167281182,-0.3477865424508154,-0.021509489018872154,-0.8823162575192953,-0.21319139916290514,0.6067115571773465,-0.6157547502453001,1,1,0.9305105147420142,0,1.0
246,-2.374783393521947,-1.0699702269608382,-0.00677927709208663,0.42787668550045926,-0.43263219474417836,-0.4501569410023641,1.037280937734414,2.2274305273827832,1.002711675096253,-0.20413496401900239,0.4165827947867559,0.20142570773828578,-0.45159694628345626,1.8574471732317894,-1.8142848725007317,-0.301952545225998,0.7948207332326845,0.02246526834246699,1.6462793829039721,-0.1625859579016212,2.700188688284546,-0.11479899064074578,0.965341001176052,0.15499602964595321,-0.12969635309788477,-0.2966127217363588,-0.24491124468783862,-0.019889063912245517,0.7164807169306683,-1.1281083309091318,-1.3423290121156477,-0.27546775640257753,0.43828215834558953,0.5357684468060933,0.35710640626921725,0.7155033598201807,-0.32766070245656187,0.1392561171348386,-0.11164938533867072,-0.1740033126300965,1.2172835036857153,0.03550830166994226,0.9186173633495202,-0.13837757684200985,-0.8739215759184578,0.2022288739887281,-0.10855585089733734,0.4201533886129695,0,0,0.7886575315036065,0,1.0
247,-4.67679751974815,-0.7043678322631058,-0.3006989198469655,1.8316204634975928,-0.5072423358990116,0.046830713260848256,-0.4220413448514338,-0.8531176613325777,-0.39018369749117116,-1.3177048512786977,-2.665614720315743,-0.2141098334521909,0.5374325806658629,-0.4996355738624878,-1.2829664151509068,1.0357965066312393,-0.1527429623416363,-0.2793659103069339,-0.8708290670922748,-0.16818503368482052,-0.748824032641932,1.6343115721130865,-0.3226168501327938,1.3939551990003756,-0.3392254099284698,-0.9042256820317411,0.4966442310344667,-1.1292735776686689,-0.1979959455218279,0.6668399621051339,-0.20318942471644533,0.7743056861341636,0.4568033316292409,0.9068918364233194,-0.2632531160181316,-1.8798327886126691,-0.8544392112035897,-0.1845692281383244,-0.24021514918243164,-0.7852247499543387,0.8754259276305271,-0.5011762509575545,-0.4525573221657013,0.4964658723373655,-0.32352577565611795,-0.6223213985675096,-0.5490919063665382,-0.2645624945623852,0,0,0.9617480264659816,0,1.0
248,-2.7479361819534236,1.3049708077115945,-0.7160826170836191,0.4646899462068726,-0.7827426041426031,1.1079130022630939,0.9619300233355469,2.30329285714786,0.8051035961080178,0.06759915668754418,0.6000718441307016,0.20979503644773081,2.02200285859946,0.25134223945202333,-1.3548519835134358,0.537263552373757,-1.1057123109050502,-0.9606442798257337,-0.18639517941316144,0.5989482841473514,0.7280424111230593,-0.8814267006591722,-1.0535387462124888,-1.2144203248360466,0.4111135206782395,-0.30317924114580214,-0.9221611729014557,0.30533737221925294,-1.370183785288636,0.22408903307800607,-0.6542950232191346,0.08730880876583012,0.04836218641021916,-0.6000341833363733,-0.34783249682677314,-1.2486721151830684,-1.6092734447272976,-1.0198978551837445,-0.2820745578287743,-0.3792700321216731,-0.5421556897981356,0.04938868799767868,1.1181606254521832,0.7462220508663631,0.5540948261907314,-0.5187013688963725,0.3322179284280786,-1.0739566750396303,0,0,0.9008552415865393,0,1.0
249,3.3572744508693084,-2.764613369834082,0.29395052882877143,0.3897355679303394,-0.85078466785334,1.303175348142936,-0.2767372797223514,0.5139112673675275,-0.1715745949720976,-1.0275549596286009,-0.03563573625084063,1.0156267625381514,0.14776649961785282,0.19880155517378317,0.027759138496824515,1.5773485531283522,-0.7059518569038497,-0.2820273275708664,-0.7709322105578288,0.2476145219971611,-0.35120780806189517,-0.1864731692363485,1.0696922613241036,-0.3876260796915463,1.4257032935773866,-1.5920525109465544,-0.9161589428311951,0.11316127739063679,0.46697799542987056,-0.1722662620198572,-1.4891520689989965,-0.010116678615721512,1.0680778328076794,0.13155652530039066,-0.16192293808299982,-0.3981138989010265,0.299087420245592,1.0765560085089199,-1.23089085869952,0.9115107220260046,1.214626433249886,-0.29323660271433427,0.4544166036557195,0.5844001461775162,0.37168453308677585,-1.267909632832081,-0.6697312186476058,0.910045838666588,1,1,0.8123149134487173,0,1.0
250,-1.5555475193284265,-0.7052881903163606,0.447072051825174,2.0412425882358898,0.3460005062708997,-0.6221615823751285,-1.4649787581136675,1.2267615712614544,-0.16859975063514307,0.027970958836356828,0.0651602571574217,-1.0961944340938172,0.1803499352208182,1.9225735585455326,0.6990343326936403,1.0401977386662815,0.8648836054383358,-0.5443743730655449,-1.4997243107991352,0.047370819499066574,0.6314107699292154,1.5494883833424231,0.5309782548415377,-0.1874928293522315,-0.9980975045065853,-0.48957955305426504,0.024725379948652253,-3.142572807223867,0.5779378380374083,0.3396085187850135,0.26939182148135987,0.4350526600958231,1.3092618602079253,-0.27917294259263764,0.4843697432784746,0.5893683346690818,0.2885758971178966,1.1708177024558173,0.7060054263562073,-0.21188590219020872,1.0857959750181356,-0.5246618147170924,0.9565333109849162,-0.7512476179569688,-0.15561094172621198,0.5592808558056895,1.7522284320251675,-0.3195012958615857,0,0,0.72819172189098,0,1.0
251,-3.875221217649866,-0.8545016566030628,-0.5032398963156165,0.5301930440049967,0.43075000426739934,1.013193930327021,0.03404761807752099,-0.19373807410256902,-0.46482235877131617,-0.21420097224488407,-0.12568588303476766,-0.631591567397591,-0.9816844613485808,0.31450470390910995,-0.6959668730295613,1.1797509040176515,1.2540420242857053,-0.5154829108463354,1.5236930025825675,-0.14145120825468996,1.8836982647331924,0.25718356798068653,-0.7448634968882755,0.5406309497078888,-0.8889295644734809,0.7170125956944411,-0.8219171762010908,-0.43223176147959924,0.9608562347332636,-1.0499819781626623,0.5231282579175065,0.4250920805130229,0.506059242525676,1.0996595997282834,-0.09991879610854015,1.2280480662097193,0.09811819497507872,0.14357191425687704,-0.12404854087936325,0.7822926209554272,-0.9360446056733235,-0.4089251117167801,0.3668345197473615,0.4745338792712763,-0.38978071177675605,-0.5347152408923507,-1.0305908719212222,1.0344679452281236,0,0,0.9534390468370084,0,1.0
252,8.425956433893766,-0.17690669483787339,0.8157556716211937,-1.0505098842504272,0.4227331108731405,-0.5336221514860016,0.04328537610389071,-0.3861145876958258,-0.4548755478631584,-0.611749466020585,0.646891064842033,0.22761326227055187,-2.167455186723355,-0.4247980783601933,0.36262350060673176,-1.9778998882891312,1.2951529098358312,0.8558347528884159,-1.2246160335619085,-0.509230170008092,-0.060191148962148604,0.9195121291312528,-2.234968410033402,-0.07051775617895298,-0.06650491299831192,-1.5354234400730646,-0.2835717439230513,-0.43847775450969306,0.04538821655946983,0.9952949812452949,0.6841775991893702,0.6343233143864411,-0.6673894949106939,1.5152336926021999,-0.45425280745484314,1.499350967447975,-0.3824707020232413,-0.5628979235279653,0.20634605413417056,0.9366857770069676,-1.1730328963189602,-0.1806815512806089,-0.7633021544201655,0.29917683961773894,1.3814375289880063,0.7411918953726793,1.078754795354994,0.4143137980621503,1,1,0.9906850524437953,0,1.0
253,-4.758228345012941,1.4650032684903236,-2.1001228896535564,-1.6240241308509389,0.6174215910448032,0.8472560706012591,-0.22667321237440283,-1.998986782375676,0.7896901685662556,-0.2044415843573862,0.4381431840743705,-0.5679138134782344,-0.8521568240780047,0.8687336802678172,-0.8374236384647006,2.382973882493746,0.4990243465978919,2.3464380560523144,0.43509195741345064,0.8297275538910818,-0.36176623839469835,-0.15533024785312632,-0.4341960253418756,-1.0485329901385692,-0.07635142284343084,0.7679343417393045,-0.6631706579563673,0.8558202806081487,1.225783704303557,0.5443049038972346,0.26377534455668267,0.5776968603462299,0.8431912121940796,0.10276771320252202,-0.8685732974128427,0.2035985630609756,0.038822681506179145,-0.4911115395459786,-1.572764659070877,-0.7496126595947905,0.6822004375889232,-0.4295101757001762,-0.06820550091583476,-0.19201102452210622,0.44634007119352265,-0.5212735354098987,-0.5856360564152594,0.03693336343635626,0,0,0.9439347961715154,0,1.0
254,-3.765817208513038,1.092226109137637,0.29723787090613485,0.2556114222812529,-0.8339267367090747,-0.34542649667831754,-0.5260815467587119,-1.4660270011238306,-1.914114680692437,-1.0679410278244648,-0.89864838315292,-0.5981887359750045,-1.1277129894825866,-0.3259956536202041,1.0251291787782888,-1.4133785282900537,-0.8484388776594225,0.6886283070353268,0.02558226622210189,1.1147979801303074,-1.6707005815542104,-0.606904389457938,-0.7245555034837463,-0.3779770166302325,-0.2664477536478384,1.0921467524597763,0.44415197356805985,-0.8823348834650785,0.19856925876675846,-0.9530807772840512,-0.032124022462476115,1.8014051991390563,-1.3726393922474756,0.05545300841015199,-0.2543794722283455,0.38017949028796827,1.3706241249592426,-0.10487602856140134,0.7789825833084723,0.018128324274128707,-0.4443892811022613,0.611673098327444,-0.5626251282447626,0.37658283699997863,1.0038415047784608,1.269765971417527,-0.09679994954265907,0.39384992052302853,0,0,0.9444682626124782,0,1.0
255,-0.3892159830254899,2.607760832244788,-0.8472630185859455,0.24027791626842224,0.6033975735774273,0.6154397364631161,-0.024612314435365077,-0.07993595205534416,0.9200865265940144,-0.645148141198826,-0.10112615519135583,1.0526867403489581,-0.6752949091191931,0.67048433914835,0.2895921487144466,1.8018115160963861,0.11335515134905706,0.8300569723248106,-0.1154644101810947,-1.0247135496618434,1.4489151118257297,0.7559495979493315,0.8153544857388165,0.714062340213711,-0.7285190489542818,-0.21892825088876727,0.597251978856737,0.0048983163226149345,1.6356655930330548,1.1253597035544616,-1.0513386019575273,-0.16844209904332222,0.7321494735618891,-0.5873148120800628,0.00247521235226722,0.3978624138526403,-1.0929237218709364,0.3056848661915924,-0.13757726232369905,0.36071754001940287,0.33478546359536265,-0.45884185240398734,-0.1374386080178482,0.7837349462460503,1.1523485048008937,0.3810995891900909,-0.39014794520545776,-1.3983612826000968,0,0,0.519552282518834,0,1.0
256,0.8585888501275801,2.9095243625448526,0.0036652985568526512,0.07024371111372253,-0.445013023661616,0.11486469879388465,-0.7535115954311533,1.113990911062003,-0.15304535631770574,0.49405573453464174,-0.5631851658148967,-0.7950543905106509,0.6950073996442032,0.18912114284140777,-0.6408101997202655,0.7586247047459496,-1.1792947473980036,0.32867201366875565,0.24551414313001535,0.16756689032491834,-0.513783146286814,0.07730017803866895,-0.7692004330258106,0.6560013976446837,-1.7337715274066923,0.954933246076206,0.43145364828393995,0.6998993957462596,1.4660467651309603,0.5622058133516534,-0.9835271955990541,0.7235248852301464,-0.3256704458095506,0.17778131514719117,0.5505943764853526,0.1847993463205225,1.1201524524230646,0.8966624726670545,-0.16632939804004793,0.2930541690884773,-0.3342231162291392,-0.2546264172693254,-0.5075296413670837,0.14021796496154523,-1.3154966185294807,0.40710617066673216,0.5825429904511207,-0.08381825046830854,1,0,0.5176640708211252,0,1.0
257,2.7795528032196346,-1.0458458505118573,-0.47770077921569454,1.783258037418803,-0.3235596477030036,-1.017663983281227,0.4370124800029796,0.5505356440120026,-0.6661201508795629,0.4596791726911319,1.383669827108241,0.4896769722428029,0.22721363947107479,-0.24234750622929638,-0.17380984086467577,-0.557837137863274,-0.6651473274040232,0.5556953236279705,0.006701274603645647,-0.40997157060578404,-0.11311400597797493,-0.5963810801662315,1.4179412293722176,2.4965366655562575,0.24962432945699956,1.2668137563591089,-0.3451729866185379,1.0721941961210941,-1.9767036592373357,-0.7011214209028233,1.1441627840942439,0.12332087023863515,-1.4927753800253085,1.262596539871437,0.24890163292562953,-0.5233745243331598,-0.004591333353530292,0.11188066515575971,-1.602253946610541,-0.04947796071085527,-0.08548133552047296,0.18491906687658036,-0.8487545464642162,0.6917658773557237,-0.1567213885583975,0.3054655942529355,0.3861301830750332,-1.081478311620255,1,1,0.9525253016266335,0,1.0
258,-0.2772731165735076,1.613013028989732,-1.1580253463667334,-0.5989218009947548,0.3626289445083382,-0.24790760222343944,1.1159914119863183,0.6176153504630215,-0.0806809950604013,0.2886959898354511,-0.8437369180005708,0.7193181097364032,-0.8348264560743889,-0.5727742104743072,0.8304514030779366,-1.6459229148756274,-0.09422955248238184,-1.809961133939112,1.1004724998711821,-0.2520024863976589,-0.9811147070088243,-1.7506560527369877,-0.5997803712690233,-1.0163752468034628,0.9666196726286941,0.13945525920247417,0.23015585241770628,-0.2757073099869385,-0.3999912912194033,-0.17681017903900592,-0.712302487120865,0.48254393302226184,0.35295053001009896,-1.722619108498767,1.5543448551818437,0.28221802166888926,-0.06293937000162844,0.8601940234915959,0.2869707002734996,0.7608224538302207,0.280321104694232,-0.867283913126424,-0.8952659320586973,-1.0009231139865082,-0.6435811665361624,0.7758035271394796,0.48345947727247746,-0.9161031194148935,0,1,0.7318159399376567,0,1.0
259,-0.799499663997528,0.9420980931898916,-0.7375944341542354,-0.9611880535249725,-0.2829678083610332,0.9511459474877906,0.069133829062837,-0.3889527782271338,-0.2435918228811094,-1.2805764649157414,0.015424550139929737,1.0264494790356555,-1.0422335494055832,1.3653720731295467,1.1218342046192882,-0.7858057345474279,-1.610665924407739,-0.9079076405815116,-0.5062646732355093,0.061343968564490876,0.13677096222943003,1.4801355291549856,0.9904176241435789,-0.5155263364279644,0.5115845246896042,-0.1801772226746212,0.7015645648640787,0.7596399742784591,0.6830382126037161,0.0710795605274716,0.31278108078296946,0.20353734067692933,-0.04927004864245006,-0.6186273657401783,0.25117659554016103,-0.28056291396774063,1.2323962522443417,-0.28255318361577925,0.7371249907763564,0.4324575523548297,-0.6601597698414599,-0.5095863741429859,1.2815566108019698,-0.0014457779008750827,-0.6832798825183285,-0.36590802632459146,-0.31943395408575687,-0.3966901811461619,0,0,0.5480506928066216,0,1.0
260,0.1305158442125741,1.3711459728548174,-3.1623641967979825,0.10553397292101478,0.6195927976293859,-0.04470253776414173,1.2163199580242658,-0.11025921813808827,1.2516116076313597,-0.480407756156071,-1.062842352306341,-0.06017221474736683,0.7188932262144708,0.4488402542866688,0.4764383653237183,0.653314508356865,0.688640937322271,-0.9160340123275206,-0.29492113533121433,-2.464601579138058,0.22288318462337883,-0.041947468602866175,-0.11172207646298972,-1.197029544856521,0.17500351981848977,0.03690910846767169,0.14820163864738234,-0.9702796042143088,0.42776051073529775,0.6823770426531526,1.5368423245667913,-0.7994725859960746,0.07980323968566627,-0.3933915992618839,-0.5544658743766843,1.029034409359464,-1.3300023166312664,-0.17780958109145414,0.14679957267228297,1.292395855358906,0.11460542462747936,1.2403934321103167,0.1265131224684209,0.20944429275288348,0.12180140168621345,0.38810408816870207,-0.47130327390337134,0.4888514953813774,1,1,0.728088081878326,0,1.0
261,2.3920388661068386,0.9496579505292078,-1.0312565362361195,-0.31930558194172803,0.8577185956863647,0.8341541647366492,-0.9185181208537547,-0.6708584765131529,0.009076156469268206,1.7449706217035625,-1.2848644249293883,-0.6525468358034794,-0.7761292591231526,1.0921688266594223,0.045626217017054715,0.3385617297997439,0.3346232774458576,0.3239712817817308,1.0037895157283274,-0.10995413620674621,-0.35565424785464306,0.5267631102997944,-0.24368876439878423,0.4890661582938827,-1.9730624811269049,0.194747471975177,0.29662134690761505,0.08694343174630409,-0.46927440411775173,-0.025276132668652376,-0.29810535804556537,-0.8554187480971626,-0.6224945322064529,-0.973284944809657,0.7291557357186788,-0.7458364970321081,-0.7627929265615213,1.6268322551591299,0.9196425446332304,-0.9260784413831731,0.6908620185555894,-0.18543124427221191,-0.19251499348988899,0.31311560225915486,0.6266594253911272,-1.6131603601346403,-0.7057695496226895,0.836721199891292,1,1,0.6271283780419526,0,1.0
262,-3.8034854062344534,0.033059583934424715,-0.17367310855884244,1.0119665619473093,0.9055100662278484,0.6468357157015528,0.2823509508767148,-0.5681559098393201,-0.03923254756831428,0.9386295578401401,0.8333054141495871,-0.17992215317728405,-0.15425965776145292,-0.4131229310016513,-0.5240947226561432,1.2109992661487905,-0.6104331003210648,-1.1497204601804203,0.33947094957392915,0.47291655546448574,-0.7163259680688551,-0.5368426912293548,0.3155464984557604,1.2601005103772667,-1.4266433402663743,-0.05141100176861509,-0.8712336089548192,0.07213992244767692,0.45217663615119824,0.3814580758065408,0.8475470082708445,0.34668257275093484,0.05088895213047268,-0.19229284363843577,0.27765520649329023,0.42826835883862024,0.20084498105329424,1.2047085232772392,0.3888501528542228,-0.4284691464475119,-0.44517310079144834,-0.769626628453207,0.538148589336122,0.5750855822192363,0.47328600195652193,0.23216231712700533,0.3002276527518052,-0.43943325479696194,0,0,0.9469360487935886,0,1.0
263,4.742793685840897,2.780429868525297,-1.496944999304828,1.882807631563378,0.38284279184960995,-0.5533960479131625,-0.9600102080532907,-0.1213013342437271,-0.48371144266842475,-0.3137747030018978,-0.26193712110165845,-0.15869798390555925,-0.02320099158351339,0.6449621260466678,1.0269898039864587,-0.8588175729639479,0.44747788760228624,0.8263887570810993,-0.9390610768926729,-0.17261950299554663,0.09747498799156507,-1.4073965066483292,0.09750513295326453,1.4382864402790358,-0.8382470851874934,-0.4728893797838357,0.9335841353597722,-1.2983092775310976,0.25334635597559324,-0.7639004710835258,-0.2167478315997242,-0.022524942778094855,0.39322398024415944,0.29523929772418894,1.463824174025147,0.04207839669593143,-0.17309936354127978,2.6068524828204356,0.10172765198376951,-1.3975391743450916,-1.020099252354049,-0.44568661016771977,1.085410732086959,0.41124927608348305,2.3448692528086514,0.21311032906194333,1.2379919256666172,-0.42209621811581727,1,1,0.9750619160384641,0,1.0
264,0.8917237786865093,-0.29749320009742397,-1.108281745858862,0.001014095066942472,-0.8694139687095033,0.7489300818503045,1.5451255347694162,0.36884734629270416,-0.9306793666370025,-0.18016785085393422,-0.20210215646311605,0.737231327508764,0.36940783606932837,-0.5558917115859169,0.025950557681212297,0.4482550121744018,1.5478915625841756,-0.01627105334038652,0.3492593395583931,-1.2378556778032324,0.3369677975885653,0.39676548383399357,-0.7031147893779303,-1.7255895221680224,-0.07934897316394629,-0.9608552131450959,-0.20138081667049368,-1.6393770201415565,-1.1324395203834061,-0.1624693581107888,0.05412388105566847,-0.021682297361639645,2.636130625622511,1.7646597519429676,-0.2640989888626652,-0.2743800904101314,1.7742174335806988,-0.3430357149928537,0.5488691984658544,-0.8948255521702911,-0.7480564770298191,1.8624430654237014,0.7348810579975509,0.10981634160705504,-0.22942656360500932,0.1983599383900398,0.3075734154308638,0.8862295052686161,1,1,0.6860929616558699,0,1.0
265,-4.073644174469204,-1.570002599258243,-0.1940154865845201,-0.26802825176555906,-2.9124739211226105,-0.014706841375349625,0.6472508132139588,-0.8497416844083282,0.16575546223480075,0.5750252032889128,-0.9647282077985884,0.4532418373052206,0.002865252624685649,0.3893676187089045,1.1628267828457617,-0.896022070991024,1.0260269068732721,-0.28473405751415093,0.20691295420436445,1.7802274962403157,1.413126359055795,-1.1231853602242132,0.7095714434388851,0.4758605623955656,0.5083374420822117,-0.053698824311009835,0.20636756381262314,1.6730844482510763,-0.7693561811020486,-0.2840115359047373,-0.21590627461489575,0.21908919695259185,0.9292460956351408,0.23868248871047626,-0.8529351413858075,-0.32834660425465906,-0.03948336695197281,-0.16302094388580207,-1.1866006941393212,0.7088100943918318,-0.4254456843671123,-0.022629913854452354,-1.0614119028219653,0.3760305004811602,1.1045818069818614,1.3790347799706961,-0.11525962394919778,0.47015961508326626,0,0,0.946783538064038,0,1.0
266,3.313490531782425,-1.4832219526138404,1.709712340217875,-0.5607269351607509,0.3496507372650708,0.2856981537515391,0.5902233609508492,-0.4057381187829037,-0.407517197289671,0.6029405584792631,-3.05269604523006,-0.8172727457981853,-0.024992224933332672,0.36457756784685513,-1.3022067506568331,0.06238423815796305,-2.2603627707598837,-0.9810675184300932,0.20346187933053977,-0.9241009251702572,0.28911923236067344,-1.2881739374397665,-0.7543006247111975,0.7049874303021257,1.2312005014165117,-1.5007053641766395,0.30833223798099824,1.5297231269396956,-1.1954188601188869,0.29104395277905154,-0.2837040534241625,-1.1148654497266492,-0.03222046346901489,0.40530377994267375,-0.6225611361125836,0.8004045984755058,-0.3704898851174429,0.5135191072048156,0.19399870099167157,0.8649370505089742,0.27269393301204636,1.5089315406089776,-0.3180870111248986,0.9319293517803436,-0.11674141326742149,0.1761009392893095,-0.6212717397437428,-0.3582524603094319,1,1,0.9324954273930202,0,1.0
267,4.452770187440076,2.263205171353578,1.6125616484944603,-0.7877541935656674,-0.3874834372963785,-0.1857619654538781,-1.0511458531782523,1.4087151731583532,-1.5857017788977925,0.4983050391129784,0.5745347641105796,-1.6327232729760097,-0.25745451643246364,0.30422310829172183,-0.1379172828466893,0.36585163643874974,-0.5121898098497962,-0.3708714722389779,0.21164533774409383,1.0349853053545939,-0.44924518789201157,2.319819518019219,-0.5397220651515805,0.016376778758393145,0.8404566446116469,0.3122249425392187,0.7633033781519653,0.5670481619513043,1.142785669015765,0.5799711065445595,0.7124371304607074,-0.14168028540600047,0.23395753135878924,0.905756264762517,-0.6689273601116236,0.832698975125394,0.3202094989667226,1.5664090930398868,-0.8170270340232029,1.5745204017015444,0.8865993542920637,-0.47755344637462366,-0.384367844869443,-0.013650901415461079,0.7578398858416635,0.2879280046377633,1.0718194377012586,-1.181255171621612,1,1,0.9747929716465675,0,1.0
268,4.683696171249625,1.9318453538286644,-0.2771720195087252,-0.029394115145276452,0.3066825608494254,0.9336720323961252,-0.1114792760531552,-0.42988195115742367,0.21468135626922674,0.5768237372108845,-0.12524527362853863,-0.03890109296147839,0.8733019975882048,0.7657517287018857,-0.42456205862904617,0.7104972042327323,0.17241240782972692,0.3475638014184091,1.1319771718763842,-0.7647085937079874,-0.11976043831591585,1.683436250449408,-0.5470180619400219,2.2228827525014387,1.0241783801393394,-0.4012261387266188,0.3384176269456893,0.7542052637929251,-0.37472722007737375,-0.23763103163682953,0.11025625171087122,-0.697818578739789,1.0282356194594757,0.6789168020820887,-1.404082639566311,0.4677166190067328,0.13786382986169743,0.7296257705196088,1.0351439037880292,0.05376800491006148,-0.4994922512775157,0.41552216611284987,-0.15459691456928035,-0.8597874205988475,-0.9582723086661838,1.2417173082004065,0.28264613323649146,0.9378729319665527,1,1,0.9683970053663498,0,1.0
269,3.180720438820863,-1.543978607923884,-3.3209534179330733,0.13331627388128958,-0.6955358478715289,0.005178354714251836,-1.3463254551944062,-0.16276612445140934,-0.9019330883829357,0.17231975801214994,1.0361855151637651,0.10045728576038562,-1.3361655795339396,0.3078706323321511,1.3375815192663623,-0.45358983845668555,0.4671858771217694,-0.3703254460550169,0.6730771777796212,1.044194673436217,-0.8592542013235861,-0.8754453259308679,-0.029212619122460207,-1.964843051900897,0.93078238470812,-0.12967943486543215,0.6218635222835066,-0.2826379662077093,-0.8141770146306697,-0.1472504541587595,0.617397578335212,-0.2479156913083606,0.2909718113512329,0.6240193286424276,0.5937880189370823,-0.4840834087286288,0.5247375224463239,0.5749995347954644,0.8200296069289137,0.21373334478907016,-0.47857580577330794,1.0040804792684752,-0.4261525075935747,0.5722145349113756,-1.0406111641260092,0.14640646915676622,-0.30730947614944665,0.5984579055131941,1,1,0.9728610160888116,0,1.0
270,-3.2546002964821747,0.6336831910627205,-0.9522711878839389,-1.1598728848825457,1.8859439075831534,0.4834788900989236,-0.21560333840435134,-0.9270119798408174,-1.47918362651251,0.8003626716176867,-0.1576189562778272,-0.3540886281224594,0.8923407451570238,-0.2531355745661872,0.18397014161415454,-0.20480644450391883,0.6054060931107816,1.0599409629990861,1.4435717998471933,0.31112928552959546,-0.4561335185925856,0.5455798388691403,-0.4014663903433357,0.5338107711478376,0.4571078505907606,0.03526094760205546,-0.8065700667144602,-0.3799150828638073,-0.637242615799736,-2.3155152221047,-0.3486496155156506,0.814766197709491,-0.7234572086180119,0.09257710449258752,-0.7928550451506676,-1.2183084098176946,0.9385205718386577,0.5536891025227065,-1.103317709036868,0.673203099499579,-0.5305369064505187,0.6347824830948305,0.6678041685070517,-1.000925376542855,0.04880130590833566,-0.36155541196059915,0.09844742816746081,-0.3279254213276918,0,0,0.9317708525814641,0,1.0
271,-0.04816232978520487,-2.492535950196541,-1.8898095582542607,0.7210519663931941,1.4739185685089047,-0.07802189149435733,0.033249751353718625,0.8986033285970029,-0.013135032335850397,1.110265106312302,-0.26257923250753684,-0.26531576477652147,0.09377919314583852,-2.136357953089718,1.5656932551762779,-0.6338977005325922,-0.3986491094000137,-1.9194597277597258,1.7231558529030884,-0.7076421481494514,0.6166351100543185,0.4040718096273599,0.42627905212591105,-0.008182874356943539,0.5146163577204319,-0.3220955212180083,0.8863678740187428,0.4447219297658927,1.2197389808800738,-1.022151139278016,0.6788849830338992,-0.783163502628658,-0.9449826095034477,-0.21670201792383353,-0.4529895038502955,-0.15065928156554606,-1.041005833828968,-0.17268830906880328,0.8279727382628607,0.6355535746620764,-0.5103420200745737,-1.0342842373224268,0.8906995513688059,1.307025108735767,-0.158895232273574,-1.0328889761258286,-0.03616853719717681,0.20890847490953265,1,1,0.7038981164225627,0,1.0
272,2.94747243778514,-4.4786371549881725,-2.1211670720182205,-0.43150439064377283,0.7634605846185258,1.1075509881244645,1.3693233561135705,0.4972833478269339,-0.008027041972604159,-0.17059121668293156,1.964258448698501,-1.8656680124599891,0.07681122305885418,0.8911427194604774,1.3259866225668404,0.21067591586477144,1.1076127601216157,-0.4334839028107626,-0.5526518834508268,1.1544466067202512,0.5583935826905017,-0.5574974487742106,-1.0014370256601062,1.5640791707612463,1.4555864059078223,-0.41045314866332727,0.3663135573007228,-0.025402480541608527,0.5062854299389681,1.011451595779412,0.5559190464041743,1.875209910046475,0.7516580937351787,-0.03916288918299426,0.8407685572715844,0.6414817153363181,-0.7209632573138103,0.5085124588914006,0.9766488719302675,0.605379923618377,-0.1129059467233476,0.7955318570972669,-0.6562959670124342,-1.1379469487986034,-0.7123824786158321,0.7066018835578651,0.13622103911298963,-1.2029730673314856,1,1,0.8890035078395662,0,1.0
273,0.9297429232429847,-0.23850251148444052,-1.6853830780816696,-0.349274288315922,-0.8389621591698231,-0.07235703566677852,-0.08249725184863636,0.8905940453763814,0.7760771321344809,-0.35059352839817415,-1.617799441394989,0.375110029225627,-1.0068966228699892,0.29005363400155393,-1.656052567004271,-0.05666851502932991,1.1059089445155672,-0.15514952619681419,-0.6494256442981569,-0.40561858094465825,-0.8294441504279254,0.12752147748492365,-2.735925995457954,-0.3322567277128755,0.0786279721061865,0.3866570998756801,0.862300621524991,-0.8682642493990316,0.40113266697164235,-0.2286591133607205,-0.2754783151719414,0.42690073029969744,-0.0785480858094958,0.8106477641411434,-1.3520882583168987,-0.4136773079789991,0.007157284090168873,-0.9194369674840771,-0.3905643210932381,0.2332782763551378,-0.5510869719419277,1.1244284783153577,0.7667080920209982,0.19798216061097543,0.33550532717018366,0.11780921259211957,-0.3816430223956295,0.7962025173938325,1,1,0.682639004417097,0,1.0
274,-3.6226788280543234,-1.2717625594210638,-1.5395424566252796,0.476723272424205,-0.6492158034508917,-1.5524230895198214,0.5136623253712291,-1.0311227280001096,-0.9379904189725431,0.36191465125172695,0.3655311007226731,1.0811683043326852,-1.0448917177364139,0.5254833004292555,0.2779214921338624,0.7358906441819505,-0.9598090630750672,-0.39116769143577984,-1.099747320665143,-0.09985317488184607,0.07127690646965801,0.6336029623387356,-1.2593621674483542,-0.3844691864297628,0.41139389401081705,-1.9193628610826141,-0.4161875637736229,0.2913380030188367,-0.6501418589272238,-0.8189207469633013,0.9389062872951622,0.4773882029556198,0.16698327073633729,1.1804663728826157,-0.3494269901661406,-0.5349702075003431,-0.5063007163213872,0.35527095600839204,-0.6038350087703329,0.33669766040075527,0.6002180773743525,0.2503459362112362,0.9921205513029306,-0.0005495306561699363,-0.14792529174159566,0.9022138433588102,-0.3486223543845223,0.06070532017534482,0,0,0.9290996505737105,0,1.0
275,-1.422337573448618,-0.7029790555453245,-1.9379949542221275,-2.1001258466829826,-0.4297618735606587,0.650403696293864,-2.2290094946291004,-0.01978752423950523,0.39552266195525965,-1.494677488059093,0.8071476698876003,0.8390089146073277,0.3396307926480975,-1.4263662200675673,-0.3051626566364225,-0.6809298234763418,-0.28329418139397405,0.7338191206372965,-0.5966535287036969,0.5087683138758684,-0.5485674045460613,-0.3799116198958918,-0.2624919406072551,-1.380322659564128,-0.6083096626471654,0.02226243331038669,-0.4585875526108076,-0.3557237083693007,-0.5192367762879366,0.5961872721643966,0.4357908986877783,-0.9872672353366918,0.23038022887841467,-1.6525163312407922,-1.087093991430699,-1.103639865398681,0.4448823992489528,-0.37500342847332235,-0.16168694267635086,-0.5316606092399304,0.5073455141546585,-0.02967729956561237,0.48600980766991947,-0.9790801040309339,-0.2756421297249789,-0.27015326407521334,0.17403445518178748,0.6495098234863808,0,0,0.6762296245411655,0,1.0
276,0.7820401290563127,-1.7026880345376694,-2.664484128526465,0.22984883816357057,0.6636040939327582,0.5288366893039171,0.4063145788174549,-1.0764753338301913,-0.3789312530404873,0.14428969458031884,0.04522252835437049,-1.4652742666520202,-1.4030241027867723,-0.475666252883436,0.029045621379712887,0.741078425419701,-1.9853953898130101,0.5342847125680443,-0.424053195373494,0.32301957015013044,-0.1759480798184604,-0.30817736076107655,-0.36978033808828425,1.0906364567108862,-1.0601799666188072,0.7265519665343092,-0.5131162169619355,-0.38126883330595984,0.8429481182842044,0.34701667326456864,0.1507251729685181,-0.13198304476836076,-0.13062489612721845,-0.1600889432127565,0.46069434772883955,0.6991243240031899,-0.7429106665713789,0.5242967536313781,0.2956822921372893,0.2059840179727939,0.10656631572159146,0.3460086913556056,-0.7387755236184398,0.161860382575334,-0.24997708422138454,0.8510807913801658,0.5457225686193723,-0.3431724014561833,1,1,0.6053386763543239,0,1.0
277,-2.3266645147231038,2.3009818680955982,-0.35263464517345905,-0.7129318541165469,-0.6660137136562985,0.7287932454585219,1.1603007096776232,-1.714286490849643,0.44098292736510797,0.3906315304607524,-0.022006666171386382,0.5211935063118239,-1.1195333865762815,1.119129294486388,-1.1050675306359024,0.46564682576034305,1.315793403160347,0.0367703377505895,-1.6082498607622284,-0.01399107616813353,-0.23186648173287613,-0.012962630907409633,1.1715007946590001,1.0382097661981358,1.4158482943988548,1.8605572224696434,0.17983621071059877,-1.960373171204413,0.9516943713200049,0.5469467208549145,0.06479211387206432,-0.10541603867451518,0.7398993057432004,-1.214177350586779,0.8763200788590081,0.8800130590246135,0.8330691581744809,0.932921817249552,0.4859515287640317,-1.1641197618682584,-1.1039258672931713,-0.28146670938502866,-0.008308665587605298,0.0007204766364980585,-0.736058002843402,-0.5686683198601283,0.5813442110291624,1.1804795957579326,0,0,0.9227937309617836,0,1.0
278,-0.24208641535145403,-2.1066544249808783,-1.10668047543326,-0.16231840491032404,0.05688982801617844,0.5586175401634456,-0.5096582201692955,-0.9686891701059791,-0.3267088088990209,0.8733185625704335,1.734087292344466,-0.5886545485044323,0.09103133436471482,0.7752539513813433,0.356309168491129,0.5727127890905631,-0.6605843893978867,1.9339304035478524,1.7351667169956604,-0.19449329437578358,0.10810519871831022,0.441621772591701,-2.322551306140943,-0.45578151851021037,-0.13649085739163755,0.6791877370148771,0.15480491533657334,0.5770872680841896,-1.135701037518232,2.286328709301501,0.5596293521491252,-0.8555522216736318,-0.5128811747375912,-1.2135994568620851,-0.3687079924007807,0.20583874184607165,0.42925955303370283,0.057735327324519504,-0.11893777943024406,-1.0646988683036727,0.5096473732809086,1.308216146543187,-0.1326305743175232,0.013700799424629678,-1.669571590840801,-0.9806373673630676,-0.7104827923426463,0.44714387842805536,0,1,0.5373946617118007,0,1.0
279,4.868638208624065,-1.085559420461702,-0.3652996737734471,0.21946320721590637,1.5512216848485034,0.9080275617676412,-0.7230635040961341,-0.49766577197619155,-0.3657949242890745,1.1014617577314754,1.2179372242196886,0.1111371209328215,0.6574903479044641,0.7103186930546511,-0.460226063349127,-0.6110112803938454,-0.720413173463861,0.6254922229046865,-0.17358984843910025,-0.8272599826619121,-1.0567084454061122,-0.3681892360300415,0.025605785059671322,-0.5857748295178952,1.364753879349844,0.5017328645749388,0.3851680852308303,-0.17760614178385617,-0.03968764862345821,-0.6400121442440515,1.082921102897883,0.48145222455888326,0.5522761954848502,-0.03858102769135163,-0.2836270531541641,-0.9318406155390517,-0.07744238613378528,1.219660865500059,-0.41761739040335516,-0.12353123800590245,-1.8787966726429837,-0.2512960428154874,-1.6401604045637381,-0.05864168067778807,0.9551967022318236,0.9820228349281861,0.27221207084695764,0.0362530817278437,1,1,0.9335757811267276,0,1.0
280,-6.711648283333592,3.921034471489983,0.23027557009578356,0.5965597487160491,-1.6202403261078613,1.4034625034054942,-0.8567331896312309,1.6743739247730074,0.7826757230424566,0.026700071149853483,-1.1868398023652993,-0.5983343805491915,-0.5074191130707111,0.7440593118025237,0.776380247242564,-0.2387416013368674,0.5538039334956264,-0.3877432606885002,-0.07226993534304003,-0.46397039133629153,0.2501106662725905,-0.04538953469327909,0.8491454284488772,0.7079072126149311,-0.6925358760467327,-1.5310954103801617,-0.3274564185128503,1.3249987458182044,-0.06552283342292667,-0.42051592422916734,1.0488645737498097,1.570043911027744,-0.09653439483140798,-0.19791869692542047,0.28755342246987803,-0.35618854233315733,0.3074429508729427,-0.7835557747528609,-0.2830462244585531,0.24124266778007525,1.0545475246347662,0.35713831151480835,-0.5794775142108418,0.2038573070009087,0.3205488649879053,0.2264439857428037,0.3629028488784001,0.7932876176024061,0,0,0.9968764814787338,0,1.0
281,-1.45298708808092,0.23049066054335474,1.015211071096928,-0.015476708479965467,0.7144885548309349,0.07695165503040932,0.05845363704490286,0.4234801402405261,-0.5385887736548666,-0.29485549197780286,0.026208903526084616,-0.2704855903195273,-0.4073728683517971,-1.1778990725103087,-0.13434602570840634,-0.8598111247020692,0.11980377090042517,-0.11442363474632375,-1.3708140551498045,-1.4146773689774341,-0.2854137578999167,-1.0977339739188927,0.43118106731097366,-0.0908125784483758,2.5592442266737923,1.275630581907265,-0.6025183909681813,-0.3139046914416087,0.9046286457130314,0.8784737753773222,0.24076566274387334,1.4258762639132594,1.0283233565066072,-0.04813430754293963,-0.5577178670959071,0.2187754217910358,-0.868511216829037,0.29021589791374824,-0.8732634043859786,0.6643153365959477,-0.3121045681531438,-0.05285364604334159,0.3631268490454266,0.9336969711241672,1.1230638896640508,0.4540253087769549,0.3569702302349384,-0.385665652113347,0,0,0.8693137949638988,0,1.0
282,-1.7948983157402076,-1.4208975349466486,0.10252281621415399,2.1409595782230193,0.2986078949016968,-1.0487322117692726,0.15258796932076207,1.5481303907362027,0.7365785698634629,1.4399192055214143,0.4908305172630086,1.0174382816674847,0.6573814092345461,-1.6863339245950841,0.18774125846089978,0.6444740406612486,0.37650603535728105,-0.48868393298062585,0.6004427367507328,-0.7966695158114075,-1.3121141464729285,1.4548010775983733,-0.4293757702572806,-1.159618155648697,-1.9340573106217531,-0.8938258211026069,-0.7958550713734569,0.5922449681482954,-0.3337118787164287,0.2614303105003356,0.7977845275412954,0.14925797450430098,-0.4033488817736962,-0.06356488399631836,-0.6278076152410421,-1.474680659134517,-0.6732001853772535,0.629172557446269,-0.4673699565104306,1.0442922529034862,-0.662633515061325,0.10036362636075824,-1.2410870798739007,-0.9105846821049314,-1.1090567484043001,0.47419995014483285,-0.11706437262352025,0.6813919844830675,0,0,0.5942704291765817,0,1.0
283,-1.2338989206399364,1.3687716644113745,2.572744448056085,-0.8455615198945771,0.16409572878082432,-0.11162823827154517,-2.671695127976032,0.08801426959355572,0.4363770046107108,-1.3927880779083637,-1.4118531732191018,0.09367185291833849,-0.9225276728424261,0.8255517507960707,-0.13989884799030353,0.012914310822884368,0.023926534377787707,-0.9806328640450673,1.2709813845329447,-0.04490682072786925,0.2877812720582917,-1.1088174657678198,0.1076578788959993,-0.2787112855190581,1.0213775444874449,0.5205540555518708,-0.2550666540318829,1.7119811966572456,-0.08485939343687116,0.26696699725348977,-0.05523029970427993,0.10503441803105985,-0.529503831184102,-0.11870709882909343,0.29023589672481853,1.117177488602033,-0.21161542138331582,0.35271889574819765,0.1487739503587028,-0.5462892363435797,0.10539645108529026,-0.36385695593389394,-0.34631946821279563,-0.15958798690630543,-0.10785929974375102,-0.807562606436416,-0.4491115929501515,0.5475545856307636,0,0,0.6675586959140054,0,1.0
284,-6.317340244425823,-3.5804579762536237,-0.3028123196642604,0.5491475104274295,0.3796919950052965,-0.6811064172238981,0.8701699572604868,-0.4170549545578841,-1.1435915483283825,-0.8021309296196414,0.07654340553969316,0.8233510681954921,-0.7140193306440473,0.44156419626237914,-0.2223244598541516,-0.039266626912557244,0.5684929559956263,-0.010924692505099497,0.40564530423349,0.486352635816852,-0.8761733728123186,0.10625826808903278,0.6462991236756521,1.4191012702075083,0.4516485055648705,-2.286055400929209,-0.6664450553853901,1.0282399939233517,0.08150237194152202,1.8547137490417822,1.9208895750527228,1.2993307802973746,0.7203177322079959,-1.3794215202873727,-1.662719650587803,-0.6087973404751946,1.646709164700004,-0.18085977978476434,-0.36457393776142305,-0.47890005466051405,-0.2712618203260714,-0.30192817191439614,0.39717296193478635,0.6001725390549568,0.3375274210155476,-0.37451512447447444,0.6324281527022791,-0.5885815779404047,0,0,0.99269855728799,0,1.0
285,2.6503098892854515,1.3962544147329792,0.7551268469573729,-0.5558713043501671,-0.4699274799890096,0.14154139220373427,-0.9220749656960623,-0.3050657276857105,-1.1789213873059132,0.15616368423686902,-0.9796921886361489,0.41441301106751927,-0.36467775267887437,1.2376592201859475,-0.3853683440141722,0.2860776959723172,-0.09983303607364337,0.12261336598081801,-1.4144334373712077,0.5212578576367781,0.05155295502014805,0.6886288414282038,0.012309469169495312,-0.7382870025829503,0.21200654111041883,-1.1123439680627374,0.6407405096946331,-0.8941840129594119,-0.8765214320945675,-0.573912849754177,0.5237397727899141,1.3637600252131803,-0.6275592990852983,-0.7369460988367842,0.6740933491675053,-0.7533953818040798,-0.3768536162582046,0.0447628040285679,1.1245445859694057,1.1450522844570548,-0.5875838210964175,0.3112063230605453,-1.2313986000853445,-1.125164701264866,-0.5399831857524683,0.11777026805357992,-0.3545950948805644,-0.516818302356089,1,1,0.8486866153439744,0,1.0
286,0.44016695277212065,0.3093005123685832,-1.635787989981517,0.0925564386940325,2.0255565847910337,-1.4509263845980271,0.14707596297836054,-0.19703341829195556,0.2270295292510782,-1.6833096563074934,0.3781581494290368,-0.036845889157503406,0.4710141596037695,-0.8574432516849959,1.0143177591001125,1.3195862167077272,-1.0200975245505755,-1.9063594425734844,-0.05210755062261193,1.233812231964554,-0.42665162701160503,1.7498257363112022,-0.5284725758184774,-0.457342783514027,-1.1908148916572596,-0.3968573869947077,-0.6419955119435841,0.8648132295067494,1.0435679387894847,1.3406899585635315,0.05137078660772293,-0.5060499560917753,-0.5427160436566557,-0.8948260740324668,0.27204850203455405,0.2655339722502799,0.14711059097690238,-0.9884067602662949,0.26347593956950655,-0.18862007505908998,0.2292005111959781,0.13703478779800005,-0.3600018189258851,-0.2501484654560747,0.16689308102508776,0.6244830542197701,-0.08777231123789207,-0.4811522002691463,1,1,0.5961597029413748,0,1.0
287,-0.9720094212873204,0.8073135324730948,3.210346812055627,0.9631673382301124,-0.09479938918928546,-1.652486628887608,-0.16886985760852757,0.5913740839127842,0.9936784906408572,-0.033478556817209015,0.7309587717138799,1.0187074657036315,0.3952331035565468,1.0838630299912282,-0.5759949520718239,1.892439060047702,0.896347930894908,0.34325894737103313,-0.04299980909994185,0.4843694109953389,1.3636048589405236,-1.438601080349357,-0.8484295634958519,0.28256108850275546,-0.3341980143933437,1.4252271188940575,-0.30989406749613563,0.24447329937023993,-1.5941555231708378,-0.8016826168015736,-1.4543356691813631,1.8237555009031987,-0.4647562338423213,-0.2306444311596017,-0.4456300469486234,0.5832488616677526,-0.2365664681176233,-1.04289783352103,1.2520986017443816,-1.0478788113280324,0.12299882598353443,0.2895799285999639,0.6425488867048617,0.09757190739218408,1.5328104204511124,0.5572928201397092,-0.35391468567783607,0.18634185980553122,0,1,0.5974309120598873,0,1.0
288,7.934669624070328,-0.6670938662645826,1.8443103474446385,1.6171429732796099,-1.2177648036239177,1.473835382687868,0.024849392134286278,1.0620852302925765,0.37752912620473633,0.5953960171428246,0.16229662984772497,-0.7798714765140043,-0.07508896498232774,-1.2114944716564402,0.47039109544327823,0.16395835908695144,0.5274833991087362,1.3804191124299956,0.4680679819934853,-0.8644935572310628,1.012317032455485,-0.4027463115258811,0.8602315928912041,-0.8269791420899765,-1.062343189411692,-0.7515272849414366,-0.6711459411560861,1.1079435405707398,0.1344944617617433,-0.20041324990438142,-1.3016739251990233,0.09555777835040552,0.5704834142794794,-1.2312709678734102,1.9778765071564555,-0.6119169618639689,0.7124861724031529,-0.004966523378168445,0.39482678154113676,-0.22516474949386242,-0.32730670645157073,-0.8114580727792325,-0.007409835861882093,1.0229067488248944,0.5155707044561799,1.5787225706132082,0.14949489927642748,-1.0978725610670466,1,1,0.9961572892067124,0,1.0
289,-5.370101268532353,0.7120728340294415,3.1945709506029027,-0.527932734124063,0.11845837149440852,1.513259564855659,0.1245231878959272,0.12958615232577042,-0.3161520630826536,-2.09342365383233,1.1492890095744464,-1.3411456412371972,-0.8424174524366029,-0.40860899060729544,-0.6747033148170914,0.03962169341983972,-0.8085107588592566,-1.335166609754768,-1.7177519035394586,-0.1564200750415785,-0.23939304964497726,0.8754797933227556,1.208189790841776,0.08927006147946973,-0.4765053682689696,0.9619708312272369,1.4836852462618473,0.6784772914131163,-0.01261889374937384,-1.1802263852968788,-0.13877498935034446,0.24205361094353975,-0.15751730417995885,0.5401756880204162,-1.986881684074965,-1.0396487502734006,1.082260816001428,-0.4256928813047716,1.6204887685117297,0.139062379274556,0.049529958847108924,-0.37520679736156204,-0.3912001147010979,-0.9384765380704708,-0.1544276954774977,-0.09237943666535635,-1.8085300902365824,0.5608435424200012,0,0,0.970424364690967,0,1.0
290,-4.076938545489527,2.535081716596374,1.402583881320732,2.7061867501563803,-0.23776859982364051,-0.5082514307838061,1.8352010126165197,1.6069515120134978,0.5270647655198248,-0.6411231593942303,-0.9008708825025811,0.7977804730826146,0.4524174714262395,-0.36440321949694504,0.02990375507648232,-0.6683474815788847,-0.7569173875328961,-0.1554245290704639,-0.7896427109446064,-0.011311490321230626,-0.09361489893021152,-0.40246423868953896,0.4092856436977603,0.15081426565671913,-0.4178303315912409,-0.5340139202050678,-0.36737505532654896,-0.45919688840953965,0.4338295461904206,-0.015349619960136571,-1.05572387194805,-0.4174693624579895,0.07769761165487006,-0.3560123409288987,0.4852523883299133,0.44973418741612864,-0.8000511303097432,0.7531453090389002,1.1784005723276518,-0.5272065899524333,1.6892188817086593,0.5747325979168268,0.16318349358321174,-0.18191982937310297,0.2728063576496461,0.11825241139902729,0.4675432927452916,-0.799935634581867,0,0,0.9569384884010825,0,1.0
291,-3.3536560170260277,-1.6097944086687959,0.9441663294253675,1.0751441990503914,2.1587614653451017,0.4711516886542964,0.7095895303522313,-0.08087993852397184,0.33871549031148557,0.3778472362544382,0.16367980906939522,0.3617349135779761,1.112582391157955,0.09408280740372861,0.6589652173404749,-0.0756907874599469,1.8620916138109418,0.5557062774563343,-0.4445097580448075,0.7233962576517524,0.09078910606091137,-1.3624071240542617,-0.7097157826995099,0.5703924970226624,1.72575245982095,0.8008084192502144,-1.3544423135760322,0.07037268451442392,0.8971707650700965,-0.55762633319325,1.2461330266427273,-0.42258204499442065,0.46842873266679264,0.22525868986019432,-0.13270106148372557,-0.028402086633271276,-0.03681146852649945,0.025726009639082465,-0.2870781996441339,-0.1571107385960606,0.7056270650473466,0.2779539098876196,-0.5272922334254565,0.5666062135867221,0.2990934031123547,0.5737298427516413,0.5619800236104681,0.04500918260042182,0,0,0.9444574425492575,0,1.0
292,2.8760691922131265,-1.053685299604384,0.28697267111921126,1.0102305517153214,-0.03952461291058938,-0.4854972839712452,-0.7332930418055652,1.2111246300004483,0.1360885385908676,-0.10248552106730976,-0.9357002367103289,-0.5449322783787742,0.23248941378264104,-1.3795521942121585,0.315935418286929,-0.24338713749072607,0.9216776734546693,-0.7748813691221483,0.6551841366062273,0.23224951397831825,0.3700796403509552,0.17582834017595383,1.2020110265039756,-0.7350015338207073,-1.2013605561910448,1.0320552624236654,0.2737941461468124,-1.0196396015440237,0.5041437567511569,-0.08560057275733757,0.2589788004327354,-0.4744678757504785,1.0672796852054707,0.7528695507646238,0.8568642852048487,-0.7991491127142293,-0.20991059437884063,-1.0490280771948635,1.0962220782981875,0.8779387393712638,0.3952323653427671,-0.7707994435472156,-1.2630916898356157,0.32114722710248456,0.39445289294001756,0.2234140999893972,0.17551631135606713,0.9207719504600557,1,1,0.7927211016289956,0,1.0
293,4.220485585268032,0.38365482233326964,-2.121066675408639,1.8058578373261551,-1.563471935073374,-1.272497035104328,0.20094456926156806,1.5743301586586151,-0.5885413384097139,-1.372984027240834,0.6253311237413964,-0.5315805521457951,0.4035171151046576,-0.16892196856663108,0.3116551542386799,0.033074442867581925,-0.12362541507540836,-0.39462665373348244,0.9465820011027588,0.7181911660143058,1.4205913291678474,-0.2204909187360529,-1.7784663099886213,0.159068700647931,1.024827829264924,0.8613399733119431,-0.5889267971854171,0.013731960174576703,2.128657515747923,-1.9076049787368679,0.048242637698997136,0.006265841882521558,-0.5828629627281878,1.1821347049580022,0.9631250597245398,0.6112856568934351,0.8804345531965299,0.7095636931000591,0.17180145940503952,1.1421827113728527,-0.3034101888479518,0.09749958358652816,-0.6092478215487994,0.23377821393004128,0.28213346188363775,0.8773069310850172,0.40909261493376403,-0.015368212347893404,1,1,0.9345915545794627,0,1.0
294,-3.372471520118078,-0.11037523114639777,-0.9407625656308655,-1.2391509200571253,1.7052053427220613,0.9675771031407528,0.25337775299906357,-0.6754422417031415,-1.091376106614934,-0.03740594686928507,0.7567569517999144,0.9246978107473546,-1.7602356488923656,0.8072334463609252,0.9580016642698201,1.2575378389638086,-0.9661119366641965,0.058080959817141994,1.6231911799121683,-0.358332094896716,-0.944505213886531,0.06743908694985265,1.1409616673462475,0.4483766857654707,-0.9121795439031181,-0.017573746293906654,0.751918770963351,0.33483602168972865,0.6807525500002105,0.19787633023122503,1.1512827611804919,0.6525940870703121,-1.051571393517798,-2.3633270313528887,0.04696234954888304,0.2727920124906665,2.2963447326433775,0.419539794259202,0.9479713040301508,1.7169516776496865,-0.42337905664427256,1.134360697159922,0.34320711800904186,0.021364159691399442,-0.6904292412562679,-0.6665876697387122,0.20621172016887718,-0.3373899654189419,0,0,0.9005941556767205,0,1.0
295,-0.28728174386994176,1.4980309695888265,1.6348631848162027,0.15354324051196905,1.541942230555729,0.746517927749934,-0.6683658844271058,-1.7979460471772635,0.8483366967534623,0.10500409331739476,-0.0817195155860287,-0.0209860793047781,-1.3166539826593129,-2.189265274820678,0.8699268057436227,-0.9796546299316953,0.2246351426856814,-0.6439007481403823,0.7449139476114721,0.9729531926334596,1.355336992244039,-0.4480054326499593,0.4204393579158517,0.8219042592863149,0.28232681196285564,-0.029214159420790572,1.054194145499747,0.36430860087432754,1.1413977498235004,-1.2029831217510325,0.2621709909180944,-0.4703999169565375,-0.15720348907574483,1.7805571564468103,-1.1204278054260413,-0.1526336093658298,0.45542220645347825,0.6287429658961667,0.46214032610025424,0.07843932392727604,0.1132678741382556,-0.5761013185294409,0.8754820371121497,0.3633270623076636,1.5764113931108106,0.8715724683496308,0.4108725287394903,0.6202003277817005,0,0,0.5317458411055811,0,1.0
296,5.879461355995916,-1.4002032270477922,-0.6177065226534348,-0.8579473562072928,1.2681951572931118,-0.9914677154378079,-1.0480742776513474,-0.23581913105024485,0.17642703134934695,-0.9653254429634297,-0.4084790336235069,0.5956483175158881,-0.3532749971363255,0.4475729090259252,-0.37960819254639094,0.8593673865017732,-0.6326808237627214,0.860523627953768,-0.5030078391055568,0.18352603548496016,1.4668383139762073,-0.35471888781151845,-0.4909417087641774,-0.10235010131573916,0.9120116128086945,-0.8664527208188304,-1.4901418559663289,-0.6085600937854075,-0.7345051778995482,1.30934601362051,0.5165453787422514,0.01915125013873234,-0.3557392162899066,-0.2600561017815841,-0.6507568096753017,0.5696194766959874,0.9005798723524988,-0.13526329216256144,-1.9427359326015325,-0.7694067984982198,0.06334403455220972,-0.37423435599041466,0.5169066809527131,0.14055335791342963,0.41649258311001724,0.04260870513021835,-0.517452425251878,-0.3628143447114787,1,1,0.9659734085656274,0,1.0
297,0.6667405734599987,-1.5995524786617124,1.8533183764947723,1.0126362052801132,-2.091504921802403,0.42764932249919424,0.4845650286997193,-1.4740203050397973,0.6393132839499306,-1.0072676884661484,-0.03463223394225338,0.2424085739382234,-0.9058074336713695,-1.745055658070086,-0.9518196348431013,0.24610777994517827,-0.6353502631467289,0.4408185512090305,-0.8263219326988775,-0.686075429204388,-1.561818250847587,-1.056451438502376,-1.2437658956088387,-0.214691659432526,0.19613611110427304,0.09194758708612871,0.7837803729286255,1.767466633912082,1.4064702825369821,0.583733706759287,-0.23885984442229785,-0.21515809397624477,0.2660476415312339,1.0734576726967846,-0.6720192731388566,0.6724976684969023,-0.9562837749375233,-0.7605077727831046,1.2390745599941746,1.0619799820971763,-0.6207864473247864,-0.30050494258160637,0.39303954776000266,-0.5505144120814595,0.3673824953292954,-0.6852978286629393,-0.38405269013536064,-0.15807600001559186,1,1,0.6481920214658599,0,1.0
298,2.8633055225412813,1.5201934120568688,2.4003548598591995,2.4480187970505756,-0.6661086151465299,-1.4214214194995374,-0.6202415627468065,-0.41837402664814755,-1.2806556465895547,0.11977030337988614,1.0035308258705051,0.5796151882099432,1.6359548920635167,0.2886413004332113,-1.5378649589759754,-0.5346866069024346,-0.14935912851694416,0.16979153858207433,0.12607182885351392,0.5746447910199031,0.8320949522654696,0.800214603505129,-0.7454729216266888,-0.1797198476936716,-0.24437521926324324,0.24802553544937023,0.12177653122249171,-0.7419215741838939,-1.7127969523911317,-1.1891204008164298,0.6686106645884722,-0.1325722867131045,-0.6271846227707748,-1.4078098021203518,2.2037308707741112,0.7941357071092798,0.2586623158648061,0.2788595810627809,-0.1178788011102068,-1.1741874524927074,0.08517594051733712,0.054750189346213535,0.2730884968391917,-2.1549468773407288,-0.4658951481194705,0.8655847896913378,0.24482970683746821,-0.7321550281361505,1,1,0.9895208604649183,0,1.0
299,-2.2431247064465025,1.2424589152403145,0.16724353768264574,0.5853775040586928,3.311931845888864,2.662016546440646,0.9508268175368361,-0.1924277623258914,1.2757434631321876,-0.9955704473235036,-0.5476259356677055,-0.2329909099932391,-1.0892618849550222,1.6746964848782704,0.9866489448464437,0.3262880599622579,-1.0441848419486774,-0.6590488629411532,0.8626484500571884,-0.4294958104374182,-0.2856991031756819,1.9568677268597494,-0.5973916155890264,0.07061103539813779,-0.19072435074717717,1.7080307973439248,-0.39463417752366015,-1.8385658441920494,0.8497409155249674,-0.7995257637186929,-0.2129770125418898,-1.0284282244578542,0.0768752225358152,1.238227344086116,0.31611986672640385,-1.2721126108722127,1.2593403927367792,-0.15514434123348775,-1.2263311394145093,0.07052233624668833,-0.46783346902832734,1.5504896890473618,-0.29117544701719766,-0.6770186515595967,0.9956648942667438,-0.03185739768069668,-0.17380029565615013,-1.4469878791227018,0,0,0.8786932648188659,0,1.0
300,1.1664128659303117,-1.6686506356561823,0.6568932076606047,1.1400246148454074,0.07057390801738242,0.060329078572659255,0.12489335039918728,0.8055769802095499,1.4644171290343757,-0.9589939024754395,0.6255845854291703,-0.7996574389870755,1.2330498109207,-1.5123595301077866,0.23286408169741635,-0.4748787432245869,0.1998039835093455,0.4371917835262945,-0.5937041036939561,-0.9578940053680179,0.4731331977071005,2.042765905902889,0.5309270179802368,-0.9870432595258047,-0.183848001908701,0.3175601519654795,1.3185965081053017,0.6470325930235281,-0.7396667339037857,-0.9540700735695719,-1.7620334226343155,-0.5220445424903468,-1.0094456401448226,0.15476646765196408,-0.4303318023035371,0.06290108883307291,-0.49008125323470564,1.2359064364719903,-1.8443982603003086,0.34454454441165333,-0.20951742972775622,-1.422251152431327,-0.4448778596263532,0.11034233793645244,0.211165469367903,0.06679089729142214,0.11212673669483436,-0.20162822612021059,1,1,0.8752726394722874,0,1.0
301,-2.853823606331797,-1.1620262481109718,2.415566250638402,1.0137984394174118,1.0335171787977606,0.855168161902187,2.3409011777123405,-1.0114824756929863,1.7680393682196627,-0.8235429585083209,-2.0812207720427014,1.5000742826646363,0.9681145779598879,-0.4385662243049617,0.7253034504674789,0.8894417196974713,-0.07487410289168321,-0.8554665308017729,-1.1419057084829527,-0.0451174076241022,-0.37630983750690444,0.6628908440849312,-0.2007360865693137,-0.7969581649235483,0.8443724280689262,-2.624739747493458,0.10978030064516979,-1.2744005459232617,-0.22805475713632817,-0.4998713034444506,-0.8826736688127708,1.9003344306220797,-0.30851147372226323,0.7782541759770963,-0.7894194423307884,0.6935049973823879,1.082144854208259,-1.8328852719711262,0.6510080887470172,-0.21869004920242244,0.055339016258674975,-0.6582035493238279,0.10952570994772946,-0.03489135521243468,-0.05088213534196319,-0.868872465811914,0.9684918820209177,0.6008448598670371,0,0,0.9684801123404537,0,1.0
302,-0.5259215886039719,0.4569712926197614,1.4950410432726564,2.8065508150671135,0.492799096130929,1.443040610071115,0.9380865655423984,-0.7668935392181271,-0.1559948563593648,-0.5004086109344729,1.124473625618474,0.5580334703538943,-2.2773049022432006,0.12869864129176317,0.06797239455401331,0.5509786030598057,0.4779745026529174,-0.2638169712623859,0.5154267143027481,-0.4615858970203633,1.986789992646819,1.159169048158027,-0.8900346733586232,0.1670051552290121,1.4183965186393805,0.28057971033934326,0.8704771505467425,0.5315562203295764,-0.8099592096833825,1.3058276132890518,2.6452122427518616,-0.12157944364658724,-0.25452879353259505,-1.0647708799125188,0.4650513306169384,-0.846057017347999,-0.3529438572915949,-1.3390962106946602,-0.5614861783292058,-1.1789820657465695,0.2043474881945752,-0.3791442444294198,-0.11935396134479206,0.7250803364249419,0.3469031988925206,1.0565818622415164,1.4866399515072786,0.059125137807269634,0,1,0.6424670991919085,0,1.0
303,3.0606397434611194,2.101059646020296,0.16329567518258523,0.19181709496961383,-1.8539315325084036,1.4721167116935807,1.750515655140769,-0.15163860090671077,-0.057951114106920346,2.3872485412464544,-0.190190411147113,-0.9659860910995695,-0.007878844417197849,1.42287001634857,-0.0667054701701445,0.508135678828821,0.5642803208585593,2.720671638122258,0.7241778113053747,-2.3653865700209766,-0.4954012791879886,0.535689504040742,0.8189340280069192,0.5804406720143426,1.18539909361071,0.5285513696298255,-0.12034808209822323,0.40304242539004476,-0.4946053485919605,0.8244561677706674,0.6269453733889854,-1.2825185314997651,0.23453827780411513,0.7376585095855455,0.41893996462074584,-0.16480373031062384,0.23091450478068562,-0.0242865962292627,0.04238203685290448,-0.3589863080675278,1.9288666343988226,0.6538941560447816,2.029452190620192,-1.3990814048120463,-1.334340027981634,0.2456384775693362,-0.6206607675546613,0.6556299946233911,1,1,0.9589311948730156,0,1.0
304,-5.282581447419477,-0.2387600631701969,-1.3429068164450308,-0.30039382120550495,0.4944701005096138,0.35646324365891946,-0.45928080505767965,1.3197075800694902,0.5420375001721968,-0.1569374971690263,0.41700601761409045,0.5031630913975442,-0.7413636608128829,-0.2781098046411449,0.2654497295679829,1.0689797244524994,-0.3589234512121083,-1.4128309212069956,1.53498583290976,-0.43919676819163905,0.4461597748076948,-1.2004788815538976,0.11607291026255852,-0.21127583386298127,-1.0046097745908635,0.2146306920536336,0.18024630761746344,-1.3450755378822001,-0.6192941912102066,0.08054823314727007,-1.2975485764792976,0.43414228024094487,0.12275348065503229,-1.961719403789324,0.004110649685349068,1.6738797527257856,-0.44078696587912714,-1.8947414571237364,-0.31986648922352307,-0.47200936868838467,-0.15937617731490275,-0.37694739793443877,0.6190775916928607,-0.012331174300167481,-1.0768548802824127,0.1779993953284185,0.4711784014893664,-1.1661438247069869,0,0,0.9834893094887579,0,1.0
305,-0.6773816571924983,0.8120132319618414,0.1480976580889083,1.782714307163018,-0.5916641363165616,0.8082222732695725,0.2263119218663653,-0.1719498974569212,1.742451417842598,0.9759900327477836,-0.4998510395760516,1.1297222421988191,-2.6539378347072464,0.1687107835586165,0.4837098855292926,-0.4726040193177219,0.4609436169868031,-1.3550697624135437,-0.5608632091694031,1.0705300947021181,0.6146488378065188,-0.35834255031401485,1.3967180227032752,0.6969963904795334,0.2079354239741673,-0.417313139978039,-1.1275155774469112,0.23897721895417043,0.723037484443096,0.2898715948641242,0.8060354250827021,0.06632105579256407,-1.2220088879525672,0.002502529112429224,-0.39283036454712095,-0.5949956390082493,0.40844728249174944,1.0582574482216132,-1.9990376030200867,-0.6296676511193415,-0.6024790351368022,-0.660270264308862,0.6296739925632715,0.8815563999665942,-0.2997775255041788,-0.23475939295594622,-0.08694712898190926,0.5399675773204683,0,1,0.5972198968205341,0,1.0
306,0.8834876454464343,0.5992308860337942,-0.6018090217340363,1.267843222454331,-0.0014675443406245144,0.5725199753118465,0.379241411250507,0.3141787915154469,-0.17763202243783013,-0.6434750689496853,1.3109984104810048,0.15507407221455718,0.2990863577876254,0.04695850065698666,0.10936708039237801,1.569586328218293,0.16117514663622148,0.1546637577572851,0.42617836785465346,0.908081506054831,-0.878551063642003,-0.4642050144073918,0.7668239580454912,0.6308118817819032,-1.1085901059774526,0.48082447924830213,0.5133826100511957,1.389034330385468,-0.7059563679778493,1.4282235885180732,-0.9490151964721026,-1.2986826204715718,-0.6728485777017609,0.2705302329061477,-0.7971894330551709,0.78617211061087,0.2656656161016512,-0.1612387944278165,0.42725685576599337,-0.20653657081886045,0.5441983521185954,0.2888528190908432,0.8815156950230586,0.04795784345576726,-0.09571996133318202,0.44217232726342437,-0.711630989125217,-0.607930993216854,1,0,0.50403157184424,0,1.0
307,-2.8760665384368815,0.8234800729953311,0.8380848315367752,-0.39290800558337585,0.9782981586236389,-0.38369792423991955,-0.20730736166285282,1.1668249718257369,-1.2554681514510846,0.6829728917468393,0.6998639700800648,-1.297818962753732,-0.7544831599937059,-1.1307919417284578,-0.9542022334647763,-0.015191055010124613,-1.944564593119001,0.07686754338833747,0.013231964668121508,0.02327407291571884,-0.0035668667791189717,0.7523163539457148,-0.7480250363284829,2.036929668953956,1.8763647649532542,1.3850278768961573,0.6652421380721647,-0.32614375012136343,-1.5172245290452488,0.5573592969293837,-0.5592585811742995,-0.18112214875840066,0.04030872891811973,0.4324018150323121,0.1408486432072212,-0.2719459342007679,0.517191572765593,-0.617215840359423,0.283759005769033,0.24665498293791535,-0.9094078665273745,-0.21496306485043803,-1.17616840597213,-1.1654503037009174,0.2855766911293981,-0.6422875688203862,-0.3677847444313987,-0.5123606208150783,0,0,0.7942257648112702,0,1.0
308,-2.1453335363166226,2.1395010822828633,-1.945800475744726,-0.7861019618490216,1.1698410492371139,-1.128131540771492,-0.5703613176420897,1.225160669501469,0.46886171196260773,-0.08076539418399181,-0.5404657164602926,-0.6297699814090075,-0.9230576414461634,-1.5476866224939163,0.9846583654855247,0.8006246614014095,0.2680487028221797,0.5364329725934168,0.5451070045824123,-0.5335710722266751,1.5456970409127073,-0.8526441053062475,-0.28754489813556483,-0.4140553988010286,-0.8338383450223107,-0.4352236707023656,-0.46753116719840826,0.8655169716137117,-0.14208136969738241,1.5600074633583179,-0.02197901621069186,-1.3050406552118092,0.6536973525906822,-0.09200564256471556,-1.020514896509156,0.2987179664667137,0.37146785758846196,1.252549533546745,0.3583061218384937,-0.6039923307695564,0.3413062518294008,0.5411616868628726,-0.06651226848275854,-0.27826652284713227,0.7293746515774084,0.1383448999610565,1.45921956456645,0.3742595334222528,0,0,0.9138283931899668,0,1.0
309,4.162319985812197,1.3110532153249246,0.2571365365345408,-0.06169375362909265,0.6788697465939492,0.9330605112321044,-1.33947880507933,0.4271706888609721,0.41763325388388184,1.7368450631416572,1.1600621170102838,-0.8234076206804851,1.491066047359388,-1.0267263486793896,-0.7945007436329561,-0.134479588542228,-0.7304817161484546,-0.6603994748875657,0.6593068005007727,0.133505927473904,0.7154464157684649,-1.1504244385940101,0.8855255887548457,0.8541813945455963,-0.002909041841496459,-1.867906550941977,0.015237609891577054,0.15833044713634667,0.46092096917777764,-0.2702361337269663,2.4314454635988527,0.24503124048646166,0.3387580819530409,0.3286413025533898,-0.1603902489853164,-0.6289361447781318,0.08954971700879007,0.7105422420654688,-1.8826010336258134,0.8107795095511628,-0.9256440797799232,0.45054878369315465,-0.31151667716086007,0.7257900001078585,-0.5305293196557108,0.15613672567920842,-0.017814039738700386,1.2103712865086975,1,1,0.9516320144756455,0,1.0
310,-4.416726487649155,2.276334331697711,-0.10313526655224599,-0.90380127740878,0.40837972000004974,0.6403931702197233,-0.2416236037412254,-0.4654029034294544,-0.8436828427406619,-0.06655950730164582,-0.11564228826775104,0.7887139162434327,1.0133283389673535,0.12363582341426832,-0.006496050623750822,0.536765247032045,0.4799815412699848,0.44477850254977824,0.6996942096664862,-0.23992673576500062,0.8973244249682739,0.22176616449241432,0.3140264744994258,0.4018190401195776,0.01452964094051758,1.2144388174971847,-0.04520206382650954,-0.1359264205096823,1.1286139825086938,0.29589908126883885,0.449164473128143,-0.14351459547357034,0.19624479454152285,-1.7115142878705174,0.6786823625806541,-1.082264278715758,-0.9643313164340582,-0.08985205763592494,-0.6921159204566862,-0.27431476266668753,-0.07536344321562315,-1.2147552046597065,-0.3253918425724641,0.47596011297831176,0.06906411967167309,-0.5898782593395023,0.6096289534235175,0.3999188151280436,0,0,0.97245439271456,0,1.0
311,0.10106689254422821,-0.1864569212247256,-0.0873344094344763,0.11907384516299169,-0.8690246762299857,0.09634779729419031,-1.5638514837767994,0.6031518342556897,-0.5420610871261803,-0.553896690011059,1.617761077014575,0.5942770058466786,-1.6015978589275222,1.2120229073818756,-0.12944306165532202,0.7789482200003294,-0.4931695232395943,0.04642006848272493,0.9722530205226768,-0.9759198078029397,-1.3974880588054341,-0.9810105625485859,0.22487976562945028,0.06356147459017411,-0.05429415292493493,0.28252627635955146,0.08744383142989404,-0.7203194624657658,0.33694658562794205,0.35829417086266147,1.000909013620639,-0.18474723957672815,0.8676125465824651,-0.6317938469895066,-0.8607110169332159,-0.12170443127375746,-0.5633664892644018,-0.33015942377042407,-0.2179225893871779,-0.21446937809328545,-0.02772256557434822,0.024300469185778144,0.12129177203999283,-0.14879183932576023,-0.10279543201898511,0.8174528251450004,0.5742989613351078,0.0585020481680892,1,1,0.591825772738655,0,1.0
312,5.04656682079226,0.9875197965190772,0.3615410998377056,-1.7416882835148344,0.23560527316607477,0.32434249233212537,-2.172685960729768,0.764337541858941,-0.09269577253292971,-1.7680381683939441,-1.0401753397900344,1.2669959522140382,-1.2495116876853545,-0.9299887924614074,0.8359600427579905,-1.102189776728682,0.38749465886904266,-0.6413458970387218,-1.2951563214825519,0.6507579422789836,-0.4335837542710753,1.811792196484177,0.10682738964339408,1.2060431709998103,-0.18359497321777543,0.7978714040217564,-0.12300824940846994,0.9952332564910843,-0.0418712046399476,0.19897462765380786,1.0397586656825426,0.18456216171152262,-0.2254694863137423,0.41509447184907,0.19716489655917138,0.9661080704979021,-0.5641358339791774,-0.6046236046839882,-0.9965036897125423,-0.0028694940318768616,-0.8604834476571755,-0.5615641818883688,-0.22141292729802708,0.0551887454019348,0.13921013608499705,-0.8725235084583138,-0.375842307640416,-1.4899463078844932,1,1,0.9666909543375299,0,1.0
313,2.9520862369697785,2.8062750891944854,1.1703893637442886,-2.792919267102802,0.6177986368053616,-1.751432460138044,1.4260032106563958,1.108061772359541,0.013254000347823125,0.18341158939256075,-0.0401766543929977,-0.22293858763917937,-0.175543567000336,-0.5902644809558467,-0.8209851141966099,1.5663372149990142,0.5520367960016596,-0.47691686782277976,-1.0320643743556523,-0.5317162906516819,-0.26689589813881004,0.6750755541514348,0.08019486314219353,0.574787142852076,-1.9481059151022755,-0.865196633934576,-0.5635365241959881,-0.3650826607376768,-0.3078920534261657,0.3564334261655149,-1.6249987206521603,1.1361518302267781,0.25925980997845505,-0.48688017968122227,-0.5717462096246165,-0.3528893736214746,1.411822718185974,-1.0708334632089458,0.4447562082038406,0.02073916944594573,-1.0882983450574812,-0.6462584909469282,0.5691882273007325,-0.024104596038199987,0.14823038310823217,-0.15886796668672276,-0.43716568434311376,0.49921382772234335,1,1,0.846744608145291,0,1.0
314,-7.059194396121982,0.7654923267517141,0.9706015232665116,1.0552161881896798,-0.08278784424937072,-0.6860162297925222,0.011871634312889711,-0.32807156327862663,0.035565240926014347,-1.5521913381371777,-1.4417676297298347,-0.6455493013717044,1.0470402654353832,-1.2075745118400187,-0.9003030091587272,-0.21066027974536522,-0.2608326206098011,1.2655315421403956,1.499491585311812,-1.0513840655521454,-0.28449982535116564,-1.1316623418023517,0.22696926838152034,0.23613372707221578,-0.6959033340601974,1.3867910646951256,0.0837898205915307,-1.060071597789476,-1.1197856658864898,-0.4011273861411535,0.8053394531259205,0.5337902594269341,0.8389634498903034,0.7797833250290589,-0.07619477987246491,-0.05391213360984141,0.7431430798805054,-0.4204450934355397,0.6028356643077275,1.1744600626390556,-1.0439538999949973,-0.12118305909728042,1.1291459328538445,0.6025861040266293,0.2627183601336055,0.083841870972632,-0.9342398153775582,-0.44651868186984517,0,0,0.9874241520989143,0,1.0
315,-0.08919171781479188,0.7123144172147535,0.17990292053258847,1.457786271109164,-0.5939927386872661,-0.7595547413385295,1.3781380177204323,0.5409225847260755,-1.1555381429417564,-0.25455031164309094,0.551289939525677,-1.9636788800083882,-0.773494329118412,1.0091127487817462,-0.2192159492441633,1.313962073264819,-0.4566375430248834,-0.20629611636786505,-1.7152614411239948,-0.7159597543119219,-0.7084739631435268,-0.5471389886275633,-0.14287201093517554,0.5556184070384881,0.8738129358269132,-0.9134688805869129,0.7026950252859457,-0.11201158261386203,1.2712013762378958,-0.7107078602184398,-0.34636113518540607,-0.5743288650370686,-0.5995126481638976,0.41656856980227774,0.8273128547132206,0.25044810568474263,-1.0474634362178274,-0.2830142229123787,1.5088518720113142,0.03992574557333969,-1.2714801731696188,-0.4828234998482242,0.34633395893333807,0.6341368362081745,-0.18146657942008246,-0.31831353498989684,-1.1226768912887295,0.5890614865387783,0,1,0.5534652339909929,0,1.0
316,-1.998201673190398,-0.1932490585468552,1.221725476085704,0.45192078511692846,-0.6845120835188849,2.2318448764403063,1.4364142218774771,-0.6362264460035824,0.562698697048881,1.043803545072584,-0.13525145216973095,0.280347823170402,1.0120119814616289,1.183849471496974,0.45560057388511016,-0.09833257251917604,-0.8364352924723973,0.9861855116349875,0.3951731532907953,1.0704603393471264,1.0421659655481168,-0.9961365517136209,-1.1913953081180364,0.2357399305563902,0.5953097984389975,-0.03385880126463948,1.6323083064066821,-0.015437650845273146,0.5453738209636935,-0.5502889861898094,-0.014872424210105468,-0.4357397984719938,0.13185131628203278,0.5882378126278272,-0.6299996498515489,1.063860760282691,1.3879841658337706,-0.9766632512261524,1.0111821087513961,0.1316851978940144,0.48239624644831947,0.19378982935455194,1.1553995855572394,0.27654006754697125,0.43594820774320214,-0.888499927767857,0.4981033735731093,0.40611456917846167,0,0,0.8558151499240156,0,1.0
317,-4.097528069801016,1.6911749440099562,-1.0536143124907515,0.17416668520285786,-0.7510506156441223,-0.8238287870618495,-2.1577538753296737,-0.40301048117993477,-0.49086673869193925,-0.4060803973186102,0.4333532306451895,0.6192361143680385,0.3380779955685081,-1.5982740538691547,-1.202676539575904,0.2351542656774239,-1.6242406208532787,0.6197617492364779,0.7210938605531324,-0.6856303571944,0.06185133087798234,0.9015057186095315,-0.3033447580749725,-0.323899857174236,0.33431228039136207,-0.35455255196876667,-0.8868402863503235,0.0778286957111663,-1.1700940739950245,-1.7108973672957775,0.691669980907572,1.08225823504065,-1.1148206186044685,-0.7842912212354367,0.21330951124977385,-0.33189658760522756,-0.5478676767245524,-0.980363455354073,-0.4219972613779591,0.1537482021292153,1.8501317833656583,0.16093847354597887,-0.9502076116349522,0.03913946531579141,-0.005643160978412723,1.3853532879257333,0.17649502487552945,0.39730053724483466,0,0,0.9586132991572105,0,1.0
318,-3.0188802787443647,-0.18562126042295363,2.450215091142377,0.1092732310465378,0.9739122122279605,-0.814111977111337,0.7748587523246553,0.11698138337462953,-1.23005934783756,-1.5428931884364585,0.8195289012180902,-0.1794111125217379,-1.3249958795605918,2.2367445917266546,0.20422788946956655,-0.17121815271532861,-1.6410890230945094,0.501371844810234,1.2854381408418687,0.30825207856788317,-0.8642789234119264,0.1801814280237071,1.8643317629165705,0.3197476545161377,0.04466080569055058,0.1350892739923697,-0.4376225723986646,-0.24562726829083253,-0.31851801254328854,-0.468158961151081,0.6446610970454401,0.38109307302665596,-0.010389946531242221,-0.40395023524315293,-1.3417159064884128,0.906884444523151,0.20700219073813242,-0.4908005089957403,-0.35643744448543807,-1.0197036346848836,0.014458193642313972,-1.3186051211548695,-1.1902139681667228,-0.7639748175454311,0.32253735618409773,-0.28713811741770634,0.5470543409560024,1.2789457915927405,0,0,0.7018628294187573,0,1.0
319,-1.214030970062852,0.5853854017564455,-0.28522496829930455,-1.0775095826807795,3.007316964747932,0.7366298419469581,-0.7352994994897447,0.41977112167027464,0.4626825934886831,0.40051891372453774,1.249281023301552,2.4075228217647062,-1.1920037509260886,-1.9056818376398261,0.7332753805676103,-1.5220386460349342,-1.2205243577862508,-0.29006272864998744,0.46579924953814145,1.1280644846691275,-0.05944501843902417,-0.528722952740659,0.223836921355196,-0.1577970145714398,-0.3462870010381539,-1.164595280089177,-1.4688975523135084,-0.663140186130108,0.16885345112134126,0.9539661814804488,-1.1757826968667298,1.5640492127488597,0.4128316033999099,1.062188967182862,0.6538722041314475,1.0072408792987368,1.614711437190144,-0.22538462529473816,-0.38533075858518756,-0.6751071960568075,-1.3411590488896252,-0.5489039982972752,0.12169958618759662,-0.9545758687396343,0.4738753821089387,-0.43910260597189205,-0.655258380182959,0.7194036376491046,0,0,0.7895221886247645,0,1.0
320,6.064748399577807,0.8019009250195402,1.2978353964271279,-0.5166540710048405,0.20267083652348852,-0.8452974782299508,-0.5210289959950564,-2.4223789182512916,1.0365941416376903,0.3055678610064922,-0.207478965515988,0.16103148247690566,0.0703333351999218,0.6874433394953289,1.5819093879715982,0.660328242295826,-1.6446330403716238,-0.008402620547313876,0.5877802447206046,0.5307492083686134,0.09426323426482092,-0.4756040282957565,-1.1312638716851413,0.7582238438571302,-0.6324506988225802,-1.3250422719187043,-1.1696442260235953,-0.8701000079574743,0.2958854704822788,-0.15493444467821307,-1.0209338288500178,1.1318415685584653,-0.742749792289887,0.25895775016756667,-0.31213671278740623,-0.06863546769688342,-1.9103987304253907,-0.16041305133057923,-0.8835499703594821,1.8753799784981304,0.2140362253212013,-0.2898307571236005,-0.7867982615766344,1.0913029379343526,1.200503935360208,-0.4200612080583527,-0.21511362171103288,-0.28503760191312766,1,1,0.9717096360047862,0,1.0
321,4.591425817004905,0.672588555631109,0.6143926394327925,0.4006069405021918,-2.145678650184236,-0.42328215114635676,-2.5727729736335028,-0.007562065890774844,0.9080307439916157,2.2777577086038443,1.2316976642231285,-0.42178782260586234,-0.7999259130629,0.6154774855861044,0.53379839596442,1.5506198341342805,-1.450985275585026,0.7563451564946287,-0.28335965957678383,0.4380438428981377,-0.6494013930248708,1.4144416264101676,0.9991937130732852,-1.8545582094219006,-0.43744607545746994,-0.26744085751863195,2.057122176323583,-0.09121098747896263,-0.2080023317829519,-0.026417707454834356,-0.09572521897284514,-1.1846333143178809,1.581771072136146,-1.1915936396132703,0.40562433580761975,-0.585053808355037,1.2244338398100105,0.6243644860457126,0.5904378989051057,0.013129925754051143,0.9012476835230213,0.34776842415412157,-0.6724799174474644,0.16319796514914034,2.16145708251841,0.49620802173451506,-0.1327141988964058,0.2756193310751918,1,1,0.9820828882041948,0,1.0
322,-4.02391457279894,4.079009872544168,-1.556350204348055,0.010294410249810265,-1.1827059938280016,-0.9141751547656417,0.729243715995558,2.5683638411746696,0.036827979665755885,2.30788199196405,-1.5413688475493499,1.5093183523191775,1.6764279547405059,-0.3368766203324278,-0.3371394697588896,-0.47695115367616003,1.3165230929042797,0.3476276869997703,-0.8831809983577207,-0.7148112932037587,0.6573995008270418,0.10391329809195912,0.25385253690630993,-0.2803242750663762,1.8366586348346439,-0.8311165632322549,-0.2364285371965253,0.40697717650731735,-1.6871203887762267,-0.8279011340292975,1.1719115688176456,-1.8114850961754494,-0.4230405241890919,0.048454366534768915,-0.006765563111658089,1.0019380196133054,0.14069922227121884,0.6451971201656876,0.5164190425329148,0.454513542330467,1.6931266024834886,-0.7808072409161247,0.49271742367696914,0.44962723093055756,0.21304634911401812,-0.7778827504426893,-0.2779428615215135,-0.3018704779493093,0,0,0.9690022894628436,0,1.0
323,5.2986818753427976,-1.133924269745037,-0.8073763300517434,-0.6111213067798937,1.2729640060815357,0.6916212663348161,-0.1261417224126188,-1.655413952964402,0.26583993026994485,-1.1496616365772725,1.1049467184928972,1.721648260608726,-0.4544334283448759,1.2155672347834556,-0.604384257456775,0.5092408744456652,-1.1052026028963293,0.361569774805852,-0.46268756873422306,-0.6248818844885157,0.07876063715071384,-0.799085602057345,0.03299281178057489,-2.0900486120299933,-1.3307801427791413,-0.6362051467794045,1.1162136852601976,0.025542309203955067,0.7809204461770375,1.480636199121747,-1.2023640382512664,-0.3687004936870186,0.7159221406427623,-0.5436065370446315,1.233729061691279,-0.2281081193677354,0.4029634685498924,-0.7871375208550033,-0.3244610162358516,1.079584534836311,-0.6958269645197006,0.8147251839737688,0.472842488213965,0.5070052599275229,-0.6671847072988758,0.19695787235866222,0.42214736617319726,1.0607772079073852,1,1,0.9838036590093067,0,1.0
324,-3.3953309757071577,-2.957239642800757,0.6331972878689244,-0.7895967337745144,-0.02635535924218154,0.061033097814407945,-0.6276334000703689,0.5183668762589312,-0.010772648635818963,-0.8170295928173501,-0.26284565127796977,-1.3919751493495123,0.17207961542188313,0.3709569206052605,2.6041735665653887,0.030321900344839812,1.6150565848958702,-0.6465351477839368,-0.5697628797416582,-1.3247395667260407,-0.3282692058729832,-1.1906594482259587,0.6953690899423157,0.8962212750237866,-1.7681456193234935,0.5326385915490903,0.8246885082781175,0.10912531570003081,-1.5651497779515513,0.23623384359925498,-0.16860801311595394,1.6724434486067405,0.4132253899287226,-0.29361618331971834,0.913079042614964,0.3992527277153731,0.18322723488112885,1.057507071460111,-0.005555300230059046,-0.2253573597828148,-0.9098527956512209,0.34144052977735684,1.026958413479736,-0.27376291125237695,0.49923331341487015,-0.08802715366662217,0.3926050676561351,-0.3520350560312907,0,0,0.8888700156389366,0,1.0
325,-0.5601138567389868,0.1269049883631477,0.7379814358838714,0.8476350527283408,-1.573928940458135,0.6473030015504726,0.2782849328149935,-1.5939171975414772,-0.20696173831484857,0.9901728213775359,0.08543323183992674,-1.3602381996779878,0.08978558665816465,-0.3877224154377391,-1.6184944895473359,-1.3161645262489312,0.18193649544989926,-0.047268719924556425,-0.5615086928200098,-0.4901554171859294,1.6393168500169657,-0.6446211330263459,-0.34557373328197183,-0.3338700493173135,0.504980170006185,0.9982770572219599,-0.11302373075990071,-0.06111424261736026,-0.2981019236201715,-0.06891772493730876,-0.8082890904121292,-0.4782529843546584,0.5623100063995501,-1.1889563343922283,-1.2175391200174743,-0.3574066783702853,-0.5272363568274672,1.269754271478091,-1.185888381233699,0.9142654926714757,1.292199161945561,1.1729302890381732,-0.5385857090193269,-0.4346401631545534,1.110406031805923,-1.3597342792366913,-0.16485072398143194,0.0148175690243458,0,0,0.6922630788551668,0,1.0
326,-0.9178672932836289,-1.8635581457785402,-0.47909378763557586,0.12257628984572111,-1.6597464661075076,-0.06832912460370176,-0.8716726463000353,-0.6401728601807094,0.034751032173086345,1.25581411252996,0.5641454881621604,-0.5431545467019229,-0.5787611245021285,-1.6050267825126598,-1.0004311355531335,0.14922484065117597,-0.574647955554931,-0.32756617580861175,1.6241347075962818,0.13430513547612274,0.1366993602939452,0.9199493869523666,0.5394623774083791,0.09799397376865468,1.0747231640412058,-2.158822989893458,-0.06678363386694522,1.9720948507816052,-0.43355843382693326,-1.154407732628455,0.5292047073715468,0.09230306616558875,-0.44702729838686656,-0.23275125979343672,-0.6948048730891557,-0.2579031058865035,0.17332167489294822,-0.6997236921549855,0.17902487292833832,-0.1494880175853583,-1.4209406846797263,0.11248573962664454,-1.4040249690856061,1.2495170010346903,-0.7187249278413685,0.37622654472886663,-0.1815586857729152,0.1944893088289518,0,0,0.7522589979725799,0,1.0
327,-3.9848060118906337,3.2854370924075997,0.29144864723650843,-0.3738982207521136,0.10721004913808545,2.1577180352340597,-0.9436609034382478,-1.4300070177593895,0.21632263166784133,-1.0455483009570918,-0.6007991148050124,-0.3569170174528347,0.15562166684920076,-0.43699712134788127,-0.7158753394255977,-0.9370454989992658,-1.2358941003687258,0.979138428737704,0.8935174699605153,0.4501958196589293,0.7712039937944187,-1.2087130051400525,-0.5797515948469483,-0.23622781913190402,0.7778169067674767,-1.034766936425328,0.24798270455119079,1.3398300212988619,-0.21137347951742239,0.7931628112923237,-0.3314740614734816,-1.731720128964637,-0.47299228073710375,-0.9897797461840152,-0.5253888789282674,0.29220082183802015,-0.9480206695928908,-0.6558415635755768,-0.8772800776898514,1.3081747195636515,-0.7749998541956682,-1.701898190185827,0.209231255216275,1.0879267007412976,-1.1852585331046726,0.5898008629180412,0.5666378748503985,0.7630452263060917,0,0,0.9488383811276085,0,1.0
328,-2.4001622684122816,0.33677013187718724,3.5117038099903173,-0.018715895498771968,0.593675498425438,-0.7104160522188124,-0.9286706888835091,2.4864059081344596,-0.11323033446458773,-0.840970298207556,0.5465579784311916,-0.23261254287671188,-2.0473308655677513,-0.25865939597327764,0.4355333661739234,-1.2197278904263893,1.249314654086999,1.0279079697889184,0.4026713874660154,0.10964227735611702,-2.3755149493873873,-0.1951048167180551,-1.2222672149035334,1.965244221022721,-1.208871913064266,-0.4228921266495235,0.4523665758605795,-1.6441576870136378,-0.20058644972062414,0.9027176225553497,-0.9076326731710036,-0.04546728671410548,0.004670050069438142,-0.721734297633016,-0.9573860119746812,-0.5632394008249232,0.40061898235590265,0.03863695966712945,0.2097930480165582,1.2719375933618229,-0.0009415392712704791,0.19526317229584006,-0.9767250568903715,-1.4873431245258444,-0.750370766755664,0.8490634947393639,-0.09482951258555901,1.0974026569374098,0,1,0.6549445229588763,0,1.0
329,0.06254839500626909,0.22461674375466575,1.3619552152908145,0.8287474363106129,1.4084331112450654,-0.546458970134149,-1.3702814524709908,-0.9241518496916492,-0.22178637899879408,-1.3241882955727615,0.9322438921398267,0.5885792284354471,0.5794624251445374,0.6149661392441369,2.449199980138435,0.08436706966559125,-0.7914225345335612,0.518213513835707,-1.03220122597804,-0.6972607092829065,0.8471667774752655,0.292052805577425,0.16987956182626837,-2.0176396296895702,-1.0558075297247187,-0.06151485285916143,-0.40053700353527144,0.0580031733570312,0.7480531606621099,-0.7861745112714659,0.3093536157692738,-1.0881828604253871,-0.19822836255041348,-0.5080352134337067,0.26774305281803934,-0.36643552213518854,0.36033363046587985,-0.7883755458351709,-1.315877384892751,0.6076194711916616,-0.10855368735880137,-0.14208059266270323,0.8501093982515486,0.9368780249156639,-0.9383507441189681,0.7133351685119954,-1.0971372567859523,0.012825922677948626,1,1,0.5701473692294765,0,1.0
330,7.563632877553828,-0.009940389795282204,-1.9103558163929115,-2.264659492991887,-1.2193871173387854,-0.026677770971600248,0.8372017470982427,0.383497136056128,1.070065569786244,-0.17791115912184827,-1.0826651948677424,-1.3790495049313505,-0.2732273385687109,-0.27428427635539365,0.23474016978610648,0.5971192992470595,-0.4537592227998109,0.22424103198025797,0.8750207897621679,0.6627371370232128,-0.16591371993578058,1.7162822748861029,-1.7420304220613592,-0.8926834806730108,0.35994233962797223,0.5516608329251153,0.6908164212418245,1.1058379951948691,0.4583275803648682,-0.37435459702286966,-0.9556398240750555,-0.2700972126617443,-0.14800219449389276,-1.4530061378744243,-0.12290622967869162,0.7553039046731317,0.5676987138342161,-0.7593923386798913,1.2698793770347427,-0.10149656531184478,0.6663439909538302,-0.6217623807148162,-0.867025008646552,-0.153114755050428,0.7544037970954681,0.8469298893438685,-0.7276857952536365,0.6405627629552362,1,1,0.9944896339625614,0,1.0
331,-3.6256195182256437,0.9092918559696985,-1.6644708676942215,-0.5802247613620191,0.10686606483712276,-0.10056729767595729,0.465837922675581,-0.059291549431021676,1.074011229035361,1.547908346524016,0.008467904221782797,0.19560214325321162,0.7544178741570606,2.601876075964082,0.22057647554182092,-2.1974405915047583,-1.1895893418458954,-1.672452438880471,-1.8294312723437016,-0.04290772491684356,0.27328754391342713,-0.46051568461458653,0.8647058268312967,0.09309468970152601,0.6629021936237693,0.18561819535737933,0.5976724417210564,-0.4422227012801845,0.005362509674095722,1.3102794291613247,-0.20273596659104218,-0.30112586914946654,-0.1136169847681669,-0.14246134685076925,-0.6493370723371948,1.2272110874250648,-1.3421500960228174,-0.9747773580296277,0.3731376776506603,-0.15519565234782245,0.4135335706960363,-0.09020283542198876,-0.09457152151593977,0.3760955542873104,-0.4875517130470582,0.04179822925265996,1.034867097794043,-0.7676387241029875,0,0,0.9426944685057751,0,1.0
332,1.068433045776112,-0.28266034493561465,1.3886735981401594,-0.8650416840321081,-0.15152367175390538,-2.0484127494884263,-0.5153973239966023,-1.44787633163393,-1.9751235431524037,0.6142960559896227,-1.099041446888468,-1.7445789154730234,-1.6172171205583417,0.2099099571892428,-0.9061747395121145,0.9775405316449701,0.40297444025784107,-0.1319151417116361,1.00562985789219,0.016994602698792716,0.41543892905440366,-0.787640076152852,-0.4355781030518515,-0.7243246048491687,0.3842832617044412,0.9082852393937546,1.7609303175667677,1.9226997012417582,1.2099074704497086,0.08817521033015845,0.37739254784297,-0.18671366955940824,-0.010915042580176303,0.3416527715951,0.30923676612521045,0.038808492468326065,1.337038944952853,-0.45095505474786274,-0.5282650834135418,0.7160988237967786,0.5569742324161975,1.3913617525002917,0.7539931329772915,0.5390667964907554,0.3946981069825917,1.1388992710061872,-0.6015967312000339,-0.3662102517318474,1,1,0.8974014826388295,0,1.0
333,2.432588489057956,-0.11746772993022259,0.6690407029029247,-1.9985228517322458,0.3604034741994626,-0.3496346224570271,-0.2009996245617035,-0.1881904157809622,0.30369955844126995,0.784916120735617,-0.034297336660055584,-1.7103824945695743,0.12059763654811227,0.8260340751417945,0.5560858546081726,0.9053613947666135,0.5628056931732321,-1.0302703352608045,-1.071664743582376,-0.2512644869481311,1.2940699376313147,1.372760842597609,0.437289473061028,-0.17454758493442055,-0.19157791457197426,1.3488069664108835,-0.2959615472829253,0.13508372265181015,0.4029867330688882,-0.9019566811245819,0.2036316063386846,0.5487621724613214,1.4182894590856387,-0.43323833982894006,-0.026240939532216217,-1.3332963616210118,0.42618222446092235,0.1955645659057343,-0.21510324972231734,0.1542817547773045,0.36917941417264666,-0.6970398910609019,-0.6946546338887881,-1.085934218228269,-0.4087825071343236,0.2117575447576856,-0.5444031183622648,-0.323652385750595,1,1,0.8390117923392388,0,1.0
334,1.1735833890474117,-1.7963394187143193,0.2761319161220775,-0.6124369165300503,0.9288223826906682,-1.114097096445865,0.2781852872892804,0.4679927434692631,0.22962462590336627,-0.428232504818386,1.4211963577264186,-1.2144833492952345,0.6548248111713858,0.6282972072097277,-1.250428382721025,0.7530886927375684,-0.5516130000947277,1.34993872289049,0.748066669867943,0.16902945225139185,-0.6707035120743129,-2.4732044435581537,1.9913589543015573,3.2618655369975156,0.888992364776211,-0.2016783321425719,0.5680597466812538,-1.6254620339129413,0.7665177684547099,-0.6668825787954143,1.809314998071404,0.8271863869418637,-0.3217954341926106,0.4859470715801125,0.08964951015982292,-0.7751508831804993,-0.4583934045463432,-1.8516926880915603,0.18814834103942138,0.981777632866861,-0.621869786061779,0.5410440618576277,-0.7545728023721037,0.371399600476806,0.47651984765355054,0.06858361047466163,-2.047827792159389,-0.2899244394254159,1,1,0.9277844389899568,0,1.0
335,-0.8429841364571785,0.7561652837705977,-0.08209252653312488,1.780670766911184,-0.21310313162202635,2.2338458171658844,0.2559426451043103,-0.470083107154021,-0.0010537099511156102,0.052986492645778205,-0.14408146298813654,-0.9320636808642595,-0.990095136523518,-0.8780967903374755,-0.7490259808423857,1.138830962525556,-0.48006056606922043,-0.2531389412731668,-0.604661112389398,0.9473792733827563,0.48829798958900394,0.8677419514109938,-1.2673979294792395,-0.8120207195391517,1.5478392924701354,0.22159824292278774,-0.1934029350051453,0.09131299277906216,0.05858898199492273,-0.1481024912240483,-0.8026098182066812,0.904880291656018,-0.16624071636841092,0.9947591325729687,0.295998017896844,-0.5243997875819869,-0.4616778377168583,0.5368355254568332,0.5550125741473102,-0.1357238821914823,0.2228887402228684,0.6705070211965221,0.8195475643423195,-0.1541026679110554,-1.0984657594910816,0.346547469032394,-0.6496204483113857,0.22789269857114303,0,0,0.7003946993474444,0,1.0
336,-1.0486525307734536,1.1155640391225492,0.19198912949740196,0.7411780237472705,-0.9615523729111342,0.45053416910422345,0.9410956627927283,0.4956884886978592,0.9132929067921575,1.3388306287702607,0.5341428157411409,0.10069854494631994,-0.2697290434970842,-0.843013849813506,1.276049326780192,-0.028469077190145808,-0.28225741997055653,0.8184655931169326,0.12535954846032624,0.42704549850001483,0.4875614262385135,0.5854885163826259,0.26166819121879975,-0.110642021024661,1.9132675107363575,-0.4854320916274083,-0.47850141853557177,-0.36596517221062935,0.6200543420150435,1.05561623848543,0.9669554687583485,-0.5451519536748545,0.833823883233131,-0.5079072112250319,0.9233529718538168,0.802450458369402,0.2137251157505494,-0.004159282470622213,0.06895220537533436,0.6181862043069335,-0.5584863288007565,-0.6126198521412793,0.1562917492213942,-0.45591112798071604,0.8551874660224643,-1.2194612326843326,-0.09115280013614657,-0.3399364806937468,0,0,0.7864057019540116,0,1.0
337,-0.9122715822508896,0.011307466737653794,-0.22641147392136585,-0.6583507261543182,2.1613394026030073,0.1351273313517238,-0.8070524620235592,-0.05819816430563764,-1.4729928823861145,-0.29402130203965254,0.7464268254107376,-0.29148920484931845,1.2654410433526442,0.5807698601607172,-0.6935299029130653,0.012682822013824284,0.5262736335213648,1.684902731743769,-0.584937766990612,-1.189153062609355,0.6854228176697723,-0.6242240274175418,-0.05012404855335622,0.9956966526199587,0.9384198907633157,-0.5739986770783929,-0.12673034916697948,0.058360208377768015,0.1740574748472191,0.3105762965046692,0.3314190834060878,-1.2651526369629569,-0.9641360845852573,0.25452276039773836,-1.535393463451201,-0.2815511276212397,0.13627252697752473,-0.5324491501350084,0.6066124747479902,0.25649238807569286,-0.5984425159372245,1.0061605362450283,-0.6761852971621815,-0.5001173890841984,-0.6569851789163859,-0.1306576196196604,-1.1155091959844183,0.5313857405594294,0,0,0.724509477945532,0,1.0
338,0.31757753915844156,-0.9790023116892278,-1.0516326461389187,-0.4389391963630181,1.3252245995099519,-2.1559017017053237,-0.05489524722238569,-1.0996249246816912,-0.42624637595820036,0.14752556262943636,-0.24978529779940967,-1.575165355987724,2.3598383282720943,-0.7144047458570009,0.10702177063982518,-0.5856747323676446,-0.3491603349788117,-1.030032272500607,-0.6013259678789956,-0.7868294506881405,1.6737677236463522,0.8866843293045218,-0.05669788396361799,-1.2214889699385365,-0.23841597160034814,0.12911882164702185,0.2775437390543658,-0.3992716052325021,-0.07609294564793809,0.2728045567209842,-0.41162754806469154,1.3897545718129265,-0.3216202556583092,0.4620741609435414,-0.7240103800693298,-0.23785572374664568,0.21543110989810407,0.7424226898885389,-0.5585124168838547,-0.9044575457798728,1.2725444403126878,1.2283596308187799,-0.6165324494801859,-0.08469654175395407,0.016693197524681964,0.4830754357778942,0.022519305454466173,0.8310005764427175,1,1,0.7117850424709402,0,1.0
339,5.487953021763334,-0.2079392574586578,3.3151220896878977,-0.3416896187503349,0.6251125549967519,-2.421752677156406,1.4832079466665182,-0.7955850226725427,0.9808867725948558,0.5288226205489568,-0.4323530967935308,-1.5345516916826472,0.08343416724310126,0.13469913433102484,-1.4140201021281336,0.9473984090323058,0.11404097958755267,-1.2578090859717526,-0.43799438776795135,0.29220006399220844,0.009034301377860949,1.751141516679611,-1.0835014883687268,-0.19097626456296224,0.7452544804953812,-0.5133541747721703,-0.17806501202221922,0.8486485470614826,0.1608813765474106,-0.27269437637364063,1.0596725138930618,1.077580570617187,-0.09857883333421047,-0.0784981871259062,1.5390568541892014,-0.2853515111931805,-0.1359457411391358,-0.45813941700071165,-0.08138545418190159,0.19417916759384124,0.3641769955165724,0.19207863145369344,-0.4791337945936211,0.4333017393179677,0.04851267271645472,-0.10894620311831747,-0.4839879903045571,1.2836297059289383,1,1,0.9929274336999218,0,1.0
340,-4.001910782517937,-2.606586103201557,0.5965603861927428,-0.4124969858615749,-0.9832045449618243,-0.302738407734117,1.3223120345297583,0.36354940909960787,1.4122586885398176,0.9283681874408443,-1.596009633800122,0.6189460484195608,-0.5661793840385416,-1.7302890462009137,1.3426919634408374,-1.4814835314747976,-0.6647651838623736,0.5191580940191719,0.47559606077063327,1.8539578308946585,-0.6257694841811983,0.7543468032627912,-0.8802907841319475,0.5760467055812979,0.3453128754219805,0.811031296095919,-1.1967285757732145,1.7364730207064418,-0.31391769751765963,0.427030088715068,-0.9633834675324225,-0.4626547316388611,0.10856626490775453,-0.5693679424790369,-1.3568213403029639,0.6708622082640364,-0.3687373951846821,-1.6849088431517552,1.215168831215639,-1.7416460734365824,0.3511079380070841,0.19361482949087705,0.5452805359022996,-0.007861370537989968,0.4541788973243192,-0.36510607361056063,1.4519313252758295,-0.494149822424339,0,0,0.9149807919832665,0,1.0
341,-9.960749215398392,-2.743061333493479,-1.20708434846726,0.6239393097799018,1.380564801060365,0.4850036296599626,0.21393064395519987,-0.2424151859901362,0.6714370107006877,0.09386069360163707,1.0214577394221103,-0.6152942119414687,0.06241168745252321,-0.9675612342199816,-0.20455021502051074,-0.6675999906599224,-1.3881659902242778,0.37197255405420876,-0.35308400620438335,0.35833094368424734,0.09264944620385525,0.5365991024289283,0.12164896716556739,-0.9931720067964416,0.3904419614271037,-0.5357560487258239,-0.5501677756562697,-0.8253675569935182,-0.2841195678032087,0.14386095051184442,-0.26536117072786924,0.5909393324471005,0.15725541287942907,-1.0545682964451697,0.3234743030215874,1.1709855694907239,-0.8390814617059097,-0.6560814234874117,0.05993884701874364,-1.0220131974080287,-0.5221970460403422,0.4378427803991922,0.36570624364774973,-0.37332359651751623,-0.39310498856317466,-0.21922014798043277,-0.38127233103206054,0.31232910629639105,0,0,0.9990841359963821,0,1.0
342,-5.424912820733043,-0.25585572420490427,0.7150739233997007,0.21517442575497525,-1.0676694716239958,-0.3164255167887511,0.3424856402740926,-1.7540049155744968,1.1696181495754103,1.3895382922055364,0.1071797569628269,0.1706281969163142,1.482307187874919,-1.3122512442659702,-1.0940564148620253,-1.542678336941725,-0.39863351012599013,0.6850906546421437,1.2200195275496704,-0.19200467798284004,-0.7513439149643735,1.3586441034090373,0.5311887726244084,0.649527681572634,-0.5954082167310725,1.7435714976270005,0.23296035156347022,0.6358174987272004,-0.2898179850523485,1.1455191374747804,-0.7978578962772576,1.5669922764643989,-1.5756887865347693,-0.7985216467595719,0.017290266073499035,-0.38408957519008974,1.0959024026545565,-0.40429352459584816,-0.2070571127790317,0.38834082186245406,0.7773668057610352,-0.3288229273928708,1.0744871090311894,-0.3619345312765306,0.1793346832890398,-0.2137634283759814,0.30291866460092753,0.02768012733685333,0,0,0.9833823767120683,0,1.0
343,5.196231896694222,0.6952186516366262,2.4749788286643444,0.2298228689353807,0.20043255177889766,-0.7285825111260962,-1.6472020070396447,-0.08339604190337448,1.8323077134906018,-1.2506284481685108,0.4717390435049658,0.29735257120880676,0.0677358538433032,-0.015568770910415848,-0.8335468229078309,1.2556577125658375,-1.0234380204303772,-0.32090342394665217,-1.3010204862441577,0.3685557087170879,0.3582461790879669,-0.4094103612067101,0.07819294348436324,-1.3206465911433776,1.0108880363495136,-1.9858241140107324,0.028174426746552086,-0.44838350020145834,0.5582038796056141,-1.1326444577885828,-0.8869177272620912,-1.0776544868602822,-0.6957133086373652,-0.30914389438013595,0.8644077131915778,-0.06311609207497085,-1.0287196221608454,0.13215981461747983,0.10948141529597516,-0.3183865805142053,0.26820866529920506,-0.11154265568775203,0.7199360157900462,-0.9060618465379645,0.11295948067114252,-0.42482979936054416,-0.4192498617264322,-0.532061911592261,1,1,0.9615569309820716,0,1.0
344,1.2130153417492662,0.7487865819621466,-0.33427668588491294,-1.2872526391553663,0.44924316195078723,-1.4932238719089084,-2.177239509789337,0.571975957095761,2.61176564571244,-0.26627133870912545,-0.7580689751577128,0.7629326011796873,1.4367858872870698,-1.0116722314922366,-0.8997211599660007,-1.8383323075077276,-1.9329785339883285,0.08575394246190586,1.2804830101583453,-0.9580832165594885,-1.2574776820939375,0.49303160115486633,-0.3736095009210531,0.20844096510721333,-0.4306961997479223,1.2357403278019856,-0.591834922764215,0.1811290713157628,0.891336282787306,-0.5476724678607975,-1.0715415917117697,0.21162848075565371,0.08216098568888847,-0.8421984936914573,0.10863633233513885,-1.2187466716021336,-0.07815359921742332,0.029490574914542635,0.613467237677454,1.1655929527838453,0.2974702686177562,0.2795255803306162,1.5300598043276952,0.6118644104191885,0.8366148188240969,0.6126806929409845,-0.23476923434629052,-0.47532999927936875,1,1,0.9462885823218279,0,1.0
345,1.0870935984353933,-0.389626871854389,-1.1409453078975968,0.4318965082027253,-0.018472513807911584,-0.4374641226415344,1.021179310278592,1.3114079566012398,-0.6700025449541005,-0.040188023309968735,-0.21211439668721943,3.1165902284300686,0.20416958817607167,0.362055939575366,0.3391313770382888,-1.154347753730566,-0.7626720893291862,-0.10359508335876469,0.268152240992354,0.9753963390675062,0.6115058925114779,0.09704381734123062,-0.21498741958895812,0.32965596436205946,-0.5217468555177979,0.6105173637726297,-1.2688728652735475,0.05310179251902416,-0.9318995493067583,0.5233985441400537,0.42049778444606756,-0.4690645468900193,0.32300178353224696,0.5359948719713673,0.4660483351068126,0.782337891164604,-1.063100870432844,1.2451847478469102,-1.0114560487587467,0.21947541918658092,0.16770401327935539,-1.3958619902751528,-1.2512535028025022,0.6571060707316556,-0.5572150985632827,-0.020950420176957606,-0.22736806048673364,-0.22315254320983333,1,1,0.7293685017301579,0,1.0
346,1.0094473381830518,2.421897030840715,-0.8813686727216407,-1.737333436581489,-0.2920524777054126,0.31345939124881417,-0.6912679680558533,0.3298137808782414,0.11113793937642406,1.15086561778937,-0.3646988153501883,0.1745983161829739,-0.9923855523270236,0.4115534444592451,-1.0194779086196901,0.08052372538290505,-0.9753355836862092,0.6363531660799646,-0.20906254647800857,0.540448406967403,-0.15703177806876098,0.31214450362903645,-0.5402237838276721,0.38322183111533953,0.3940471669564292,0.7498678480841375,-1.5769595174636373,0.18908268912815582,-0.5020050921030694,-1.5550526893848766,1.2112755770584394,0.3601169331574088,0.17755627038544375,1.611825856424067,1.182025492695866,1.0488719101914397,-0.22922257305905636,0.2809127864635249,-0.3255697325931576,0.086652721396782,-0.5075394846920628,-0.06518742385164096,-0.7602836694787963,-0.8651369528005289,-0.886200796876671,-0.013264305205084629,-0.667764603933427,0.5199247469476229,1,1,0.6437821770802175,0,1.0
347,-0.5957830679625242,-2.5973505164867254,1.07427092570668,-0.03515648598573414,-0.243324483211393,-0.28980632056105265,0.7588327754333135,-1.5409941173110722,-0.7097631646313767,-1.2043045512699777,0.58779797253682,0.3163481246579007,2.017397484557487,0.05018596601521128,-0.05332555089805074,-0.004433163084508771,-0.5453849087188138,1.2152921805346388,1.8124802311994794,1.4842369424050128,-0.0707316589417728,0.39198434414633504,1.5466778503222902,0.43116268419960285,-0.728306251088226,-0.0720833317295874,0.6958497963171278,-1.702913403362395,0.898323141197732,0.27700302802522575,0.9374835037598026,0.10505379967244455,0.06369569239748843,0.08308092675573046,-0.6844985451985437,-0.9650552037306228,0.08558233759916777,0.5395367836619979,-0.06621243178931152,0.4300461514568651,0.4719963958149546,-0.8027683407687106,0.05730622444021412,-0.11333483101627218,-0.20679163366711273,0.24164350504551563,-0.21026268277483293,-0.13230999947325436,0,0,0.529395788597198,0,1.0
348,-3.435904378211886,0.011822960149775304,0.12088723062829225,2.112775691483654,-0.6894680209255342,-1.063720652483603,0.09732018556170074,-0.5914339663633651,0.023433044880846937,2.1083980458825846,0.8950064789361555,-0.8165904809821812,0.04352044129797468,0.9421373255235257,1.4505818738150411,-0.601475688203384,1.2171312902129658,0.21242519649414943,1.0022217564605058,-0.40116267037230013,-0.2831625703241011,-0.37890099990774445,0.5380713511399026,-0.2856275262816349,0.22613769072608078,-1.1511889569796052,0.32009270652456256,1.5128949538994578,0.105772872813911,0.34037120311595265,-0.7130596454990319,0.2842873163373497,-0.24212839552573048,0.39893574103697993,0.35462834611633853,0.8294358367923932,0.9094381229453943,-1.0958827073132809,0.19421055900810283,-0.05892384281667159,-0.17880818690860814,-0.2513259681562489,0.4402267846462162,0.6388699618760673,-0.8175510611694967,0.4184337199750244,-0.2674174181589448,-0.14931974783869295,0,0,0.9081131710145216,0,1.0
349,1.491234528350187,1.7973000923307392,2.0679592721065534,-0.7416859772826203,-1.7097943359586738,0.0796569009629397,0.5653782541511801,0.15871642579372358,1.008629212542157,-0.7945966133471434,-0.6633708530169719,-1.8647099185000475,1.0882179224268984,-0.7973373589392166,0.6190837592339272,-0.912452162899279,-1.6865089249056915,0.6763987372840076,-0.5621157619157129,1.0071197093093014,-0.23279813095354232,-0.5686879321672276,1.1311588762180929,-1.0390338232054703,-0.6276385013693865,-0.1489317575704319,-1.6049171679831538,-0.4776102558592907,-0.4305274298017586,0.1848338834116658,0.07679837277255742,-0.0577763089982919,0.40553520075558785,-1.0436900077213827,0.9606654544122549,-0.5459396618912966,-2.131363128135437,-0.40950545009883743,-0.6193606904042398,-0.10007729904402612,-0.9054987964409306,-1.0095189730694774,1.009860618783689,-0.10432249400152979,0.305920064133891,-1.1203254090418713,-0.5549734435478205,0.39634025414974444,1,1,0.7949657442811728,0,1.0
350,-5.7548715408345466,-0.36104378993759445,1.0614788085069276,0.19471369759212948,-0.7938989125172755,0.40726443902683546,-0.1403485993715879,-0.8193379886484842,-0.6152076893451517,-0.12313395983887851,-0.17711968013479842,0.18763577594854486,0.31521685343054584,2.5241993229285327,-0.2752838719023422,-0.9880554469029246,0.888830030108408,0.9740028181464508,-0.1863792653280002,0.21781359432873137,0.34987551438751335,-0.2139826335376447,-0.5298327910975514,-0.2981360827271452,0.3805577799271526,-0.09989747541701949,1.480483767287334,0.6526532900477814,0.17840758220363756,0.01786154472009216,0.2523904076035969,0.6098035716915996,0.43106258823720744,-0.11144020139284269,-0.6009244485377193,-0.37390566824594945,-0.26135023204999125,0.04635954191089336,-0.842384275304149,0.06640392108576815,-0.5359492472222355,-0.8027724560495181,0.4284731860314392,-0.4882200109180384,-0.1576503013352241,-0.14324774448358965,-0.06045851894375777,-0.13782785684210275,0,0,0.9806139918229441,0,1.0
351,-3.2200997708948202,0.52101452757838,1.0601043311249507,0.04400454018622933,-0.03297024913547104,-2.1359974481382102,-0.8639119537127189,-1.895664572636169,0.9832848806363428,1.9857505770853134,0.24635246065786448,0.26626181201669696,-0.6611963175656989,-0.5199687379508264,-0.024706155644791016,-0.5972767732756923,0.9811738110627849,-0.5814426239664088,0.12796063066219251,0.1588486609816762,-0.18499021246163838,-0.10499160709745664,1.7967888313260274,-0.3437881474025183,-0.07981620771285401,-0.1858720971976363,-0.3285024090408002,-0.35920559577243727,1.2835451566198053,-0.5048088555699705,-1.0548657899057625,-1.6367393041682303,-0.5201265786488852,-0.5125505461799436,0.7201694525784748,0.38410122226214743,0.5669985367885362,-0.2377154057360296,0.3924810303412419,0.9175426222235131,0.18671068689552725,1.0265932922894414,-0.8578208958928946,-0.9151493383944475,1.1056595922500871,0.345898880024034,-0.1743378634674147,0.8302912127396302,0,0,0.8969984253648262,0,1.0
352,6.559090459919644,-0.0321269504362779,1.7090164082060633,-0.3318058996008871,-0.13707199217587804,-0.4948024392620759,-1.0890417449719234,2.208473754048825,1.4351059718705663,-0.4303273343539834,0.3391522115289194,-0.12599518839293175,1.1729341766655317,-0.2758503749433794,-0.9014302032806031,-0.0035339906671494194,-0.7894125286490107,1.2898167920742658,0.5703851238632324,0.5945659074734994,1.5415545417464354,2.2872637967001,0.24421469869213747,-1.0409530317965248,-1.2793950789204633,-0.7533895599219975,-0.8969493626552363,-0.9611248775507026,0.9651843475988956,1.2700180438813484,-0.7350360776029575,0.5883551666013849,-2.6601535835279915,0.21619046409161383,0.024676009410576814,0.2764125607723991,-0.5903971536156116,1.7814401668746491,-0.3241326563704888,0.7515621883493542,0.7390293537712372,0.30482025229035925,1.0058367950048221,-0.5599590157214697,0.3896383827927765,0.8632712129425255,-0.29863824191266114,0.03743271381967328,1,1,0.9938150131076833,0,1.0
353,-2.3487947939896014,-2.131333622560895,-0.9967744202138725,-1.118577851825818,1.1796769525648647,0.004930942880961205,-1.5433534266865092,-0.7036919329937649,0.6808598575291417,0.2578792620260491,0.314088442768287,-0.3257119325995595,0.6597386500246569,1.7637556374754133,-0.6931038894902198,-1.9425718876869553,-0.6813028905126657,-0.1630132445324484,-1.3213111075917405,-0.5583082393381767,0.08039404450327854,0.26578763694925145,-0.09013294585488646,0.5018193762848108,0.5269425081669122,-0.0028780002542106446,-0.1923204849992232,0.03719913818286944,0.5022873140987655,0.7746482834261518,-0.378456531140822,-0.33551283512261715,2.680239210549845,-0.3532986897791935,-1.3940882204849867,0.6496443398109732,0.7063842166297132,-0.3568038673804677,0.5574232673683805,0.6740473881825348,-0.19684735767666892,0.18761592680391712,0.40650236678101653,0.7463251145077487,-0.633285744428099,1.1468019924812918,-0.2493628620996279,-0.471112119636885,0,0,0.7921232234939142,0,1.0
354,4.690876033327492,1.6769270370523635,0.9440746746723301,0.6701629552594162,0.29194955228487285,0.8047281171897611,0.9954998851541774,-0.18999326954049126,-1.8127121870912315,-0.212477467076222,0.16474458311204748,-0.4287245758265136,0.588506817853763,0.588283916165295,0.45459533505701094,0.5476519728603234,-0.15105001526873346,-0.36539900765891375,1.3232537346276931,-1.5477041875778188,-1.1856970585853335,-1.4718741119345065,-1.1551858134351627,1.3279577997415863,0.6160897307026602,-1.0328324434535228,0.8488572953922956,-0.06136140789013721,-0.8099260100832331,-0.7542477484783083,0.4267230796910541,-1.0933845076440936,-0.25918758175052775,-0.14539960527350324,-0.2549211548381031,0.08408181020497993,-1.4578442231263153,1.3837430710499368,-0.3732583413046288,0.13205622837502656,0.34991535457995687,-0.7726113474964056,0.27701923410882257,0.9394312872526933,-0.30214363850177156,-0.24365655336064834,1.3105281431053544,-0.33878170275456176,1,1,0.9458104746758292,0,1.0
355,2.0417110544308295,0.0008077190976134115,-1.8820918371905653,-0.275829526495965,-0.5428220296557191,0.5745376433940403,1.0958231858922816,1.1794647286018631,0.28221196696700784,-0.9846100142183185,-0.04929488199151681,-0.8813981866322808,0.5135260592198168,2.1021231856885874,-0.27033157157856985,-0.4312752840775083,-1.3845489924526777,-1.2131848953706255,1.6481306136208902,0.9087846071514061,0.6192491326337873,1.4413106078528235,-0.7581106699050746,0.9845042299121877,0.22157394138625525,-0.6950815458435367,0.19325226206801954,-1.2470081801415647,-0.5631232175548915,1.132355076547988,0.5162029846736436,-1.5146198925924894,1.0238403446023452,0.8741145340857832,1.0995105054861232,-0.7073036940772459,-0.5186755239355603,-0.11044184072170875,0.48482781069721836,-0.6806221107071057,-0.05131130142382917,0.47332777649984037,0.8746355387012774,-0.44890228910188784,-0.6121608737037437,-0.24815648773681429,-0.562443372729058,0.544511699054537,1,1,0.829421820735269,0,1.0
356,4.617866898293207,-2.295750943683618,1.1202095283677673,0.5151689047562158,-0.5236218271748065,-1.1643549553343753,-0.18966816844517614,-0.10041041658346478,1.8532006399601857,-0.24300341545668566,0.7565927984484129,0.1856289291290612,0.08929215506645392,-1.008040836953896,0.5935771961561368,-1.2893355729324065,2.459214593585977,1.4675978399070817,1.0141541322934677,-0.33879803354520366,0.18780998531070184,0.2633165368172553,-0.262008986532316,-0.5627575743161853,1.3026245376993708,0.34870757492622856,1.1484098682987396,0.13371509822942776,-0.5401883103377707,-0.3913705338859561,0.05367501650450498,0.6937157203378632,-0.3382775606750858,1.4508249008171992,-0.1325918380600548,-0.049284293658720425,1.085609069007193,0.3740354265346688,0.296083391096086,0.6566868950044393,0.35979353782928514,0.940610295747282,-0.36090152537771397,-0.3574412639645749,0.11903304404654345,-0.4136603622534313,0.03902809850388673,-1.5809061939838607,1,1,0.9608561461987818,0,1.0
357,6.970530678974534,-0.989711568167852,1.9898340489694377,1.6840696037209526,-0.1810398204026929,0.46152510945829983,1.5121411372440452,-0.8082190478299305,1.5118712624662125,-1.7345415765858767,3.2687361418578176,-0.5394234543144728,-0.9409453269704597,0.5325039889933345,-1.4113713069649207,-2.0056939950054744,0.638554065992067,-0.08960323621125975,-0.03876106546871078,0.12881076817265597,0.32947752282818765,1.1929826550714635,0.2032207696541513,-0.26340392079048264,-0.11450879638306344,0.4118954319525097,0.06141795801985059,-0.017517498064644532,-0.1501899600082103,-0.29070189313153677,-0.3493645893708525,0.09454680523951471,0.38972204124517523,-1.2126852318469796,0.601562467521762,0.24188532340481805,0.14734358286071345,-0.8064776800277057,-0.4154043943900188,-1.4108730118805672,1.2887651206986699,-0.25032971500121887,-0.20757631839402002,-1.4167095384481827,-0.4869095045865611,0.045408560637294676,-0.09089042198665577,0.0954597439934243,1,1,0.9971755259999351,0,1.0
358,2.4462179258722303,-0.3584290292138903,-2.420665433289163,-1.45110964162689,-0.14044513759872854,-0.37259497963215965,-0.8138731342214233,2.605948104194365,2.095601574975233,-1.3052077540443126,1.1029702963558514,1.4013848739016614,0.6475917578227097,-0.41161279499401665,0.8699685486813286,-1.8069174142304296,-0.16062360067677608,-1.488416626402856,-0.4777806582338311,1.231596811005716,0.35711275007719323,-1.0447107790753247,1.184286098006258,-1.0110739909104949,-0.22472620309575062,0.6622256220518041,0.346021824076725,1.0876328167757752,-0.02231789439674826,0.5235985441858477,-0.028034910616661395,-0.6851728757212654,-1.4925061685154464,0.12935043519350242,0.21365390076755172,-0.14730886206428656,1.0836858718162252,-0.33795795532028106,0.8634373945348028,0.40304886516940563,-0.3600433222646128,0.8501605996680309,-1.191493124064247,0.45710933509004886,0.7409374850628986,0.3916899446923036,0.40183897608831626,0.26880802051383595,1,1,0.9011135363800945,0,1.0
359,5.118456397759266,-1.680337312236083,0.8929037268614799,0.870625516002878,-0.18824225045723814,-1.1621071852437794,-0.9597713639075693,0.5701567796968068,-0.47945597735639034,-0.2285017853147163,-0.10612618449622291,-1.7518068531921638,-0.4396253090192716,1.0631113444567317,0.16910818147928658,-2.1734417193316484,-0.7084596978595997,-0.7973488568869804,-1.7108409467652705,0.18941911975764583,0.43387694679998917,-0.7885190299410977,-0.3317217030495236,0.7570995614059115,-1.0094510497003497,0.3287621592086097,1.3753235518852842,-1.2631876248138174,1.098018050152605,0.2532107180709319,0.8764235548570063,-0.8933609641797893,1.1931389044691965,0.48681734295726153,0.5793745276873871,-1.7888144613162549,0.2138783003182263,0.8879657799918558,0.48165496326788,0.16641014285035993,0.07757062533199248,-1.107994683100392,0.4437427949032605,0.7477924041347493,-0.2543365893844006,-0.3141583968665091,-1.3315193408061405,-0.5124282266403419,1,1,0.9784012891332707,0,1.0
360,-0.17307388394893666,0.6133600270940677,2.1542233465936786,0.12751154237633502,-0.2117379047541807,0.8475743515651788,1.5630799374585493,1.3248035288934303,0.7812966737692062,0.12382145332149955,-0.902720819527278,-0.6937117707880086,1.5563405874382674,0.45603763642799294,-0.9604398587934591,0.5636497927372467,-0.488445548566918,0.9955970384445048,0.021217029430461224,0.03848789848832527,-0.2136071153095524,-0.40283254041633637,1.1560306880927165,-0.2152490532176903,-0.023045578593063706,0.9845990878619052,-0.23449193904426568,-2.0380023718538234,0.6655726442442098,1.3316898337067415,2.003637434939796,0.8228990649077569,0.31335130751241613,0.761264234813656,-0.4835075215252901,-0.5102249703150205,0.09020705710144931,0.3098348447687628,-0.5485621403708254,0.18003897338221736,0.34856793912417655,0.09094167566674927,-0.3562293747512566,-0.29438751266226143,0.08167929967792532,0.504851582944025,0.5866062731707091,0.2807312744563892,0,0,0.5415429129134331,0,1.0
361,-3.1335601741258916,-2.01956046604755,-0.7261303996482877,1.4860524621041389,-1.4560345080665105,1.0066643327805285,-0.772532483219716,0.9105496233932219,1.321770617160157,-0.4622220525976896,1.856451282930271,-0.10625111455304995,-0.5568019540691554,1.1106804767760312,-0.6343917812640902,1.2685978463890502,-0.8835166850399683,-1.3252134578440977,-0.8355830821719772,0.17235206482524545,-0.5825325504812824,-2.0142276042286626,0.30207670209206144,1.0021010926810006,0.3219901878616744,0.19731629551139107,-0.40901216031404775,-0.6458147780339021,0.47945949785392367,-0.6788203538817673,-0.9314939515467698,0.5011676616424554,-0.6044233072401836,0.5961134059449695,0.00393229711226136,0.7607353949728286,-0.5784158432114053,0.07810074265766216,0.4044161806157108,0.5274141946777688,0.22124968501421446,0.10881410781910275,-0.4044227674732454,0.9851879082049201,-0.8947110215322657,-0.7241090931189375,1.0538860001284585,0.4028789441372644,0,0,0.8020538825019393,0,1.0
362,6.0160386556490275,-4.8313427686921,-1.8791281900391474,0.39088114649429134,0.9896721011542844,-1.092448266466833,0.42241072405772523,-0.5704462788129067,0.9380373774905582,-1.1856217093632795,-0.1617171123827588,0.2605844243831716,-0.7447603256404128,-0.07750931626965885,-0.21812583293890395,-0.3714100479811843,0.2657072560667403,-0.42147289021083634,0.5592887287514372,-1.5454973318655967,0.5616516528794423,-0.7765728378927611,-0.21061747379629556,0.20882327111908264,-0.2196236456456605,0.28250565330158584,-0.16370884503661462,0.6792664515621125,-1.3673930664462095,0.7518560093624052,0.148152453082068,0.5673626801583019,0.6012407498010184,-0.3199418879091342,-0.40892467360171153,0.40117075470758,-1.4036295613866656,-0.6635166763409316,0.818940790180985,0.48711054769972784,-0.29363064902234326,0.5871922478019392,0.1660315517308349,-0.1908741833149409,-0.6691936642518552,-0.44937598013502517,-0.17528217600091325,1.8369340029684553,1,1,0.9858359044100251,0,1.0
363,-3.8544559907716747,0.94273061522294,0.9392903313080968,0.43240457004911886,-1.2998749748085703,-0.4601570374111598,1.5176449781415435,0.03844726299294169,-0.6038027469995181,1.6245521766831328,0.8009745955839598,0.7557836606857773,0.6369951214833868,0.4861952986116702,-0.8122320393698412,1.0007187948750456,0.22524297389525355,0.32132783118049185,0.25270153610514473,0.0036439436585454766,0.7601084960724165,0.7356558291780416,1.1437613153433444,-0.3726956909946192,-0.06317090717563285,0.11080417713629652,-0.7418272102748982,1.5110922242169258,-0.6609141619368776,0.46710827649949244,0.6281500014170605,-0.20093518846925704,-1.3667162726230853,1.2882402299525504,0.6380737916297056,-0.34727968940938664,-0.7302209218539162,0.7661420494482549,-0.17460937579934435,-1.0728614944512855,-0.17580829350719665,0.701422063955023,-0.08728491255560723,0.8566543024456607,-0.1578220665427713,-0.360975897085256,0.7952344484011317,0.4052389699614974,0,0,0.9246840720935502,0,1.0
364,-4.026726375242488,-1.2039949075537066,-0.4521086572381738,-1.2084343510782298,-1.0108701806617892,1.8316751038464232,-1.1719096643558595,1.0465101320559982,-0.419244720869138,0.09561402261698765,-2.21846574621655,-0.7774116314331325,-0.19377454130119634,-0.17478059075107627,1.8308839837679618,-0.24188935886404717,0.6950874991282626,0.8798025102122781,-0.364306208602514,0.01144200725653317,2.2606403591631494,0.5437611050427168,0.5369913043972466,-0.47468846150598265,1.657652664914434,0.7170558953319917,-1.0727779947780929,0.8424110089287766,2.132393499865228,-0.7462159631096377,-1.388564712443042,0.07359211529189356,-0.21463455649420185,-0.3196535491180593,-0.6970519246890012,0.20078694094103136,1.1744670738416685,0.40483696685120424,0.6378201275417918,1.040983437613229,1.0941897290901654,-0.42379045187958114,-1.0749854829130805,-1.199108460114982,-1.116985616194085,-0.3733411692382541,-0.6013406953768756,-0.5894086410189113,0,0,0.8876624861399961,0,1.0
365,-1.7701481071644845,0.026549894159821442,-0.8949936146501322,1.19120257666918,0.852355010995335,0.5899332576002613,0.1375635111405128,0.7757586271940246,0.5095294601226996,-0.1957267449988409,-0.028331411830267113,-0.4397421613378009,-0.0017020102172962028,-0.5346699485671552,0.06304772103672338,0.2695374282899081,-0.6261797144783918,-0.15818882706911683,0.4251570778348228,-0.8882223581750337,-0.2524600492703742,-0.05742665887996796,-0.1429386557371682,1.6176734173321303,-1.565535759291854,-0.15227161050793414,0.08448016320005045,0.184223614086846,-1.0355357117323252,-0.2110429860689179,0.7573548186066211,-0.6620685507110247,0.9786419405366295,0.28779182751772325,-1.3212045768314953,0.6203601645575886,-1.286905237690923,-0.7153046936201581,-1.0027149321123274,0.8487478445048434,0.7668399988015645,-0.3213654807561461,0.2693002957325812,0.43712677673850187,-1.4270956744597303,0.04834324089510939,0.23583049576642023,0.968152348631702,0,0,0.805742388729948,0,1.0
366,-0.900497339638767,0.8093367497900815,-0.9101462413730866,-0.14367789786436264,1.7677129178425528,0.24008621755444914,-0.38410955386602375,1.0550732749388492,-0.010289000761900355,1.1087301520395894,-0.8341089613439114,-0.08912946034275065,0.31267896193730577,-0.7743416070923527,-1.007449809777438,-0.29666401936587483,-0.3372163516724973,-0.2540816887023966,0.016255963150833188,-1.2165512901312314,-0.05306889203540587,0.40319286838843577,-0.48246905399049445,-2.048476428930623,-0.48655246526720347,-0.7125658359300183,-0.5415232285500902,0.669449741504956,-0.3361594489050986,-0.18386082244183669,0.2722590068272019,0.41761526347244177,0.8636909070817789,1.180437219547353,-1.6232119704351315,1.085609323731004,-0.2963635069551477,1.659488744225308,1.3557923387950959,0.20020177837339803,0.3641643764165287,0.052715791938601674,-0.9423467558171986,0.43227671833655856,0.8676161283209655,0.23147342038773028,0.030096108474161488,-0.02064593631645784,0,0,0.741668141219076,0,1.0
367,-1.5676351402515907,-2.9306804967638125,0.3647548100924052,-0.057321201331076634,-0.023403632257592597,-0.3983669046186375,0.586216697372062,-1.6226978618049257,0.3693243969897938,-0.024900121246495988,1.3111667261255704,0.658975903028609,0.420852809846065,0.07441891429087646,0.006836129944361453,-0.027888641086948548,-0.16618674478478448,0.2921501455745772,0.013510309470175773,-0.35683657593963414,-1.2121784103153952,-0.3524900897644157,1.025839032739693,0.9084745982658541,0.023069662389209582,0.8106187288127886,-0.025219239803696766,0.30566256663893604,-0.39254983523802095,-0.36674762486977996,-0.75766109367789,-1.3589580200956366,0.10131941745904205,-0.38048038989088445,-0.2270729778918515,0.7370841693383118,-0.16915299249404922,-1.095543551128369,0.045522875900096425,-0.16305055680202374,-0.3302438890780216,1.2099334431334843,0.8394026502544536,-0.059767558614689964,-0.5045215568573485,0.8134060370549654,0.7128725008559991,-0.3888198224976753,0,0,0.8387758664866168,0,1.0
368,3.2774453877909417,0.034161380562745924,-0.8746946317037123,1.0369960894559485,-1.5471406523566864,-0.4773035450471584,-0.8589093626464948,0.9141145339013312,0.19596520051854788,0.7859535364569009,1.6894278184391613,-0.5237944777430673,0.38765858275652343,-1.2840791110793,0.5605079761969727,-1.88969998812259,0.4769788530728763,-1.0247886740617445,0.46384413973907485,0.22952960747691145,1.4603011252937186,-0.6244994777262287,-0.5326138608102488,0.041228787292775154,-0.2404472380993588,-1.5985306250852456,-0.2210542694994037,1.735206707682394,0.8879572807887391,-0.4935274646816254,0.9754059227617204,0.9089102967909378,-0.35808454593699135,-0.6397082263758174,0.1326178085449403,-0.4424971198275217,-0.20027552442021904,0.6028124130593407,1.128486389423272,-0.8327308328862986,-0.21651361720273424,0.7161588736400015,1.5729743223871655,0.6438601905727053,0.6649530690723877,0.4326729360517213,-0.8729075303260575,-0.2384857416958106,1,1,0.924419490152861,0,1.0
369,-1.8080915397008945,0.43286271391802755,-0.9269472067971989,-0.36785097913799036,0.4096241829630375,-0.47200857839845284,-0.4681346438262897,-1.2320159278176788,1.2649321519652565,-0.9472511346773166,-1.7090965553235535,-0.7138981172974556,0.11629225871950753,0.03006175043234787,0.5723455646638466,0.31583132672487346,1.2696721656988337,-0.6629500705397906,-2.118803447792701,-0.7324809356112026,0.7939383669304497,-0.5325966092020012,-0.0038830009212315166,-0.17969310248418988,-0.6597867093257276,-0.08581926875324714,-0.6450663546146986,1.019218070811171,-0.21807553507293398,1.8458697740449266,-0.062160173131787025,-0.02870139811958898,-2.200185019995935,0.13536070358748153,0.7250238093089449,0.013299017056290077,0.9111828193154994,-0.6518679873498315,0.200562361631393,-0.16766470932452326,0.6162534564519059,0.19145653843982816,0.7957128952368978,-0.0456359477425332,-0.3707023632120997,-0.04722463100974476,-0.3304086840935708,0.16397650471058925,0,0,0.8251429385863734,0,1.0
370,-2.1638787253107883,0.7662146734322065,0.1306170784803168,-0.2081785973483255,0.2358558469732523,-1.0454086843479642,0.5647948085634945,1.3702424133203706,1.2454722263534002,0.44001761459132616,0.9079393584562782,0.23081332736807958,-1.4239403421409786,-0.8500355434430265,0.3428617496946833,0.9735513582948334,-1.3244262205981658,0.11033404428342403,-0.9897721709928701,-0.0705090342001655,-1.4124975153188337,-0.6576658346413036,1.6573230019880254,-0.516774842481884,0.9376533375611811,0.5032677026378735,-1.4445611258547266,-0.41886792836402836,-0.07700554911878191,-0.5630770129517451,0.23088180919354112,0.6298993232893739,-0.07095915199640719,-0.029799436549311647,-0.6182937743566923,-2.2848788978856818,-0.41814761941803197,-0.7494205722276649,0.2358863807966509,0.39099543062879066,0.08019113979461182,0.5014881561858101,-1.0568839084460449,-0.8841561837572429,0.3733156412075991,-1.4752000477314104,2.120611994518883,-0.9914146572893862,0,0,0.9177570133914518,0,1.0
371,-3.3008463012335145,1.1249400587757508,-0.034301845113131564,2.4397328836592,0.8630400199141862,0.5892981787856074,-0.7050568631498246,1.4235932375414673,-0.2427420249306886,-0.4087574958300309,0.5747278845978954,-0.23744735366353445,1.2118027960941826,-0.3564620524778789,1.9319890352471711,0.48539479683489994,-0.15201061281951775,1.183379803473731,-0.4385878456144145,-0.07566118111975668,1.3805882838314623,-0.5899376506170994,-0.8048421720014217,0.3760756062291267,-0.7338582554945488,-0.613569028972538,-0.7587772986122734,-0.22208385993803603,-0.6683794230017363,0.7619117884167133,-1.0520145223244537,0.7466835602357601,-0.5784799966989678,-0.4816690495549154,-1.2287919990581457,0.014844680296054045,0.5592176333876888,0.19848530457698563,-0.5497955497512422,-0.6742662502793966,0.5624124527696184,0.16307534516607805,-0.9341277052361671,-0.2636389671046695,-0.12097742726460277,0.4762802353656565,1.2647604054359607,0.39718062712999463,0,0,0.9284770982071969,0,1.0
372,-0.5648341752817421,1.987603487374446,1.3327438456149514,0.2844663084609844,-1.045016955671199,0.7044477035671562,-0.01630848600370061,-0.41212441422390694,1.6770996639071152,1.3945726697237366,-0.37182644366815637,-0.25941426454626326,-0.5918724321834683,1.7480421516207356,-0.39220727223101426,0.25098487674704967,-0.42120304628395194,0.15137202328761945,0.9886411466442133,1.478339385082494,-0.85002042227408,-1.0522335602845363,-0.017668654598085205,-2.7005003040759568,0.7613844262868985,-0.8821540861855091,-0.13039005031316242,0.7935133081960097,0.851151493794821,-0.24485125329356233,-0.07556799473339187,-0.29516870708136966,-0.16219247956106062,1.3176332217223632,-0.5073852813748334,-0.12465080471692927,1.410443939673608,-0.6723062723713393,0.3673175300826205,-1.346517358040194,-0.6499215483231621,-0.6631575646694277,-1.0943747043603385,1.7069906045395498,-1.0307008179561135,-1.3100981157294507,-1.5000208916483289,1.1775264720338887,0,1,0.7470758541119338,0,1.0
373,3.047535379401483,1.5685672852419805,-1.357710443789168,0.13755202980872408,-1.1104831811778222,0.7059745852882449,0.8629676469674017,-1.4512212477575672,-0.9031399161715891,1.159767382782037,-0.8199060651010249,1.143362468084809,0.39380304736831345,1.2634698954134929,-0.42919468840497577,0.2288942519405607,0.5552349712371751,1.6807315569823893,0.32600391303895093,-0.3600811243756987,0.03214629992378695,0.683452174815379,0.03766135472512571,-0.6537719000329744,-1.876413480578144,0.7592612441445072,0.3927317011784844,0.3394681358423649,0.8468117648824446,1.2028489869981243,-0.39887965762269645,0.08465948011345409,-0.1862214172714035,0.8717629325472843,-0.47152482133828627,0.08451343216904862,-0.4363006789918242,-1.541306579677744,-0.9589584441299898,-0.094632121247459,0.06941975431105715,-0.05344228822566728,-0.9602873183617265,-0.6162656414029455,-0.5749673803868203,-0.01612997508029414,-0.007210947062144184,0.3358392918059832,1,1,0.7852533579474746,0,1.0
374,1.9509597456904506,-2.2407912891652164,-1.2103821261255576,0.520945410915322,1.4030220558909883,0.5455266015176746,0.2884980080572747,0.4612650492762322,0.6704474251196032,0.10838094320720651,-0.805515783111241,1.5385314856433194,-0.7314802060315685,-1.6513916333534113,-1.9439190717512997,1.1396586080543678,2.347962289326268,-0.7548628221531951,0.02555304534865491,0.17748198008394844,1.0916522011423366,-0.7509106689478237,0.014833254892768837,0.6955364278028154,-0.3731692041243555,0.5510172954229701,-0.10750127697766078,-0.7388783787682538,1.2580652781650945,0.057325666460612754,0.5186661177993404,0.09265688149973347,0.14190210396169567,-0.31885878546384583,0.5772968534711047,0.6931343094757085,1.1877934886657309,-0.6757946525483776,-0.8367193899929918,0.49941743826798246,-0.3275618112590427,-0.11127801111299654,0.028423411805849907,-0.8542111193125224,-0.23196149586794082,-0.10989647455334275,0.18576858600744903,-1.1946129106607988,1,1,0.7218116237249029,0,1.0
375,-1.461947691874295,1.070431063774021,-0.4822169891512546,0.4538292519259602,0.48983179182566483,1.5087415987661503,0.4009906264974881,-1.4207564191014896,-2.0226048317445375,-0.7212608332160264,1.4866171069668388,-1.612439578817571,0.4293730496400082,1.8751649826167462,0.012808035145656906,-0.42949289078517583,-1.6406699200221007,1.3739354853698584,0.6482659260991042,0.653939204501286,0.7797254192107217,-0.689713633366819,0.4415131069911497,0.34689726588157194,-0.30330179045142436,-0.04218003971371008,-0.8052913145506553,-0.07687846521368898,0.9469011012015722,-2.196335836886005,-0.2047892612462589,0.725859503522499,1.6405594726488713,0.11573249873205003,-0.3017199964730386,-0.907748820647574,0.19617367792398066,0.12170782877082219,0.41041323799907226,-0.26217562843657144,0.4694280450232904,-0.08267606153048164,-0.10039607838337418,0.19213438387359538,0.43084190925036375,0.3303551148724325,-0.426019487139921,0.6767818871368382,0,0,0.6939117059856486,0,1.0
376,-4.057105818335088,0.6413162796149465,0.38291991932193775,-0.12547996014969598,-0.552720076731574,0.36869891547399863,-0.6372313295665754,0.6470234647067561,-0.6982501444160165,2.221814357115981,-0.32237694261275734,2.0354189924022434,1.1669612830936726,0.07612395028772162,0.9564821395022198,1.2330055874350305,-0.7349983291119759,1.1690266665613025,0.7179047831053033,-1.0141326034178013,0.08722454161180249,-0.49174680174307794,-1.0953544852529062,-0.7675592544055981,-0.5617014411767995,1.0352313314183756,-1.6006595376350323,-0.339203197027377,-0.593323685661442,-1.1735837602220733,-0.4297182061928321,-1.6291375424115984,0.331698142940135,0.30170437829693736,-0.17546547778638982,1.596453067274377,-0.6529466000738549,0.38115993438910745,-0.8338982970716677,-0.3691598844945327,-1.7070331715105536,-0.007902103348502531,-1.1032625174530877,-0.8637614162897624,0.5984653267101407,0.08070776140910241,-0.25731232424264566,-0.14719858428942756,0,0,0.9672025920113306,0,1.0
377,-1.909165262173011,1.4262264663521247,-2.1043796582518612,-0.05768027434874578,0.7083591290362672,-1.1829049147823567,-0.23498223829511256,1.0702490928840158,0.4354479226805655,-1.042056855733383,-0.3368185027260232,-0.11020774936572898,-1.8880284217718437,0.01531029680082092,-0.1543341154075905,-0.35781534134916215,1.2699679459215227,-1.2705720765156017,1.2588200507719676,-0.5871810608872929,0.15001610920734837,-1.4303817770128995,-0.9164108038881663,-0.21034427871317374,1.1603453697536097,0.11924808074783783,0.067287975850777,-0.9188434014626644,0.05634170278455402,-0.686973567607532,0.8252442164609622,-0.6916039220788714,-0.7305449977608577,-0.08093644951624493,-1.1916977319317277,-1.3876520703227142,1.2658720825486005,0.6164575326443256,-0.19419508797075102,-0.0007738149677995088,0.10837555152318999,-0.23913398510850448,-0.16989555645750057,1.8774479089464529,0.23485164048785434,0.35340221824468704,1.5408354589249327,0.10107927165685966,0,0,0.7674493246325313,0,1.0
378,2.543757535152044,-3.6842174860840124,-1.3866494648283139,0.773938851174313,-0.9398229625770814,0.7294604237005966,-0.8414364686740665,1.2650610811428609,-2.158654720322715,0.055751667042797014,1.9125025377221343,-0.5921134238976888,0.14314277300523107,0.22212531175803613,-0.8067961836463066,0.6311748013671498,-1.9604605900120864,1.177094130126232,-0.22688139043684413,0.0818470749270152,-0.9016733427349081,0.4106906588683017,0.6089361888599993,0.09308213722650152,-0.17656825991735414,1.320104732057955,1.2061984132042045,1.243092386350515,0.008732669883070263,-0.5576985992467974,-0.9105725323310823,0.018436828990911716,0.7097440861318886,-0.40721126098330357,-2.493661726992231,-0.34060581427355063,-0.16674238454888846,0.17353351495607913,-0.2384049517738781,1.3204131390091083,-1.1844349537188708,-0.1622464704696225,0.5608145182692943,0.32867079758113577,0.17778599991645078,-0.7575552629558843,-0.11392411942657234,0.44506243648014066,1,1,0.9781197348605678,0,1.0
379,1.6941804469039994,1.0088031556270611,-0.11867797625726899,-1.397020466224318,1.0665338963907942,-0.9492872308338817,-0.44671706173247266,0.5515689956917773,-2.14611279669896,-0.767811364930028,1.0013340222100542,0.21444727681671014,0.07578153712549035,-0.757344529327809,-0.020818972709982966,0.42208306835957066,-0.933624726006694,0.3266645094563151,-0.44607940820476893,0.2564123247036433,0.874697175224727,0.55847216934911,0.6685691457347627,0.9646794892827832,-0.6735194438344662,-0.07295967958447246,-0.8731847445415066,-0.5984696047300425,-0.4944556074733539,0.46386076117726627,-0.23216173196746206,0.5871958878715895,-0.2116128307495263,-0.19233105822071955,-0.13360143106043906,-0.49799639083801583,-0.5945801264876319,0.18565391949405038,-0.15565702501804538,-0.9540997554053807,0.3720485654998907,0.14036889891794116,0.01458317630415604,-0.42203594204403533,0.631657690576232,-0.9014472859854955,-0.2493171621770922,-0.1292783903597105,1,1,0.8132991319996903,0,1.0
380,0.7654705440035124,-0.5417053509973273,-1.5157520980010952,-1.5758662288505552,1.285945695725759,-0.31537233593364083,-0.41551955589094874,0.9162560167123951,0.8728806742420792,-1.077761249353678,-0.8645863849856794,0.2677385027860865,-0.21895446845022776,-0.46895051320157644,0.26201621701246897,-0.41730438357167576,-0.380438093608886,-1.0997027795191754,-0.24651322027230552,1.20977626921529,0.853474692512594,0.8887602528551148,-0.5515059684883483,0.550934318329958,-1.6376562400601296,1.8052432840439478,-0.15025322584467668,0.8576527305281756,-0.25281575554327695,0.27746627408526764,0.7519230116217438,0.5645578926958614,-0.29902531085263157,0.5381965851875962,1.039399600861775,-0.5255963148170181,0.8172818583649544,-0.12171700187315983,-0.41574893125484164,0.397576688642813,0.5012834709034771,0.4007567707487984,0.14286668175041173,0.870396954836688,0.76388020064589,1.6878345751190782,-1.0320602307215618,0.22790749153051365,1,0,0.5283081571678282,0,1.0
381,-1.0345904560189219,-0.9087218068695738,3.335204176411383,1.1950534166470164,-0.2359910884993445,-0.37458685338523573,0.19078240107024688,-1.8372076839830411,-0.39779246063688933,1.4215452470255716,-1.3690931653043383,1.2278962632834147,0.8615756394611024,-0.41618971382901665,-1.021933701814396,0.18916281403208016,0.22844003336750535,-3.3817133166643942,1.0034622875088395,-0.43264456689130126,-1.0354674741268761,1.5150406628896027,-0.3232132713376588,-0.5599290652267263,0.909429184523538,-0.22309659575487664,0.1466307307036565,-0.6434266593979975,0.8380813200551082,1.0473180036905128,0.6430467526904255,-0.5005316616567831,0.6263277825765368,1.240427995653114,1.1164112825111656,-0.492538586356109,-0.4926288675921117,-1.7036545065244808,-0.2801267718602826,-0.8632223938810281,0.6924105349519378,-0.8789551807583484,-0.40152824181628755,0.42548255315331246,-0.45003725198059075,-0.5107717257529649,-0.8845895682776617,0.14109704979286014,0,1,0.6369159208455862,0,1.0
382,-5.899239455297627,2.3240508476764736,-1.4265081029933369,-0.31606663309076155,-1.9386967827512707,0.23869657742887476,0.6369613185404995,-0.5275230871610546,0.535678581121524,0.3406707798388426,0.02920652170366273,1.6704511928333567,-1.0237162089717025,-2.531971881144399,1.2699063484932123,0.4250186241691098,-2.811402967383547,-0.15102284287976156,-0.6717886037371175,-0.30861638845280254,0.3537892250600987,0.2576030323856389,0.046409546044329626,-0.7625346466378634,0.4216882404467455,1.152461806031909,0.19171437731229193,-0.8045458064734267,0.6688610170663684,0.29899360340637915,-0.06937988184716672,0.6314351565708335,-0.3312582703427157,0.04077888599999171,-0.06253090988784168,0.7330243605330915,1.018782029287371,2.0399447608121504,0.8999120706282131,-0.05327558478994578,0.08038120578587585,-0.5578702955053374,-0.3590238633776099,-1.7214476651362403,0.35744428885398916,0.25358731046709737,-0.6623726952497404,-0.1639221697956104,0,0,0.9840951620476084,0,1.0
383,-4.87156529789796,0.10907904156853655,0.7622392205617491,0.2460404972639922,1.033442998950605,1.108414164921341,0.540085481377802,-0.94305235407081,0.08344113620074871,0.6571866445219718,-0.8866693591695746,-0.2095489623050583,0.8496653700171471,1.0925105167779376,0.44014230187582615,1.0855312352199893,-0.01346110250600877,-0.2261767047055692,-0.43519349609762514,-0.6837372473147277,-1.4105351773900345,-0.024033845222154893,0.1233072372520608,-0.3026330526761437,0.7220656367240972,0.640744200554303,1.3284906585176803,-0.12352055434916033,-0.5588766367882816,-1.30719504955999,0.2219841029334534,1.007100165411524,0.05140991559676437,1.265768541117849,-1.706646777620988,0.011110168174908142,0.5298588363297908,0.27237097353961554,0.07216852032283622,-1.0771386499767068,0.5347233175744823,-0.8709192961623841,0.07618225134602782,-0.03430715493982502,0.05328347714520568,0.36788025450550244,-0.06190052979690645,-0.2171231623145728,0,0,0.9651093118889457,0,1.0
384,-0.031425337779326434,2.5705196638078176,-1.4597115970236996,-1.6078484484240143,1.2529502266855506,-0.7700568169272766,0.629426294833759,-0.4412319994942999,-0.29780292915663054,-0.2530873823610769,-0.8814109050070124,-0.6593576346941208,-1.3990604424410675,0.7308306892894048,-0.3974366362831741,-1.23476668957874,0.05891524439175131,-0.4307462125810975,0.22662643533162874,-0.7769003302116694,0.21739907006780596,-0.5044388074675342,-0.3662169929694274,1.5208512212015608,-1.1184869095954608,0.4931052118440684,0.6229581090695974,-0.8527279582895041,0.46631453127674655,-0.5269880212348025,-0.1470746308121994,-0.19250016321352637,-0.29467497679380233,0.577358253744711,0.18065077978601676,1.2381982537720218,-1.2987515422983018,-0.49327382661309066,0.37047555067556226,-0.7499500602149565,-0.1737813703651709,0.9588162580447499,1.0509666016297967,0.5856443506299958,0.2631117356941379,-0.024975237840183972,0.3573417902280372,-0.2395131797834296,1,1,0.5353512759209843,0,1.0
385,-1.1488380444022828,-1.9131451632865828,-1.3157367214756623,0.3393306645371158,0.043686558256268784,0.947904206372901,0.013562819594809006,-1.991574644652185,1.4259163626209226,0.6726798375216921,1.9051573366710675,-0.5467722196060335,0.24273451896532228,0.0023896548620625842,-0.25498498000519976,0.6550331366817809,0.785730610647437,0.4620173349940984,-0.049589049737271906,-0.7715417367725717,0.3335893477756259,1.3818101493299726,-0.6986671580699565,0.27591086194484554,-0.7953509953299689,-0.6983562453234194,1.3878159210119485,-0.8311432553339477,-0.0466645539197712,-1.2120409706432136,1.015328334628448,-2.1191793724435914,1.2412182837988672,-0.18806372336695756,0.0613436855902537,0.4623817041538896,-0.154753752921951,0.43278203076516597,0.8762995993263961,-0.932415722467268,-1.1255864015533195,-0.5805946313252465,0.41147423825194945,0.7730661313169179,0.8047732392759301,-0.4231630622201432,-0.621178187176191,1.0593806832120296,0,0,0.78616853515879,0,1.0
386,2.391469709995196,-1.733902940855048,-2.52595338431138,1.7076389495649793,0.6535772710660565,0.23695346547929802,0.022496279169723906,-1.0359575047652763,2.449423425322606,-1.2207236729198063,0.5893915066792192,-0.6829876868786082,0.051513656512234135,-0.13458345403249805,-0.7881969883643198,-0.06743665745104516,0.2919279158012747,1.1097222816154795,-1.0001750941570062,-1.6149269016468406,1.016093134684207,1.4001505581765616,2.2451588620221656,0.5625906057730052,-0.06725738190070314,0.7545830383411275,-0.9123416898558202,0.5166297641362273,0.0303857344229356,-1.7096697565621946,-1.9992614984225245,0.1238901326959496,-0.3922784050173989,0.6186032286304913,0.30362316054841787,-0.42214893340054765,-0.24875607795693677,-0.3940668983516463,1.2075693699680488,-0.10817697993363497,0.5536064523549583,0.19410374288411555,-0.41652822174695014,-0.10876736544135347,0.3985940948487651,0.6147702701152857,0.03902568408144739,0.23501193980845186,1,1,0.9460993934239942,0,1.0
387,1.6350630260555803,2.5865434417129327,-0.4960924958351334,2.45092027761511,-0.5719725991980219,-0.7098883591323262,0.37069948723887897,0.22315051131183153,0.062473987112573376,-0.7924181313953531,-0.7080923880725022,0.25076643766624424,0.7781639553957617,-1.1257618031410719,1.3124923022820878,-0.5624052676341098,-0.24935679961244012,-0.5865023441824223,-0.4220313870760453,0.22887194303338043,-1.5238828833029299,-0.5492347382585925,-0.0350611142428138,0.20805710858392998,-1.412747183608377,1.0319150400798367,0.40145991239867995,-0.7526255421130538,-0.8359577816893062,-2.0027231262655953,-0.04120725612806446,-0.6544214151528862,-0.1717818818369219,0.25296777835125495,-0.3635103376847432,0.05357424265110124,-0.5317373727508465,0.8410811917794323,0.9173957039042906,-0.6712422773905333,0.6861969210834415,-0.6091486274792943,-0.5836806222543911,0.05944847041708211,0.07488993380214916,0.8040178585009218,0.2507340477102165,0.051791093341000544,1,1,0.6671663872338063,0,1.0
388,-1.547575186911978,2.951840334324737,-1.3132521254743363,-0.03757613206360318,-0.9564916454745435,-0.8497309518254039,-0.9542799317200336,-0.2744381373399773,-1.6606017255900143,0.8324528532209619,-0.5684085075571693,0.8632093387791456,0.550577644323562,0.6487716330993321,-1.29121486103989,0.9084582618899993,0.26510124921177913,-0.5139227851837725,1.2534106419697786,-1.6524767983111786,1.214267476222013,1.6433740926997331,1.7017649486259405,-1.9317249310113256,-0.8952382712270152,-1.1553268833529435,0.42682812244481316,-0.7694501047622924,-0.699308583041872,0.6962266046467035,0.005234337601082801,1.4020154691179043,0.2173778778193159,-0.6490710711979858,-1.702369277078635,-0.21891551534895717,-2.0401478881414947,0.47979682414488256,0.7443072377226412,-0.03626276579551938,-0.5453969117481572,-1.075707676988187,0.5834513220458974,-0.38086712799818306,-0.05545985320421501,0.5088245911845102,0.7114304763326879,0.8913261656977122,0,0,0.5142886386767613,0,1.0
389,-3.582780207601038,-2.8264851716577932,-1.1265036681446006,-1.3700868702040236,0.10764073489679389,-0.3740807498089098,-1.4672217498884088,0.08936468611509484,-0.09776092468174626,0.3829118586917028,-0.833486154694461,-0.027574385154791062,0.035618854760486436,0.6711502619524724,-0.49184706495774355,-0.7518852287259891,1.50006301761184,1.1061384616843657,0.722123034254937,2.121671455188208,-0.019638547579134694,0.19878338706783577,-2.3405630709908123,0.26365686242407027,0.9083022070391757,-0.3854695671690756,-0.42214327198950696,0.8694973559497252,1.0435836234466673,-0.5166232767302803,1.8327302817248066,0.704208123393389,1.7830471412444042,0.027673859391620353,-0.02008661400451656,-0.348259058063447,-1.2253446481211663,0.6616102369210283,-0.30905174858091017,0.9581582912225011,0.866127468282024,-0.4927207635810193,0.7908607932374999,0.3566109398201008,0.9981217765023569,0.6973150277112369,-0.2758568815921096,0.23324526578254373,0,0,0.8798620453097599,0,1.0
390,4.00978724353885,-0.9331812833236628,0.8460684474035233,0.3786072721932871,0.15938390266465916,-0.3805073927780622,0.22256349374330847,-1.5705675152254492,-0.8279146807158898,0.3181432199650737,0.3114473241782696,0.09060781374325817,-1.9768331297025452,-1.9480883896968035,-0.47037178640561506,0.11800489782909568,1.746182350656895,-0.1866844050348484,-1.1782902488581195,0.9959486016516453,-0.7894477881473916,0.6972880946015725,1.1536418730105023,-1.3267226445839408,-1.3519216008330635,-0.40829044434595424,-0.20985612867457246,1.1866446911665025,-0.39320630301411913,-0.5315333005154421,0.39867777214102634,-0.08275827444277142,-0.33959912005096166,-1.054736613013518,-0.20449471784809056,0.26351152554940216,-0.5971880954429837,0.945236756572801,-1.1389670048323894,0.6768987173034203,-0.705656374119471,-0.5056696970055478,-0.07922032099389963,-0.12025295263508522,-0.21227133600906492,0.19224072068010914,-0.695697111697455,1.4628788111741378,1,1,0.9242617748052122,0,1.0
391,-4.010719681901994,-0.5774598229932719,1.3917327642280197,-1.2481917513716498,-1.5455175392253842,0.9712562732612555,-0.2514951063629618,1.5404092843647892,-0.7531751522007556,-0.8839433937296993,0.43194681202213914,0.17777466936637476,-0.4143218729049975,-0.5438848622532361,-1.3317667936330067,-0.3793697670752878,-0.745422141428248,-1.1909231575329877,1.4487834282582905,-0.590129505672883,0.5526408367883061,0.4904363153128845,0.12838241095341088,-0.856041240378799,0.7140653619259242,1.3612050764899666,-0.7018379302063663,0.47610502749249667,-0.2014961748385581,-0.7716743190915806,0.29570531623170687,0.5449229600296364,-1.2633855402870084,0.027651459468319796,-1.508396359155929,0.12864492834096614,0.67090860421572,-1.3454667441008805,-1.2270434251646827,-0.2114139909456441,-0.04369716043511746,-0.5138484123308463,0.3987738904143441,-0.43125847511009613,-0.058176604689152936,0.5229153082219766,0.30292449246145786,-1.506667581212213,0,0,0.97028664099691,0,1.0
392,1.5444614112354398,1.0608184474069298,-0.3369546625937717,1.6035597078918913,0.5701642649104476,1.5571838495577761,0.2635697340566118,-2.0943930509515694,-0.547802830005399,0.4504992870841888,1.5298442435136,0.641352852956731,-0.1772932310499474,0.24649597121425165,-0.41268442127700994,1.7515194535871044,-0.16860238147405826,-0.6928780752383635,-1.5777967466836447,-1.3490769240261,-0.24254409474432798,-1.5363093820137745,1.411252835045967,2.199813609886937,1.0557765907657908,-0.8786012449203011,0.40120685576307735,0.2910284940832102,2.1396602411111516,1.0538384751308254,0.8846669983221187,-0.6843471649239563,0.3755218748359127,-1.0207351823413302,0.5963296940311307,0.026373493136052095,0.08351023942400354,-0.14429538054666138,0.3001831936791327,-0.11891156724491424,0.9130848532462338,0.07552390659539705,-1.7767699366030583,0.42465440514612074,0.2800865519129524,0.14222218562406505,0.031564639344474475,-0.3041385839709885,1,1,0.8582964252129404,0,1.0
393,-7.940100034478958,-1.3281960738760248,1.637049919716901,-0.23823726110842214,-0.40797697646201375,1.8753880830137022,-1.2725274536631956,0.6118837032327727,-1.361550401527409,1.1204071619969125,1.3095203973709173,-0.04239197085991914,0.4621771563525428,0.4429403606617877,-0.42080960285495417,-0.35186826194726606,0.4331623560055755,0.4557750723350524,0.7784858681398827,0.26952121816270064,0.7280088050417518,-1.6609097244704651,-0.7096365176684559,0.19606197288650162,0.6017549674899417,-0.06040124491155056,0.026846311402572196,-0.9863767607847351,-0.8927946773506569,-0.6784573387145528,-1.3285998602103837,0.24447265566725326,-1.2124321624551075,0.5954491355408967,-0.06503858342402884,-0.9249169347401572,-0.5252476623328971,-1.005452569401763,1.0666988615087056,0.29551808455552064,-0.5749411388930157,-0.4273051433096188,-0.6676740161504812,-0.5899361922609937,-0.5389538489292638,-1.277568704963885,-1.2675384294032432,0.2694549437496672,0,0,0.994671902867729,0,1.0
394,-1.835960911403035,-1.044514950229132,-1.1834747835060806,0.15982661338117593,1.6598995529722533,0.8909945695605023,0.07544112809875832,-1.1451442582077591,0.3884275231167562,-0.5214135864339896,-0.09771696545709951,-0.46034179595586733,0.6756275475920686,0.0674784783577659,-0.8268450926460429,0.6234652444364549,0.18931002301606256,-0.06680201477308514,1.1773794979188243,-0.12792586299434636,1.6211452412456517,-0.5590417347556031,0.7039213165404135,0.2134959309401482,-0.4759505898855058,-2.747009771224715,-1.1139753973997562,0.9750414708328647,0.24840865109470933,1.2770943633912213,-0.002686599841337324,0.44742820386148796,-0.6924694066117478,0.22776478789817967,0.6681969490609557,0.4546152249955392,-0.011499442796266052,0.3076578239604143,0.4972737624284771,-0.25208868554666536,-0.6990594837533464,0.09243567933022409,-0.9189748819433078,-0.46407229901313457,1.0579478465834002,-0.49314182917276855,-0.47265385530528364,0.6054721968522346,0,0,0.9373050607877635,0,1.0
395,-0.3702288618987792,-1.6262044415811567,0.9731380957761074,-0.9771788786313647,0.9698448092428797,1.468077430825507,-2.185774269339864,-0.616449619467158,1.0245406230968537,-0.7110876174047006,-1.7855794179195403,0.2867048685652359,-0.9083958588574427,-0.24526810772261828,-0.39839358493055604,0.20562244197288881,-0.6897147827384137,-1.3738268305741999,-0.12704446407074063,-1.526884976366802,-0.6142223333576459,0.7591558777723647,0.4561316179469969,0.7911725078923334,1.8759405528048514,1.2551520879709475,-0.5215011127503547,0.9581927488037173,-0.44712075598248946,-0.32861778211148057,0.20279001540894837,0.25202805070007533,-0.41710256051240413,0.08387788267453682,0.3217409461469932,-0.25445638562685774,0.29267650086819924,-0.23266343017947444,1.0139077195903927,-0.7769158731229167,-0.7528651146342065,-0.46103146376516263,0.5625845509982497,0.8027206286115337,0.07235097774976937,0.3255332893136925,-0.6205661153850932,-1.5248782140146546,0,0,0.5897930594043331,0,1.0
396,-8.718089875882821,0.7484556886292233,0.4817002149753628,0.861295490064636,-0.6044610215408692,-1.644124616106817,1.052676710621559,1.7873552520737706,0.48405944590070266,0.5893644755250804,-0.24234640979124805,-1.2712884013783419,-0.22001475320216324,0.35942356040706236,-0.20520149357360412,0.21312035014023728,-0.10042819085634762,-1.2326455106326148,1.5288214247581906,0.3113951844754298,-0.11806080906893038,0.5404566697007448,1.0772594112158347,-0.16404038642010269,-0.15601246458763698,1.928746149436675,-0.20724743135762383,0.2685797818582846,-0.9621017842812936,1.1323890911098156,-0.09483009555121621,-1.505154909094617,0.5975130148200893,0.11806771342075789,-0.09408747051187893,-0.43806602773901365,0.10263757588148228,-1.6025497492846388,-0.17516883569102673,-0.6925970895508334,-0.7926765012749607,-0.10992968126523765,-0.19158687769751986,0.13839158574257213,-1.2091664190933078,1.4898154069985032,-0.1254590898990203,-0.7292680402044357,0,0,0.9990487543582612,0,1.0
397,1.9813424364402443,0.9997074416168792,-0.7557518810425916,-0.6665408852958592,-0.42676094691587,-1.1142640275143156,-0.5011783577841138,0.7127426950781632,-0.8042897739543925,-0.27330072483233764,0.22475208365226398,-1.093885069363513,0.0692994393927098,-0.5423807835279412,1.1700489339650029,0.4322753176358432,-0.87368918591284,0.05075000552702844,1.701252120083372,1.8304870534820579,-0.30770680728410954,-0.826987060884879,-0.7499121241258623,0.6665897768760323,0.17362655293673365,0.41138189877688897,0.745626782107072,-0.05851581668934867,-1.3121144896449022,-0.35083678179681044,0.12114088629119313,0.07670349357073317,-0.20372098523471696,0.806157723620931,0.16822996773074625,0.5372869103969805,-0.10861292761502746,0.39785434215622834,-1.6523261975944485,0.4610797771434308,0.3802363580997556,-1.2999910128831091,-1.1650676512284244,0.7293656295279132,-0.5783105873553938,1.6575661287567733,-1.331435714767688,0.1207132194150676,1,1,0.853888413762649,0,1.0
398,-1.6563544807675654,0.5726170416795445,1.2682240970724339,-1.506962872092835,1.0881537382341129,-1.8455112099968665,0.07086001402588075,1.0890387835860695,-0.4366097352665347,-0.31923109507265063,-0.12178034532091851,-0.6112352078698766,-1.230824660417802,0.37746596107398395,0.9311194760459138,-0.05773634229525797,1.3342613048260674,-0.41168800110372283,0.156261231309917,-0.4028857179670294,0.05626706358394576,-0.13521601857505477,-0.08006649480584632,0.1471213694166659,1.0286709965120735,1.0417694269092395,-0.37361923889293625,1.3045286091813468,-1.1236325289028255,0.5628122111013416,-0.8647541770766763,-1.2969918952376762,-0.27386084438379904,-1.0938863464530557,-0.9697391590343472,1.1758778040939413,1.8640633098152788,-1.0849426382857956,0.6937733540815504,0.08940536632588439,-1.3920217523022265,0.5109224481276949,0.1378257262714007,0.10660016118081875,-0.6236506413196827,-1.1098322747982494,0.0587831744485377,0.7551566407118321,0,0,0.8984747761827695,0,1.0
399,1.941543231962023,0.4489438573737717,0.5294645768216911,0.28786991183412985,2.767763192146371,0.5091265638120598,-1.147577515356273,-0.35122156747744837,-1.3514911885720853,0.25382362539979375,-0.6329858120003821,0.7491313779029949,0.9902133257186551,0.07699224592065684,-0.12374539640645461,0.646760044684629,0.5294236874741896,-0.20197026732781462,-0.5975424969552962,-0.09702996009799639,-0.5760397873668786,1.3056869237808204,1.005863070726678,1.7265189182002652,-0.07936742654006687,-0.26488783362915713,0.42108857230405167,0.7204108535573165,-0.7822644956322705,0.04426366185778065,0.24758480878531605,0.4161153083448299,-1.0585810680863927,1.1838103300638583,0.1404436005543132,-0.1254680783935393,1.3015841360615368,-0.2756971120933268,-0.5900822407444107,-0.5098057442866516,0.20835585966629339,-0.06175965172990313,0.5046592255698344,1.2505719903506523,0.37169651113829105,0.4960063654232086,-0.08803036364831311,-0.8909920312991951,1,1,0.8044433038052203,0,1.0
400,3.2889614643371554,-2.152459323683577,-1.0526860698174303,-1.7087904940392706,0.10716876038194924,-2.30594487608113,-0.4043634533531213,0.22414450693062463,1.3175789467637,0.8207669677887707,1.5515429284055988,1.132274580808978,1.9873525446902156,-0.37996257549798906,-0.19303823198876566,1.7161170626461302,-0.3095047760996399,-1.1328368313957917,-0.29714999943599757,-0.15011047070635752,0.2521628471127584,-0.34574202776819546,-0.3599083659042722,0.1874237369233807,0.5011201370599995,0.5992831201850942,-1.4758677852512008,1.156600117565334,0.38868569015281507,-0.2686233904001975,-1.3581620960947367,-0.2829951101313481,0.12068144229082328,0.7908549490008538,-0.4442012165771271,0.9231621964580232,0.018308815015998108,0.21653705824036737,-0.013759678889043177,1.6783996902919698,-0.27684268094590175,0.5733757636911578,0.7905833155635078,0.8609438719464267,0.5011755645312534,-0.23814055722368782,0.685556836288147,-0.9329722506937921,1,1,0.9732913316271588,0,1.0
401,-1.161352327004507,-0.5712003860322471,-0.6690679752662229,0.8545983922835204,-0.012526525189954152,-1.6510634100809585,0.5220677448708854,-0.47585642502162495,0.2653008995738808,-0.11596793470877227,-1.7784011610177128,-0.8345087658782664,0.32070329439863426,0.8679438687626667,-0.43332006092817005,1.9192950619302735,2.5034016150833387,-0.402763088443232,-1.4648226804303193,0.17971350862437166,0.40178257378285864,-1.8665954794889017,0.030429422083745872,-0.0644327438096039,-1.8125432921479008,1.0560125017880984,0.46620243745226214,-0.045608955641766244,0.10224105460502497,-1.3191976117351085,0.5100710492312012,0.22284437192202997,-0.7280892376655838,-0.013477352086907184,-1.125327909915498,-1.4065278671244212,-0.22758110682771263,-0.5295340679335359,1.2698409175318377,1.1890173767295509,0.6656269879480505,-0.039433602042837274,-1.3486803836758685,1.4292509723178943,0.4400002458225561,-0.664907729313871,0.16252717017786872,-0.4570760792459791,0,0,0.5234531275569886,0,1.0
402,-0.6870234405424263,0.7758733117639707,-1.1864882639040715,0.6520351680391792,-0.3106899925958913,-0.581199743437505,2.039686356031063,0.6866716924144053,-0.4974423746130074,1.3169824269220562,-0.5705052949545711,-0.54711866919651,0.06072973071525134,0.3035334727952202,0.11228567653052243,0.4697934228637636,0.7576902581389864,-0.03503851899076233,-0.8549188535461876,-0.8057971486027987,-0.6246286098897523,-0.6154294735110112,-2.2498103678684047,0.6306588591554141,-1.1658581078779653,0.017091610015284572,-0.7243467912704097,-0.09415752583204735,-0.11915910709336176,0.16051826891627066,-0.9538795611316433,-1.9144687956253403,-1.5312353050936145,0.17153458518914744,-0.19688745425642357,0.533625322450314,0.6769576413832653,0.8192029293001376,-1.4444980165118144,-0.35772376112897947,-0.5086358216543047,0.4745856616102558,-0.12605343511083505,0.4930340735166357,0.7207687115099937,-0.25730761277153996,0.7490664065221418,0.18288041988210046,0,0,0.8340598766099466,0,1.0
403,7.170109274871541,-1.5146348503743405,3.4792685256146725,0.8423210524803975,-1.1199768542086714,-0.5482441046793086,0.1766738875805075,-0.845712156590066,0.07540328262912767,-1.414522216679009,0.3218541003194144,-0.686398176511644,1.1057395134297214,-1.1863618766058175,0.12772086382319625,-0.10077349969576885,-0.4315354742672152,-0.7660983768868281,0.3219080164895243,1.6851404834881971,0.9982294387695565,-0.957331400897105,1.2254571907173253,-0.9894940551487983,1.4160848309280882,-0.49405455410799654,-0.05617803922431437,1.0484652700413233,0.322190913326028,1.6843350689200594,0.3938229444997225,0.15571568627593405,-0.4241722598330343,1.2255266124330582,0.08054433449083682,-0.48464794385006277,1.7312111881214587,0.8094452183529697,-0.1370810622198937,-0.7851296550908125,0.49359556203197086,0.38933894660735535,-0.19928459706066362,0.198125525882199,-0.7523886459525411,-0.1626378375423302,0.030772527277113975,-0.7323877283385809,1,1,0.9859405578137461,0,1.0
404,-4.851396062328412,1.091872491181259,-0.17640255072807745,0.2835898759758605,-0.5013245114858356,-1.1933946865057086,0.894811374471212,-1.3942349901939046,0.8597897845598482,-0.8788949232941276,-0.3679261285962379,-0.30488397013091706,0.7092864643465966,0.9999936508471177,-0.18180341446345863,-1.7678511410653424,0.24308394241951659,1.8023733548595515,1.3348395425629618,-0.22373751602980413,-0.2197655596874932,0.43175755914065317,0.8375006636210387,0.44910250511042443,-0.9622546030119996,-0.4211093625188998,0.7472489066650371,0.07596926229261804,0.5488683810314818,-0.27551229991870907,0.3777515409434464,1.014958083776305,0.2606864263479219,0.9745112886220877,-0.10214584008837985,0.28577323670806226,-0.3261707345460564,-0.9813317549121929,-0.7018098952904102,0.5462020453077412,-0.3177637761761608,1.1543400362788434,-0.2696200871574911,0.933554833490747,-0.24263070582339624,0.31981032566563644,0.3786721468420716,0.5170220823143057,0,0,0.9587272543053027,0,1.0
405,-0.3365461268197291,0.5931465213065071,0.09632271216422379,1.0083950362696974,1.3486720610913836,1.9216523984329716,-1.057799436439387,2.1681324658192302,0.07870385831557297,0.24517777165408683,-0.5427679367154168,-0.36951901491048506,0.2838188778587221,0.7560229052480131,-1.389598817958173,-1.0247033106490753,-0.3352896196052682,-0.7171164824258873,0.7236157446755859,1.2760017321404298,0.1264107250063384,-0.5586547751279808,0.48558676016264896,-0.8188860484143147,-0.6917735985302726,-1.4864653065281899,-0.039675256850619775,-0.47977767863481374,1.3721113110933398,-1.9417310337516078,0.6590484567661817,1.1758873999488735,-0.049640409034855774,-0.014812198614003498,0.3501900942551574,1.0698383629684938,1.1680783408227413,0.29261829756357777,-0.6670962024091309,0.1473040664670769,-0.8640835985125074,-0.9372757207446258,-0.9297714917660834,-2.0993854797241798,0.4644650993878612,0.554877289434773,0.35788107203817837,-0.2681341548472842,0,0,0.7113159544515343,0,1.0
406,3.4963448939068065,-0.6177151753776162,-2.019961242792725,-1.4041621554331798,-1.3899286221649285,1.2213897053096296,-1.15364949536259,0.767907408229674,-0.40659910352151657,-0.9484939419382604,0.4974626346841081,-1.1180093137134695,-0.3789861070015784,1.0769394572367346,0.42341329988134796,-0.1274478184250977,-0.21929204532149257,-0.8846259590341305,0.34568522245294,-1.325642417441088,-0.44330120014361823,-1.4290654637951352,1.9104109270009884,0.23571302228420735,0.506182275361557,-1.2382390332366002,-0.9102912748917841,-0.3590571682964331,0.445946286524894,0.62374861792909,-0.5870619787388651,-0.1978856198256338,-0.99206660227081,-1.0890886455293096,-0.1945381885817142,1.139037333410746,-0.009632745641777284,-0.01028868811572619,0.4878780523009186,0.527403809261105,-0.21424551787556828,-0.7172042243584545,-0.4672909880354673,-0.1227661977795397,1.4168078937144533,0.23261230232353375,0.9696328934195244,-0.4275423938298906,1,1,0.8871334298947634,0,1.0
407,-6.440282012979932,0.8299180459743462,-1.790391711873975,-0.04230717951496332,-0.17750789087494387,0.960342406954259,-0.7733890159651495,-1.0312803469078071,0.023142403263311684,-0.24123284884992052,1.460043736254732,-1.1173388210139956,-1.255335307139083,-0.4696544341652995,-0.3562724000827314,-0.032802174475665934,-0.7305755169528105,-0.6742780040866514,-0.45712302907495744,-0.37248496951989873,0.17828517050116688,0.39739864190225155,-0.9923489429377106,-1.549210831087235,2.135736621414882,-0.14523120490260033,0.6116353664714851,-1.7293253924065646,-0.5137760945263081,-0.5072512133774995,0.015074714488897138,0.17252761590723079,-0.8935354800288883,-0.3697634876354975,-0.9658656732864352,-0.3761601123181789,-0.47310367661749064,0.29923982056334436,0.688137882621618,0.20361007222051,0.20023591545702735,-1.2888336320744342,0.5663109217698776,0.2104868752545426,-0.6350827862960691,-0.3071089338835684,-1.1223061608962754,0.5193430951878608,0,0,0.9849844412098747,0,1.0
408,1.5812581531516519,1.7683398451057062,-0.8287743302164382,0.670704958134268,-0.3196460868811292,-1.24618267450998,0.32356269156839634,-0.3445758410157967,-1.9550626604213834,-0.27734826297913584,0.3204276312928194,0.600211540440708,-0.6358178375957858,1.482171352301908,0.44326877933590414,2.251059507123529,-2.0955763011461808,0.6884592446288563,1.470806045113551,0.17827939343314098,-1.1634067989769912,-0.12794120795846348,-0.13376659796325255,-0.620706026687008,1.1933583920389244,0.9166336166410032,-0.4515584726032643,-0.4558121186088738,0.6399334155004832,-0.24684402911446343,-1.2818463101794682,0.15902347072744386,-0.2591031517723097,0.947816218788807,1.0492015355624698,-0.4366369188383205,0.45850089871288024,-1.0331441159076316,0.09391596612996904,0.9515939652693776,0.44394623244223713,-0.5055737835530132,-0.6757495998061175,-0.7867171146164551,-0.7946502767290117,0.9659537768944859,0.08470155937352908,0.14963105485645645,1,1,0.9197652814158428,0,1.0
409,-3.068144961704773,0.9168367894018122,-0.9957880062975492,0.20779514795144494,-0.8112084743198573,-0.12977403780532387,1.3129610924687205,-0.11205753488450544,-0.15747716297988915,-1.4822474228847116,1.2263561961237306,-0.07585471980254577,-0.9939281351365307,-1.296415292462881,-0.5114800350502203,-0.44255791648671,0.3814134287101419,-1.5882945869782825,-0.3523160972441561,-0.6243941477674271,1.3226885696215944,-0.33307493543659955,0.963853210183813,-1.1525600638822995,-1.3700907463127123,0.14629088618006972,-0.2148305640510184,-0.03673965561240522,-0.9294656539638253,-0.38038965905769434,0.7561111790253408,-1.1674291771431229,-0.1326791474855568,0.4669330823453691,-0.3532603440788711,-0.8660454910039477,0.46403790654260274,-0.01796674522386429,0.5279139332920143,1.055521449381103,0.4705204588690436,0.22790607784299996,0.5579773255739309,-0.8622611410668782,1.1073093191883319,-1.2576401584870327,-0.4172470823838386,0.2905191832862617,0,0,0.8890652164247912,0,1.0
410,4.563941936921338,-0.6600285370404733,-1.8702118142504276,1.1242164008744755,0.5839712174688211,-0.8603822391378638,-0.6860871523072705,0.12597850146233056,-0.6115169345095207,0.5113419067546862,-0.7391662037936625,-0.1704917434408184,1.0866366551399842,1.3372203694580689,-0.5334299236850285,-0.7504509859837575,-0.558691843308929,-0.7301586610848132,-1.7874559530902918,-1.032663741151358,-1.1060398890928234,0.4263851349512382,0.05985438515402606,-0.7775171761081564,1.074496504571331,0.39149647876132415,-0.2728834852681665,0.21424242464781926,-0.6080983538730101,0.6147550096533365,-0.45840385844771503,-0.05693779567199658,1.5269502113745157,-0.3242232988849972,-0.6237106330493043,-0.29164424512919546,-0.9528664370174076,-0.08946744459133633,0.3446994436182435,0.4379411808640835,-0.07741879872535626,-0.31398856411126413,-0.20475653736742283,-1.3372406722996701,0.18717457115652447,0.642875382236494,-1.1290495184988674,-0.7678681156587276,1,1,0.9673711437950171,0,1.0
411,-5.235655019272237,-2.2030324739402576,-0.6427754257942582,-0.8148340448070631,-0.768883658795588,1.4958805264134505,-1.953062422980061,-0.9515677754931815,0.10831610559828707,-0.6950753746722766,-0.6318815515039197,-0.5380375876142877,-0.5700420605176602,-0.7432813651763186,-1.4783185180561742,1.3337594489221527,-0.05575504288182089,-0.08393796123552523,-0.46635309621907295,0.5616795795255496,1.2620869280524867,0.607021447314194,0.10072268012049108,-0.74276793311319,0.8524751816770474,1.2138420852050256,0.14039944423867232,1.5321145551410111,0.41466676489964793,1.197806924200433,0.492352595258786,0.08596252715780983,-0.8888517775244816,0.6018224295114106,-0.4313995403869822,0.2797822264890464,-0.4885236307735713,0.5737937061377694,0.501050812105085,0.22095057136764962,-0.9027106116519841,0.2908204744559169,0.6660229278991477,0.689466150499186,0.6581585803763207,-0.058339291763839334,1.0339370317263075,0.15734734666205996,0,0,0.9856428576181866,0,1.0
412,2.9734226289929326,1.9518735962704186,-1.737079895069974,-1.0072558944837189,0.176912770404293,-1.1257964928447517,0.187351760769467,-0.4448143316903406,-0.3876283500411981,-0.2982681490330495,0.8174313733768924,-0.73802655686023,0.32623958067018777,0.17166384245843247,-1.0693747309847128,-0.11532252830134948,-1.1585494267827592,-0.004396753868833627,-0.12779001693269346,-0.7214000673556467,0.4805475640075976,-0.0020064517459300966,0.37388262675332373,-0.3601283151357159,0.6691823641868523,-0.6170845561915053,-0.7415469283097756,0.3072247857381362,0.501260646917645,-0.10020152744567185,-0.5734771511220046,0.024059306833673206,0.25747138898678884,-0.5686254298935279,-0.4178355137189164,1.8720079979442086,-0.10903511049228129,-0.02271369123377815,0.3826020825804188,0.8699976040338893,0.05073714897985435,-0.9549537507587469,-0.582852457416001,-1.3498414560300203,-0.7008538053329214,-1.0035545342530954,0.040017394642081816,0.03344933914307598,1,1,0.8791884079673647,0,1.0
413,-0.08372245599823162,-1.319455566526596,1.032383081479126,-0.00850954846574833,-1.1079030278005508,0.2892056686991858,1.447953763288925,-1.4324040411303418,-0.36765204787833383,-0.7905224650740444,0.9109010069906603,0.9644950558630969,-1.093977977839043,-1.189751739161188,-0.3930699284519918,0.7186908665367836,-0.6573501260045415,-0.8745108537852778,0.8585250738514814,-0.018587209964004297,-0.7325924470430655,-0.15678858504008475,0.46659105796736966,-0.5950115390099203,-0.6641664646981608,0.44639406408106713,-0.7081220339310603,-0.18356211174821402,-0.24502895365214447,0.0954404940152643,1.5305145557000228,0.2083130409200951,0.546396364694714,1.2655912359754569,-0.5006655759039855,0.5284568439415583,-0.4228129831126245,0.4429082245356012,0.9026182544888002,1.2150061473214098,-1.2157307063485374,-0.7297808799769117,0.1574738581754215,0.014974782199837675,0.18771266100471118,0.14262383845510876,0.9692205338538095,0.13467284831485668,0,0,0.5688735923180083,0,1.0
414,2.361765911185403,1.714456490459049,2.4104337816676464,-0.9162466388009348,1.3743222550443626,1.027103403763246,0.5141391996364434,0.022298273315108533,-0.19480587018641624,0.17080559472102252,0.5755232650362039,-0.2900014796157416,-0.3377844045605719,-0.07055007774681717,0.24726938491258285,0.09394589731868559,-0.00549266696484993,-0.7806758466218336,-0.19780442840328413,0.6172497937279404,0.459815988313323,0.6994862795786698,0.0284686772927504,1.4125685201400944,1.1812727732734598,-0.3080724742918692,-0.4248778655351071,-0.31769047772757175,-0.49077819356671365,-0.22431229621973037,-0.2088682408852994,0.7733720947978279,0.7472178108708056,0.44428276661021093,1.8808761457090049,1.1477294851782782,0.03724928048070685,-1.1983592307258566,-1.1274981640730748,0.6476442426048871,-0.4339522565891651,1.8534556405254852,-0.7228207303593904,1.3663785010623608,0.3364278052287301,0.526302578358537,0.16182302588204417,1.888764961957243,1,1,0.8950460754355548,0,1.0
415,-2.7836095922044324,0.9878971701096199,0.06936284858403824,-0.8649149051082546,0.4950931707444989,-2.2510183299941766,0.16382404488669233,-1.1468443256385579,-1.1340482898246496,0.30638889489962035,0.03489727052634517,-1.3958646000232455,1.1579183617028195,-0.0022333867753504505,-0.459009349557292,0.22358270142401612,0.3542605444872437,0.5649193408004791,0.865281438474068,1.5221333065679081,1.4237204615999763,-1.1426679343381727,-0.12520547383715555,-1.147463127753873,-0.7191806390150968,-0.2999427699989633,-0.12951325537023653,-0.054006425885435305,-0.03679475849521449,1.2830190290658572,-0.2925889138505973,-1.238825153406604,-0.2729791800884285,0.393964178228862,0.4765512197800198,-0.9910812826256291,-1.0372191501659829,1.9109721062805687,-0.08267267375314241,-0.2923047799895948,0.38620846087843747,-0.5303821709117085,-0.8169366362112102,-0.5448309880290481,0.13136269430595088,0.7228617424252665,0.20673192954581124,-1.2251240115804198,0,0,0.9147693176210034,0,1.0
416,0.8114207209437794,2.633263475174897,-0.5242411371176292,0.34972057189330097,-1.702171818017735,-0.15428507656504142,-0.29835861535425656,-0.6002625410487378,-0.6588858434127245,1.8318047960719166,0.9531573858345953,0.17353826440758588,-0.5975538869427195,0.9272440356694343,1.2881655265295222,0.5701009829790012,-0.11185961772862214,-0.8265774122115865,-0.6593766421651288,0.3291591380756601,0.959109926106715,-0.1626999495756229,-0.7927732371075304,-0.030767342906490917,-0.30766032657525233,1.151825939842868,0.4662399993879406,-0.5721683477511772,0.6885480464457228,-0.9887195176552968,-1.5074946058576506,-0.4793551316190774,-0.22676917146233352,-0.7270282687796664,-0.16271455162782678,0.7000986229017235,0.32714801349905087,0.03251156330625903,-0.8814046060252392,0.9113611639860721,0.3346531219487446,-0.6022085252566316,0.2314668837930989,-1.233637557372346,-0.23353758836219418,1.462967823612254,-0.06893763255729811,-0.7300421462645872,1,1,0.638119753461662,0,1.0
417,-10.346490611350399,-1.1708317295231203,1.2662281821433803,1.0983708396498595,-1.282140078924686,-0.798567163898988,-2.2981092598426947,0.9419107323550229,0.45240221602062664,0.08042262720265854,-0.2816876463041349,-0.33130049986932775,0.6695181408760517,0.858551118873186,0.6371957411936555,0.08890003111860964,-0.060906271493879956,-0.2733446275372352,0.12951077648513168,-1.1739879571378251,0.6335940528706244,0.6415490957607968,0.46160912454375064,-1.83270532121909,0.7263790220023681,1.6251961430357458,1.381160496775206,0.22389188550428257,0.5095719426889647,-0.04391926851838284,-0.9616998122628477,0.385105780182906,-0.49465925644809355,0.11053080293127067,0.4197926196247058,0.6370017373706448,0.040497140386189144,-0.6004785487903771,-1.487525515981509,0.42158748024347326,0.5194284871600735,0.11143470709128254,0.830776891762748,-0.09864756856004914,0.05774701142529036,0.8939818320382134,-0.41498308299008707,-0.025656526268776177,0,0,0.998668815404555,0,1.0
418,-1.268719329105356,-1.2638396461035493,0.4997523477326899,1.107597845398192,0.9650454876174577,0.6208568186962392,-0.31613295598408053,-1.1432089750861345,1.2592627832489565,0.07189053741186385,-0.6953070563560736,0.1279795992933878,0.7622647726194539,-0.6273540845146494,-0.49788575066235635,-1.290313783733837,0.7671669716083496,-0.45974625757598053,-1.7314057130868377,0.801347031958598,-0.21562571434412037,0.3243753404736599,0.15505705165065872,-0.6367918805264784,-0.5951496520319598,-1.563746767836063,0.6684343164261847,-0.8783242228975483,0.24823562822300094,-1.4985766923145118,-0.5626151387658254,0.1571476875348661,0.8256946628719298,-0.28743674264918095,-0.09170576464043764,-0.529828483473312,0.09837430076628326,-0.8501914216549622,-0.4256769848265478,0.8710091602649147,-0.07644647819983323,0.09797364354716191,0.3551012368337692,0.10250924506610991,-0.7220503256140798,-0.4043970901289615,-0.3746023370385794,-0.7242702849878817,0,0,0.8238768569487934,0,1.0
419,3.60511762289059,0.8446523874086211,-1.7954599187964972,0.2898941657511695,-1.4985399343704149,-0.0952562950486649,-2.2923616520360306,0.44475213541768416,0.8188600577479913,-2.2526828663536778,-0.6832205208279545,1.2594440625115146,0.30577085338195475,-3.282673089131762,-0.46773328127023756,1.7965310926590858,-0.18494243363295568,-0.618995571760055,0.1497356157380505,0.02393999148213464,-1.9959189702384552,0.2769182740778291,0.6845675829520222,0.5848143664096909,-0.6543959771660728,-0.544364631666187,0.049993153259715296,0.004871633498415674,-1.4570920848777464,0.3165295662776351,0.01833399792284106,1.4593763144670442,0.2493558091413314,-0.47435339767912393,-0.7365909263160506,-0.9366038654448998,-0.3224186072938803,0.6723549854903293,-0.07059773659246743,0.45306529105900434,-0.48425508450327237,0.6453155265373384,-0.5265195705460569,-0.271453756200541,-0.7561617484555814,-0.3095899525373282,-0.1693777934854201,0.011940927775355973,1,1,0.9461233945453569,0,1.0
420,-2.6137859549667994,-0.42122751965497973,0.29364356447604517,0.952387520883399,-0.37330881576304026,2.146285633339878,0.14109400133093378,1.5265777327221548,-1.2823527537781947,-1.467670163489922,-1.7067340649396237,-1.2832488624671945,1.2024271646083353,0.06821010921406646,-2.251045159726335,-0.4162419289529462,-0.2301255583684676,-0.6992809738014987,0.46827834693155995,-0.020663315839996404,-0.5532164775928121,0.5776043864598643,-0.2937863116310216,0.9097565518742519,-0.09035867430403972,-0.6354137305892221,0.23215472698252193,0.9959604658588845,-1.5473494136724124,1.0448095778336126,0.6108180973851007,0.8917847208431442,0.7601689457418934,0.219098507840678,0.060288719793061836,-1.4846176876844561,-0.7567950328657382,0.09229220204550427,0.39611545619699284,0.25336961133990776,0.15153373285526364,0.6798474056975885,0.9107631696470797,-0.6298932318152355,-0.15832643538071026,0.36996426667570403,-1.0137309237631422,-0.8764173608333445,0,0,0.8705766927315483,0,1.0
421,-3.0656171148407707,0.5875908732688723,2.109704271449411,0.6768103539538562,0.405709690498445,-0.3720311336823628,1.7570288295414336,-0.36744030002457334,-0.03761904998881438,-1.3883585167093788,0.12969189492274116,-0.3923073768179119,0.2901639745848124,1.203023864382256,0.87274361532868,1.0282491811691086,-0.5468138109296744,-0.10601658977489159,-0.14257822145329485,-0.91684909491713,-0.017204514550655338,0.6310574636560481,0.06179819453357556,0.06400045368266027,-0.20607083268428483,-0.9700783378322012,-0.49718346970341987,1.2089416077038484,0.02017925891975474,-0.6541129542207684,-0.6933590392578499,-0.38981099279220305,0.9885009697993602,-0.9561033834067647,0.378396462035229,0.7899179406400054,0.2462676578131801,-0.9123215320673693,-0.8795677120289441,-0.24514533938615574,-0.6386545701291765,-0.18221881505661522,0.7752522492898876,-1.089985516163319,0.29196519770335244,-0.7438459289741651,-0.13084962583194576,-0.16986535455224713,0,0,0.8910835561900862,0,1.0
422,3.0632130160965354,0.6305030494945119,0.10839233477772514,1.3037430991437933,0.9224397061930184,-0.5247594112648581,0.9987615246407825,-0.3728019133101029,-1.5425718351346651,-0.05215945996779244,-1.2824395143888745,-0.170232151467686,-2.116394170392983,-0.5609892608288585,1.5667387402405968,-0.7111881414979779,1.0897017522314405,0.46554001162535436,1.0747789159792047,0.918634690898006,0.8390452459648319,0.2259735469139652,0.7675996251179988,-2.287603764588403,0.865658605686864,1.03236037480204,-0.6238048646165746,0.8252655062990542,-0.29233367624025963,1.333156940264267,-0.9051783468193344,0.5027229666340963,-0.02602565768608839,-0.2263695110896744,-0.5784997386860319,0.5078180820530488,-0.0037044991615050996,-0.6119135602772896,0.8270633440668027,0.5970868488720635,-0.512890791864361,1.870930574578841,0.8265876306207115,-0.7402609128950429,1.3895935267750399,0.018371646616101668,-0.05395133505518318,0.17300094773441013,1,1,0.9734545555937667,0,1.0
423,2.8798747897490933,-3.11858313624208,-0.48114890463964466,0.6461307542216048,0.09434381911414408,0.5240673553590137,-1.3112252686067425,1.195963375040925,-1.7191925091115696,-0.7523835487358267,1.923533098056168,-0.13616132508948825,0.7045739099361711,1.1462568543368195,-0.5392434193506979,0.3833607280807932,0.4702910453764331,-0.7468997693837732,-0.25873725795509783,-0.4581989249504604,0.11304557204604174,0.531165737523072,0.7644384126431476,-0.00019925458078044487,-0.7821701201307557,0.5391047316430333,-2.3926644685444685,-0.858538865196076,1.0227091170964018,-0.9205795523138257,1.3286200271966149,-0.2750005168704175,0.2999173242135723,-1.010059190769315,0.7107718477018953,0.37596285953541414,-1.2366962853784578,-1.1977510306104817,-1.9768264701452132,0.47506165638240333,-1.6155982478874855,-0.19171502891746056,-0.28028770988473917,-1.047748165611824,-0.6483708224818399,0.23327499906156898,0.7248705627431293,-1.6153806454186488,1,1,0.8932459621997617,0,1.0
424,-0.802775469440282,-2.7182193371050367,2.161377354881729,-2.310050412914182,0.4458639248580519,0.21159763982740273,0.8440471401127377,-0.7498079505769569,0.0073748489445841356,-1.8678609129246713,1.284499206415673,-0.5295066983589606,0.6290898647885845,0.14725124512270815,-0.6561221474754451,-1.1976780738820583,-0.2312825178461108,1.2961434966746035,-0.6161847429220789,-0.5640859705213711,0.8439850084344032,0.5188041462564914,-0.23268781608550856,0.6291659215109854,-0.5912777393562623,1.6727436561358806,-0.32990368892400934,-0.6063817399101786,0.31016577082519886,-0.29079300732433244,0.21131368300126432,0.14413278786959002,0.3639660381329298,0.9258076846667875,-0.6054074224934317,-0.7256382775260455,1.4068793605640781,0.07501714962001488,-0.046462531595741076,0.25282863337114997,0.7188644168579112,-0.5750123516199677,-0.07093420184122154,0.3586067709570985,-0.2873875660511647,0.9880611741720129,0.4597992084785848,-0.7125543471877527,0,0,0.7615616504036052,0,1.0
425,1.9233928770333755,0.38792363648914546,-1.030128861659834,2.0426602131692615,0.6593696404371028,-1.9092882259726274,-0.3643687718277909,0.009102422390041564,-0.7593535384487399,-0.6042442148903947,0.5362831187820296,2.2618389826686403,-0.9872973167047289,0.5045352903700021,-0.23133021512320667,-0.0776243538877835,-1.2163829926719392,0.6965362450281742,-0.7171525278910055,0.1674560359923552,1.088410672930714,-0.9135720961311872,-1.5185296965393913,1.5245828179011036,2.136541357417852,2.0871976755267108,0.3037110167081331,0.7377714514338491,-1.0950574370671846,-0.667532527182402,-0.4238561158492777,-0.2599301688985195,-0.10353952380716072,1.631316355883943,0.011005266882885795,0.23088887195125032,1.428146938270353,-0.27609177475748303,1.2441171350278248,-0.10010810500447818,-0.5094895744464871,0.9664660928423104,1.174240585476931,-0.5344727819545213,-0.02173550306740481,0.016805685268695924,0.105525774734272,-0.1791770572321204,1,1,0.8367860065001231,0,1.0
426,0.9804142394984104,0.7613697911963668,-1.7702006353443647,0.7683472727732416,-0.2631269193175824,0.618984089302614,-1.1324920576971822,-0.4515000624482107,-0.5680866949384515,-0.4531901321980025,0.28763981830850616,-0.4588408946499352,-0.39359325060446554,-0.8050271623031223,1.646671073815573,-0.3634177695514298,1.0141246966329982,0.23535463733929451,1.2941069470945086,-0.7710042881346747,-1.1566073921460436,-1.5605167487177147,0.8578474213262268,-0.5072612411385093,-0.8942569877950053,-0.528320415523853,-0.3643891026090647,0.48396751947621874,-0.9317512436781267,-0.8906265687485638,0.16020208626578436,-0.08902107350948346,0.38978728883579405,0.6982165261153447,0.3293167801535403,2.0769503140380206,0.0011117125061383376,-1.0488244165672869,-0.01895361305723512,-0.7093867205501753,0.05403115705743322,-0.34388096056520995,0.5474805849509189,-0.07481143875847791,0.9123902722233118,-0.1715018271068347,1.058228541030653,0.1572128666163642,1,1,0.582597666403268,0,1.0
427,-4.807045500671791,1.5239544917408436,1.0452529479756216,-0.16686211023177258,0.4089670697022838,0.7040825684015489,-2.318316417799669,-0.2669917812098259,-0.47915439043921426,-0.931907438289453,-0.31183746680923213,-0.7225750328724604,0.5280216227226685,-0.31119404908356796,1.1919158368868201,-0.6459163241659509,-2.0052985727376176,-0.001977011992933182,1.4917060888319864,1.0874050325432838,0.28400712853931764,0.17682721105501503,-0.20036225945831995,0.1909227410352911,-0.12571556783352497,-0.03349447956206444,-1.0776861423363706,-0.47858642284873837,-0.24199954246339592,-1.1853364604915135,-0.3868486211410581,-0.4443910007199739,-0.19853905082039217,-1.0611871697848039,-1.1149124361173097,1.8735280514381274,0.10686595601390729,0.1413617217938198,-2.1081056544545493,1.3213212654315103,-0.5361450947816033,0.9560315798479507,-0.510179738875737,-0.3699324700301091,-1.9880269815715172,0.045384162604069134,0.9887914151491054,0.8076199062390277,0,0,0.9637647148359603,0,1.0
428,-6.901743081966368,-1.2412267365664904,0.02389890547273136,-0.19768379299520253,-1.4814835209198112,-0.611819109772832,0.09725378367384731,2.183020879387958,0.5785777997681406,0.30642340435804766,0.9031063481962607,0.506570095574322,-0.2766967100006097,-0.8370660144346815,-0.12812563398963017,0.003419513135759929,0.7425166292951395,-0.6296831924086383,0.09052386949867629,0.24722782245592254,0.5015084672843219,0.13524995034745635,1.0832993581629624,0.978705658714486,-0.34039940480067254,-0.9994320711003911,0.8506744345467224,-0.050287242819425586,-0.16267151754513504,-0.7534044626052551,0.008098012008386425,1.6611393141142239,0.1444035202488272,0.14611519025519032,0.6881141214439149,-0.26115661337260065,-0.8459878884567568,0.003085390147693044,-0.2330543710707495,-1.597997208728937,-0.47496061319533156,-0.054145139726316634,-0.49510251552453466,0.32559230788069454,-1.1594211300132538,-0.5237795519293974,1.264142991550867,-0.17773912062492755,0,0,0.9971562289722241,0,1.0
429,-3.198694346679134,1.7380605783849756,1.374680119842561,0.41441897144041573,3.0981622608917028,-2.1099693284740244,-0.2274271293247907,2.5814606989988023,0.224935543306453,0.1406342747587495,-0.4938331609646632,-0.5612529148879302,-1.1488221538186338,-0.12253754342281334,-0.6498631477235861,1.030406208341374,-1.115850635913613,-0.6736750264139904,-0.8418635236261084,0.38628554450770813,-0.7501074169003079,-0.8971196704365981,-1.128644059542909,-0.0065072241495710715,2.303522868712149,-0.8971141853267506,0.27240335671533,-0.6884181690936837,0.3403654795723228,0.5410483745016148,-0.5969304765066692,1.1281752749113163,-0.5046651046262808,-1.3476146323286606,0.2834256929397197,0.5794855982006334,-0.14416848841074265,-0.13808301580244184,-1.2945960977500435,1.5544737890583566,0.4985184379550826,0.4936327891642449,-0.013949411282579354,0.46266104118482804,0.16089393464466206,0.13345948364956436,0.8680495272638847,0.44407802329367546,0,0,0.9417496120938967,0,1.0
430,-1.357026002473031,1.5878764080182137,2.1927694019638153,1.6371429893980172,1.583966386126935,0.9297378798586569,-0.16466555524588355,1.200537058512443,-0.3088059867791421,0.6045631176293245,-0.9090327487727883,-0.2506354003423315,-0.7636864777137192,-1.2543930282530995,-0.2327282415753868,0.19515705784877918,-0.12490103167711526,-0.424449990276635,1.8063179281800237,-0.510346000373706,0.6842792695786899,-1.3903643805723396,-1.6060195868276101,-1.049404162470664,0.977633300801004,0.2430088054543838,-0.4057207830990832,-0.8953244413446805,0.9088680841245064,-0.8292602783982425,0.9688081813765418,-0.23182860141376846,0.4466225158716927,0.5589482086309971,-1.645537481906472,-0.832051010990598,0.6561026981349922,-0.5479673266760542,-1.997745016775123,-1.0837404294186594,0.07704633153348785,-1.2165361885045936,-0.723344103084125,1.2677078907059764,-0.839240358695291,-1.2518029133404096,0.625508191674432,-0.6123854534858598,0,1,0.5016701369458993,0,1.0
431,-3.303122249328883,1.1445905890530443,-0.1479243000070528,-0.40310453860488565,-2.5288301856244804,0.34911815029719284,-1.65941067708799,-0.41764335564600874,0.7334301302301865,-0.3901282524839304,0.5501587957613522,1.3480892455573117,0.23712714312294092,0.013815504689604777,0.77304035061713,0.40797198667234186,-1.4191754623248514,1.5787717401351673,-0.17611841630717712,0.6520795659764771,0.7828663636793695,1.1806887534452053,0.23627584773498045,-0.17337437714220144,1.718037118789965,-0.7937605037076574,-0.7331309478245502,-1.5763015102741293,0.6515945661893026,0.025444736548533665,-0.880114759508342,-0.782249989284947,-1.1084246635778288,1.2144025173850663,-1.315603559637875,-2.03709540439146,0.7992095877612287,-0.018143797524578117,-1.3872059533513998,-0.555953880656956,1.6541434730387419,0.19639386668608608,0.03294049969554081,-0.9437340720503856,-0.3190316846304536,0.34282866226364583,-1.176091447967475,-0.9245546931960456,0,0,0.9564914046208065,0,1.0
432,0.36069375482395644,1.3982271611103534,1.268787830268649,0.6899125157640721,-1.2059044450551757,2.0001521684957764,0.6881763190870474,-0.4265602302802773,-0.4414722542068044,0.10413864364602989,0.40120501039636913,0.461592279163559,0.8595998932533182,0.4810413458307908,-2.1869020760275055,-0.3299152193592408,0.3741955994178875,0.16303617171743967,-0.2758408307586023,2.2422373491237195,-0.9156328934164112,0.6102733969320611,-1.2269216773054503,0.9176237755556548,0.8913708131714551,-0.6038879331165984,0.2737633839917406,0.07368475354417595,-0.7542209651132059,-0.07116747629606208,-0.17552636496777135,-0.6917258980163691,0.658326207185702,0.11920990728645246,-1.1432326997063047,-1.1179489388293957,0.5864496456412623,-0.43222490824112864,0.4265718805561301,1.0022237366835076,-1.0900112049665753,-0.6198939622724905,-0.7600760596916001,0.3490068765893698,0.5291325961299315,-0.6669111034351062,0.7681895427986409,0.4675558427295848,1,0,0.5550363474796919,0,1.0
433,-0.40039250261591236,3.1311877664040964,0.9349624983111519,-2.129826707695162,0.7555911007846676,0.8642437640408422,-0.690388424016928,1.492959334417918,0.051842388560418756,0.7723112970406816,0.49021729747062587,0.14367368827499957,0.6631561181234793,0.40717263718854063,0.7091124525019166,-0.6306791620970639,-1.557324722594891,-0.6029120505750435,0.210509571884334,-1.2023379752742935,-0.11486070142218627,0.0010638933151058602,-0.38522236759841333,0.8456251180288652,-0.40812564537802914,0.36151361460222226,-0.5835888314195705,-0.4616527387279694,-0.32925876869388215,-0.44439812551040786,-0.4504273615646456,1.0380581673507825,-0.665832561143848,1.784688053747475,-0.5895060947414641,-0.46470788742979013,0.5707438819446711,0.17413512467234346,0.5647132224326262,1.0265473552386235,-0.24922826288393418,-0.11012052488078553,-0.9590178601527908,-0.9773986172979925,-0.05807653418139189,0.5504388452544028,-0.24773428268280007,1.3320913478187022,0,0,0.5453508423249008,0,1.0
434,-0.6779553549824743,-1.330324771846971,-0.9708978003579513,2.9808004077232995,0.7880177263662291,-0.7386691189525747,-0.13481504400541378,0.3713562976793822,-0.23882515942469076,-0.6953737779095106,0.026152473703497273,0.16591722506350928,-0.7217670619819729,-1.0191286621408622,0.28075560769739727,1.8971137426042688,-2.0023094264327987,0.09400582188984002,0.326396175528558,-0.6841410552916464,0.5026469084503508,-1.9339500700866739,-1.3504694293419424,-0.25397037096049907,-0.5720037856992303,-0.6858337040484801,-0.6622263822751935,-0.494798402873532,-0.7398496481419907,-0.9174597918208628,2.1884035392603467,-1.2984642933250827,-0.1374297223134009,-0.4084680360083368,-0.26121621812907486,0.9489316340593255,0.3225222805189779,-1.0672606984606248,-1.2561904487430213,0.2502233922936881,0.10297612590494801,-0.9048666040826719,0.3419549084850068,-0.13597545443095807,1.3171961849126854,-1.411080506782238,-0.8901890085381572,-0.5447810473010187,0,1,0.6130001933134961,0,1.0
435,0.44523646256009153,-1.3607578494611015,0.48677876452370933,-1.0544401595479536,-0.6100921685718658,0.3310318844752217,-0.9509850648827972,-0.8544721424826798,-0.2788272423977017,1.2897691048207505,-0.5453430298377742,-1.871310595031254,1.2854967652243732,-1.1623309053059556,-1.0409417654102768,-1.3363304038405843,-0.9008251471172156,-0.3072596518721536,0.03701456532067804,-1.3482945797558408,-0.017919639839072153,-0.9593136342064634,0.055408610128083166,0.4810994245890579,-0.6054922121632317,0.2243752223465586,0.4986794202717782,1.0779906770895695,-1.0724238868454934,0.8455730392319994,-0.3403632820257199,-0.5816249009046413,-1.1507330061197314,0.5018635544495104,0.6058982389799791,-0.3897187261766963,-1.4154796708614268,-1.099309831432118,0.5806981154768799,-0.3601301317056999,0.47647303200286417,0.31551867476534967,0.14534095302431693,0.35093084982457123,0.8060791151769612,0.03337489750360788,-0.2917113661451768,1.0480586547977289,1,1,0.5596298037383782,0,1.0
436,2.512577735620957,-1.7442336566802379,-0.3822228718051021,-1.059008658821934,0.28570308936354294,1.6729232439238078,-0.06648366212192275,-0.2758402653309657,0.8528313401748272,0.16689074919698677,-0.400198258204338,-0.5078942459020848,-0.4684497722469029,0.002890806413667519,0.7868753064811445,-0.4925549463726999,0.4376374285589957,-0.6566650193414918,-0.2931118309848469,2.303144463528254,-0.6972535732014091,0.766606134990353,-0.49548661562337226,0.775293746538778,0.6307803122388665,0.6784430163760874,-0.14682992915490328,-0.8988992572746675,0.8792750489343565,-0.4575985565918906,-0.5710546110513246,0.047048769433552656,-0.19356388689607076,-0.017212164013016767,-0.05416324168038973,0.5846889082135599,0.6193864772910332,-0.14197034623475496,-0.754606503014285,-0.33877730006670487,-0.7427057193165769,-1.9115436710454725,-0.3906160307516537,0.4417152354055749,-0.1749762837124589,-0.5978836063898091,-0.8096901190485043,0.2818236247081601,1,1,0.8493307186173977,0,1.0
437,-0.4999391498390462,0.05782413194055146,1.1709166320596303,-0.4376148115399184,0.23515111358880983,1.3394026523062201,0.29973744710190164,-0.5783794433840895,-0.8049296313041202,0.10345714961105597,0.16170594798459814,-0.36069376096212324,-0.4660665729852479,-0.6636730219487387,0.5456334545600635,0.49324511327445536,-0.23625364531718576,1.2079567950819732,-0.48590112851413314,0.7636268931403524,0.3241329399660685,-0.635100767504355,1.1050823201960847,-1.180656651101013,-0.33463720132300456,-1.76098199963694,1.270115650233561,-0.5793563008176231,-0.5404828656231043,-0.6068452874474605,-0.5477048096730163,-1.845230448437423,0.18245841702083285,0.8666253954983957,1.4895194620427645,0.39880016870597657,-0.5650750078460092,-0.8043933768925168,-0.40094941080788593,0.36992268528248395,-0.7199998174163065,-0.7631169832507456,-0.33881219230394743,-0.28398446287980195,-0.4035103796655974,-0.020938956453973246,-0.5906301514054284,-0.015428361539410646,0,0,0.7739463446988756,0,1.0
438,-1.933644524821705,-3.1235665293527424,-0.5423692779175745,-0.5171703106070182,1.2800574242156701,1.977453941506715,-0.22527218709770652,0.3259432061994756,-0.12485375920164027,0.43509717492221345,-0.8168593925413388,0.6489089602009822,-0.9878218025247872,0.07608424781071141,0.6105215580201134,-0.23715468417386773,-1.34285309713894,0.9501908616329504,-0.43945090097085776,-0.657670605992154,0.3306961616974024,0.5630060645086035,0.8675282920168113,-0.22419961353288717,-0.9077552353219078,-0.8309065583393433,-1.1395428123553153,1.1234318739303264,0.8269933378378201,2.1973419518837445,0.7333595017375336,-0.4014698970890039,0.7464216820364665,-0.09237225866047984,-0.7969924394653335,0.548386711248692,1.073744258399994,-0.15915943585255132,0.3158087445523157,0.12119438693804271,0.37655454034051544,-0.6314471666686201,0.2579493062445535,-0.2642364957449965,0.5783952758035504,1.759900509848346,0.468813048138259,0.19605910117969397,0,0,0.8889961829981168,0,1.0
439,5.172165851175187,-0.5557847398068704,0.2688911351339915,-0.9719321876914098,-0.2615681391328803,0.5960630878076483,-0.8287290838313338,1.1422217517850195,-0.24183823423598805,1.2377514476805873,0.9591505340290277,-1.2218178309275642,-0.788835037779266,1.6950102965553218,1.1452805265919852,-0.45986046166000744,0.971283625574265,-0.12134698155434688,-0.39539455936325524,0.6364285416102948,-0.3839108258965549,-0.6791409539495271,-0.32267862403874387,-0.05034832371945856,0.3688592910904629,0.5074944230618955,0.18933452219135752,0.46071272573256544,1.3115320583654728,0.3259132792789847,1.981659220707837,-0.4570908745198352,0.17137742092742828,0.931772050821598,0.2471629866942407,-0.4176830177775986,-0.3442886110944552,-0.6886600049615815,0.8106491632342002,0.6473890355064609,1.1830702786062488,-0.4316831235064058,1.7540096806940069,-0.05554977198794208,-1.8131757133769861,-0.24857202228135028,1.3722599853849244,0.08116450594581343,1,1,0.9782387550739107,0,1.0
440,1.231868798845571,-0.39860859498115186,1.3945610575619698,-1.1522608859316419,-1.29807147882889,-0.4349731783128826,0.412042637408301,-2.2961090850184376,0.09265938225508419,2.524685932005053,-0.20937723760854676,-1.1511106400302649,0.7142477347405161,-2.0169592165882526,0.6448984055654621,-0.1154381895191711,0.5763416417460999,-0.615209654694265,-0.28633988417214884,0.3192429950399033,-0.43394788396814366,1.2071869602032248,-0.058973467293409854,0.11647419368186653,-0.3939921280421568,-1.5212084778139217,0.43906848574352697,-0.8255381136379036,-0.325644018070367,-0.2905439253515478,0.28137692010724935,0.9370937428423091,0.2929656643676245,0.06618626150376408,1.045355208671771,-0.521888722049718,-0.6671092793954418,1.4963700443497485,-0.4964426186429439,0.5581569714719025,-0.30114807316088277,-0.9187872441291508,0.5818633151710491,-1.4485175857054424,0.1669689286015563,-0.19283852115255812,-0.47540640584630783,-0.09321866879080316,1,1,0.6550823635182453,0,1.0
441,0.18602757948490647,-0.08060103779018205,0.4493584184748668,0.8617580138110928,1.409320813620936,-2.0248475129964514,-1.8287141200314714,-0.1343091919979758,0.08596638019718982,2.030670116819958,0.04559865437896621,1.648478338315137,-1.2998778819748409,-0.6533997305334541,0.4166547829908054,-1.8757769596137497,0.1359661093892375,0.2319354250831062,0.9474508539373582,-0.30737925902479424,0.8723833649845137,0.1307211439672462,-0.4656090089141361,-0.45770082833759373,-1.2289459771951248,0.6737426405349569,-1.0667813373284076,0.44668511428830676,1.722776330011409,-1.1322409317011235,-1.3322280662801844,-0.2426906621066267,-0.3546578940252899,0.22510575759953208,-0.21096778491789978,-0.8465532961061618,-0.5788563626623546,0.5875569613762913,-0.09656716276112194,-1.1983295540449443,-0.4481287823179149,0.6546761907411203,0.31293178474030714,-0.6204916637024821,-0.4066597069067243,1.024855192929317,-0.03181298272772919,-0.018399275283979593,1,1,0.7662386923079822,0,1.0
442,-3.6251357030910727,0.17909555192040877,-0.5899855169295325,-0.002932612172134475,-1.055226639744695,0.3272594072909921,-0.8447755348047759,-0.9347582640065034,1.9710604250912622,-0.16211234245178022,0.19642947631074278,1.691517231382803,-1.12300783520838,-0.6486166043042042,-0.5095009424688464,-0.4055937535602038,-0.11306965234095509,-1.271434239250278,1.4626640374285405,-0.021659631835532378,-0.8141157839656664,0.5999574277490555,0.7108336560841366,1.5434018153439621,-1.539585955637569,-0.3568231627312627,0.6239521609153341,-0.028453824106174027,0.5564536516683952,0.41963699944774674,1.0129345030079693,-0.4617604621602516,-0.5109805888187634,0.7027508998000898,1.2132044439956031,-0.13908629675663345,0.851523963083496,-0.3755227868231307,0.1700292843055687,0.742446053749653,0.9381085191016161,-0.17661065594264164,-1.3344478921758145,-0.9320933424595109,0.25528182100865254,-0.48450424826850697,0.7850301390471692,-0.020258714879316544,0,0,0.880994887330102,0,1.0
443,0.7252284258448819,2.4904539748987395,-1.4858955482747709,-0.14585169449464655,-1.1831642522877988,0.11120428147755036,0.709348950436779,-1.25713684105355,1.0542379679685614,0.5350763110229212,0.27940113823583124,0.12105077051650015,0.8958798069079642,-0.5054150469934512,1.0458091829110405,1.0402973250404037,0.9472181355310497,-0.3126808708961268,-0.20121988050486933,-0.6691389158296331,0.6052856121612259,0.3413382290816811,-0.9480632974287395,-0.5003007767679986,-0.29664229608711684,-0.7648736002808372,-1.567726592567739,1.4017400705266412,-0.3327896784636364,-0.5109943575536628,-1.1678746772226278,1.2965148277464142,-0.06377247275833783,-2.607381774914562,0.9473977231655274,-0.23756217730448995,0.4468304570692666,-0.22781249050778848,-0.05491929770571657,1.8608812221708815,-0.8215269159102153,1.3336788388062588,0.6186578950421173,0.4217281581661611,-0.25595565714578483,-0.3972158838847233,0.569604197579301,-0.6605126570751116,1,1,0.7277206161156682,0,1.0
444,3.602641106921538,0.002661796244239711,0.5694681146536015,0.4666272614032028,0.3221601092771586,-1.5089572117551484,1.378029462152839,1.1003436591102254,-0.4151922122440343,0.19195788703756964,-1.1054654711559584,2.1999191808698124,-0.024384747614091918,1.9191790232915342,-0.7121829122135386,-0.306593028060249,0.5780370331306607,1.2068419320995158,0.4966817396462299,-0.177625002650641,-0.9905616419312735,0.4326866520008488,1.4730614538877316,-0.5756955446238846,0.47084121831729137,-0.11373950462357858,1.0236263078434475,-0.12150093883206547,0.18765924619975552,0.47044724291431145,1.6431134698539944,0.38029866571385523,0.49919217313396264,-0.09441338042989886,0.5809772720618848,0.0008997066482685661,-0.47657753432512623,-0.37104050808065236,0.06988989238805063,0.48370286170141497,-0.3172736230150809,0.3864548018629096,1.029959853848213,0.5180543221670324,-0.5413114957778715,0.3179792508286835,0.5302792422280311,-1.3416019035353979,1,1,0.967563825099212,0,1.0
445,-5.169806687651518,0.7643851694610607,0.7213713124480181,-0.3012756475440829,-0.8012876499564657,1.8115527243807628,-1.2231460117706847,-0.8280325679608314,-0.2813910218036884,0.025953235313120625,1.155204448841539,-0.6026161932293519,0.349713951974743,0.2451529538952408,-0.41509978290122546,-0.5060331623857772,0.0841494103453574,-1.440706901615785,-0.05445539033616296,-0.4709001679431527,0.1795061278743422,0.6593586264419767,-0.37003752369239334,-0.7851932422012872,-0.7111319887923756,0.4664051181119706,-0.4027914431640795,-0.8013292983262292,-1.20278548800867,1.4952220075399205,0.3087463148551476,1.6552615210756179,0.8499627448005775,-0.15465658739822802,-0.07500415700738276,0.4486511914756627,0.11952227995223272,-0.6408561122743803,-0.34283691620346324,0.1413418918777755,0.27418239468291294,0.23911611768111116,-1.1783829722513792,-0.42132585170007436,0.4668144630053096,-0.823535936575661,0.2929586388862041,-0.43180957025367683,0,0,0.9879351860391036,0,1.0
446,1.5415682792182792,-0.0928962048528589,-0.3424541104812157,-0.6187356676180599,0.4487814106030217,-1.950782817616089,1.6177891204481218,-1.6945789127883577,0.3907562485447671,-0.5061933956954133,-0.533142785976779,0.5365398183993385,-0.5993394170448858,0.9904557871792882,-0.183047099526699,-0.2956024651012207,0.14948799996052878,0.26128826776830916,-0.21781332673461765,-0.48081127436454757,0.745884227098284,-1.197791777554641,-0.40934465946238185,0.9494615180492014,1.468221481428208,-1.5190638602176323,0.7568997190303783,-0.3257206192852478,1.5589731073361088,0.05524338637269752,0.295810894638706,0.14844417377272498,1.1469320129840659,0.19815971517874123,-0.04035724607188974,-0.6204002719388939,-0.6919481599027189,-0.35220740969024733,0.26458598403059935,-0.917484337462347,-0.07382716548274258,-0.7009048440465512,-0.8898481646457489,-0.8191512913093612,0.8134056505864249,0.2779148261006283,-0.7707122741544324,0.9092722470648857,1,1,0.7067478675914151,0,1.0
447,0.07851834739034935,1.383898364663964,0.4968555580853198,0.11107057205367554,0.2559161059435539,-0.0971551722917436,1.7939897331700925,-1.891859642267797,-0.2631678109123994,1.2017586584937554,0.24123130014417588,-1.1714950498387078,1.1786091168730006,-0.095204303605451,0.007642208891555485,0.4591491316129568,0.24761892101827987,-0.027490847269042166,-1.457393062588763,-0.5343589179136607,-2.329407139900474,-0.5618729791589294,0.13889878925115065,-1.5419175400532679,1.1733058222884165,-0.08446025908944065,-1.3837369635900012,-0.09421591494961537,0.46763327970658997,-0.42535670896730365,0.2657518794318938,-0.6346588889065622,-0.3214602567356113,0.1394668455504799,0.8338757890437611,-0.6682234414209174,-0.04479495508067146,0.30064201398902024,-0.09998164690827115,1.0011031126235401,-0.5106964069936636,0.5099017965962641,0.7037585636675544,-0.9005696524416843,0.05805766740806008,0.6309794841641855,0.5377917210833888,0.05034020846507526,1,1,0.714982866643738,0,1.0
448,-0.7840917747454909,1.3605259044115288,0.0990079788038616,0.4252926504833619,0.1478667151268901,-0.9275762249392222,-0.5341301407815116,0.012834273641300421,-0.31239559689250523,-0.5653427696256216,-0.8890085130417514,0.5366317028328833,-0.11523066443278429,1.437589224125234,-0.6967701096913965,-1.0290881271634398,0.9545955225577697,0.8539325214608015,2.1555549606284217,-1.4431380612645759,0.4728841748865088,1.5062740525772893,1.0101252205103037,0.31364326127592007,0.5022242824673409,-0.40238602288619063,-0.17719025036494,0.8146612800833483,-0.7764087783010338,-0.83757441516217,0.6427703311393932,-0.002890217730271602,0.744614387022205,-0.41416935067692306,-0.6842220885104685,0.35843227550963547,0.0789356829006042,0.9256222605212608,0.0776115351539156,-0.16633375556343405,0.14110319566254143,-0.2624087333907481,-1.565528756810543,-2.0809434230439257,-0.43278707460503446,0.3339821997534689,-1.0660417834335536,0.3886198648146336,0,1,0.6525516559681817,0,1.0
449,3.0825190275581127,1.1119631065762707,1.2028986285345686,1.535880229421787,-0.7818801882585429,-0.37780156933389436,0.2873070630915684,1.0036835953533225,-0.6717291244765047,-0.6827382950663065,0.16272354565496805,-1.3046084935490523,-0.7260222043359507,-0.05705744563676031,0.7339605006690593,0.33024512928416927,0.513643796050558,-0.20490171594019085,1.3752588046643008,0.5449280478777223,0.09890865850287148,1.5342047223129727,-2.561804706067992,-0.408659460900982,-0.24537100127963427,-0.350955613616917,1.071736294971939,-1.6238031815943554,-0.8109040061434439,-0.2715086322769942,-1.6084440219548333,0.7151855008321492,0.8282438967183635,-1.276592224780085,0.16604209133395725,-1.1336500062451196,0.3208920315319605,1.0255099262849348,-0.2198661024472478,-0.47449069481092926,-0.3728299448949544,-0.44508831375532404,-0.4142864050393376,0.9871693160258255,1.0341006070038072,0.18978862350003528,-0.9754749979644485,-0.026383837178932227,1,1,0.9404680824157196,0,1.0
450,-2.360513341628568,0.7199232351306516,-0.8879657762240548,0.11566107928512054,-0.5409603723195378,2.0628902036996126,0.6965747139213216,-1.8871526181334703,0.32753140862637053,-1.1701209761087976,0.20430701829696338,-1.10724513024307,-0.6488894651891253,-0.4747921422177921,1.3405532050974804,-0.3189601971073507,-0.5333890893815628,-0.98091192605633,0.1974155051399689,-0.7220155207790033,1.2100984086379072,0.2714917117584495,1.2547987774873564,0.38591857912083455,-0.9942080395138392,0.2378380546364266,2.3381044326694993,0.7716582104162261,-0.7442346666827092,-0.8826981485627277,1.3968277746026063,0.009695703584495032,-0.7573601286514027,1.6832353484579465,-0.13465403663761186,0.263726806427726,-0.8453170051058114,0.24662497695865992,0.3194881715463121,0.7282426759907955,0.11935502208508866,-0.1122490821568481,-0.7715264948682578,0.17310174099702713,-0.2388860492196918,0.704687096806754,1.4560925587492184,0.10119335849913258,0,0,0.8719667649151357,0,1.0
451,-2.064560996200256,0.5106019821327759,1.003259698300567,0.351605002092768,-1.0387614976427568,0.19530161809105406,0.6728588068954299,0.6014654784804422,0.40336173545023357,-0.6921900710812556,0.31063597646627616,1.2656337825418051,2.0222371211627705,-0.039182696520635406,-1.2245748837887978,-0.33349612490294966,-0.1007390336160318,-0.5205266274382642,0.6265198369036509,1.7774051241159676,-0.6590481472668446,-0.927909932001433,0.7616926520329637,0.7802867616975298,-0.23145885277928271,-0.8061580109594921,0.5886424152255174,0.8020811543415248,0.3149559955334485,-0.5196770709503833,0.6695172991266958,0.4162236633007025,0.5307503984541424,-0.5979698032239148,1.7148724709026508,1.4615673760611005,-0.5809292750091704,-0.1844725739976443,-0.23444007332709316,-0.1345309200798316,-0.08790154075991907,-0.6572531913373945,0.1048950751476364,0.5854259601122342,0.4855109708927581,0.49214460718645103,0.1047479247949386,0.28479284142764866,0,0,0.7936854877129822,0,1.0
452,3.768829472611818,-2.1197449752968005,3.66108203476101,-0.20820989908716986,-0.19158990676139162,-0.32110868455795866,-1.6873705867523037,1.4939593107713827,1.2428453160201893,-0.09468908216232218,0.35628038899620335,0.05219627596032846,-0.19685095250250287,-0.28397616391695313,-0.7856951104876253,-0.5528838518862333,1.0799869254005068,-1.533186442239384,-1.1510765263329177,0.36865541619175146,-0.481494214004377,0.009449231918192831,-1.1883255411068574,-0.9228267488351085,0.0017486802963237165,-0.024657306957328463,-0.8238899181539212,-0.693649373568395,-0.7167533350115273,-1.8567486028022966,0.743136969076561,-0.7476988098526334,0.5758773303419024,-1.4608818267871175,1.4681540861917914,-1.2259046531329567,-0.30121553489229125,0.9811701865299757,1.4418416032313859,-0.8363793562508454,0.973264801382168,-0.32944539853189,-1.0999304779690169,0.10068665312536439,-0.45660123465302815,0.07546456546248023,-0.530763514178773,0.33824443857883174,1,1,0.943439329576689,0,1.0
453,-1.8682973079670255,1.0351907151012376,-1.6329596739219574,1.0369236617223365,1.0061951145072348,1.200081630430699,1.4096567724644196,-1.613405253821045,-1.625195287020001,-1.15676016909932,-0.29784134833260106,-1.1569857006606876,-1.8396050757748743,-0.5998272897501864,0.5919146037957959,-1.0148867337848448,-1.8208110106429354,-0.8528189164296595,0.39328375882788563,0.540678492450525,-0.44105496409498873,0.8598044758966746,0.6072668303677424,1.007024005891152,-0.01706657978492649,0.459366572504322,-0.8349527828658617,0.23917625723358743,0.5412194249001935,0.46431708571090796,-0.2588020563232643,-0.5881561738055985,-0.634928954393227,-0.03260746836067952,-1.6587238344285342,0.16255151676803736,0.5127957261028888,0.3685903161210583,-1.375712831860084,0.3205534435152184,0.49317687263311477,-0.3866134159188375,-0.725167520200911,-0.7604709973049296,-0.33610238562619627,0.28174589306239645,-0.5721683786253174,0.7757695197530026,0,0,0.6368263558732771,0,1.0
454,-0.37867040929451495,2.525278920672327,1.7856561571950689,0.3740401761973797,-0.8939269226822626,1.2432453640550993,1.6107754267732552,0.8437060151486477,0.42666183642555255,-0.457179748978435,0.20985926375974454,0.12706259418180582,0.9853682024687606,-0.16182379149844012,-0.37617694658503537,-0.31993695066198574,0.3270431086363666,-0.30288849839594195,-0.4744132078038328,0.7170447084592197,-0.33190271027325313,0.4349216054907223,-0.7470877669425552,0.17425729677383386,1.0612705757130236,-0.3671975388886311,-0.11013516104072883,-0.39927901096443535,0.6484099018814402,-1.0942952997308897,-0.9410093851494464,-0.557861579229515,0.023044283604948926,0.6035355375704579,-0.6820985080640882,-0.5331363080917708,-1.463601636478263,0.7563354918353645,-0.15720422235652912,1.0190771115696626,-0.5448543014017952,0.47430423910821434,0.638079094263147,-0.055588930112850356,-0.00014428098467859227,-0.6284041267247221,-0.007027428190863189,-1.1396634899261127,0,0,0.7650093878684562,0,1.0
455,-5.507398804148757,0.20124720556349454,1.9182619271791843,2.4060554049165868,-0.969379554748394,0.1033702296594196,0.6460697228129445,0.9032233987514844,0.8804997743461279,-0.5491615597753908,0.47851056369825784,-0.24084907316294168,0.9110418775821365,-2.105056593458014,1.148088909730661,0.7085196537185289,1.1861127601119381,1.2699471116706174,-0.3964623745323167,-0.47090575247352795,-1.0765526770571137,1.0765491404810548,0.8959520776662501,0.7708790279856018,1.5721096845067157,0.6883824779791603,0.07759717905541015,0.2612147752374165,-0.3519820181690883,1.1285531885722588,-1.1323344607686734,-1.156759932879036,-0.5061996513980893,0.003383008053735833,1.0898463611413531,1.0408962800730719,0.07120300668695523,-0.5745014143755404,-0.7797934917325946,-0.7212209626592571,0.5309880984294496,-0.07230616986629623,0.22074076249469296,0.1396075982758501,-0.05809549171474852,-0.4242345642194556,-0.755618989985428,-0.43417828738035136,0,0,0.9750934299404008,0,1.0
456,-0.16080582315123318,-0.6010897647282424,0.6315593649282341,0.6839731225935838,1.0442135766312597,2.3932393562808185,-1.208576263109458,-1.4168492994084718,-1.313374032300465,-2.9441771557163148,-0.47648370377209315,0.49127475667744275,-1.4298465877633892,0.7279200559545267,-0.9781294939288202,-1.7984218065210338,0.9960864804387669,-0.21617793496750856,-1.4684148183432157,-0.47928495211509003,0.13241537788554067,0.07572143411180494,0.8987936438734744,0.3455881697627616,0.5969047771531026,0.2935065507301655,-0.0077770283594637835,1.1230224400411875,1.0303664924303424,0.16290181803050055,-0.9696984306585118,-1.115992324534853,-2.1668216611179765,0.440746920743108,0.8187668769857102,-0.3723746218542847,0.9954146726540469,-0.3588138949867297,-0.15044342475317546,0.008228803946694608,-0.5880839654364137,0.9989156340671236,0.3052674707100837,0.6700070415309674,0.4350964360250313,0.9132218509744962,0.25974120731079586,-0.13770108334274253,0,0,0.5941538739047705,0,1.0
457,-6.463640161939137,-0.2953209120792451,2.680532260394902,0.960147419488867,-1.3408227288474162,0.7540380284661454,2.0625760276995337,0.6886886584565797,-1.0315908516317884,0.051579515517125925,-0.07883958441878444,0.8399101151183351,-1.311618462744655,0.5217240705016422,-0.1369324476358532,1.1370882719983226,0.5558504871999954,0.1378518669170752,0.2073106503786419,-0.08889326589359671,0.031318485259726477,0.6077678343740575,1.4409543553724027,0.44708056432650645,-0.6700659397088901,-0.5472561392862493,-1.8403338708908645,-0.3656307627818952,-0.06789465362537707,0.1287834934952633,1.6384466862387757,-0.4579788343531447,-1.503501163896672,0.16789736600810054,0.5241113565034884,0.31581745268018085,2.106063262844701,0.08840193168298933,-1.0052071082937934,0.5056907775806257,-0.0937284373991576,0.03205286550006823,0.6940068764706514,0.3989716620568731,-0.38556927963485316,0.4512088930777433,0.0010829193249862305,-0.3844924747311181,0,0,0.9882649206251551,0,1.0
458,-3.2168419688264693,0.19578385692877948,2.5985248482056296,0.22153777137054934,-0.12358683355334017,-0.3386826632190299,0.5601493792205899,-0.7116918730027468,-1.8014990751456683,-0.32087512719788974,0.9142203399490633,-0.24216875790999356,-0.7534025851522014,-0.5165448129088935,1.5489869992187686,-1.3773388847673096,-0.40603019682219743,0.43617664846749093,-0.018146032145149177,0.16865654538813477,-0.21819822771727382,0.21000630265027986,-0.630728045223034,0.6772572307299344,-0.9636520249695857,-0.2491530405335333,-1.2254620257136095,-0.1266203809543255,2.1506741753475698,0.03655608247824341,-1.2904725010484275,-0.026359733316708406,0.7783763669456419,-0.10198171693120855,0.38543033885063155,0.3777909017825618,0.8366303056825707,0.2778413050383903,0.682966921700458,0.04522619717295685,-1.6846591351471687,-0.7286054691068239,-0.0037702028205652263,-0.28785112112262723,-0.44454460668397594,0.49583447471464365,0.0306826811500115,-0.4451945917775462,0,0,0.7707779189555071,0,1.0
459,-2.6807382099937063,0.7047857531021358,1.5797000243827948,-0.17751670618219956,0.3667230699584385,-0.8591314508951069,1.397318324070019,-1.2243171643853985,0.9776752214745413,-1.7321360721047918,-0.7473554044997083,-0.9459542097745898,0.42054261831132006,-0.03530123468971699,-0.04709645060258894,0.10003972306042323,0.47540341181624163,0.005064679363576139,0.48878256919175145,-0.6348263878813093,-0.42507738635821135,-0.15173023265175775,0.41738639856654075,0.6987089977880468,-0.015131831280570822,1.0187247230887861,-0.30923630071174096,-0.6858115233017881,-0.6193039857149962,-1.212189272794925,-0.8233461089864645,-0.5924500951556801,0.6945653309438834,0.8215868760083824,0.06491544034830621,-0.5993423252739171,-0.10748099733856374,0.6091638580472082,-0.7932293938284456,0.13980337868046455,-1.9538050591640004,-1.068901901635481,-1.3010552301688836,-0.17387974748332613,0.22423641745446013,-0.40641258578611483,-0.8068055261790368,-0.06958361607098147,0,0,0.9100350786573193,0,1.0
460,0.42431116327899615,-0.25776013001790815,0.48213049978591893,0.39514929882594696,0.778045917406472,-0.9586099822375609,0.510613117665733,-0.4470485887773033,-0.7402432521033955,1.2060408746528297,-1.497805098952981,0.19811771749653417,-1.1875432422709653,1.3441687790419214,1.622463498807753,-0.9496108534304606,-0.3161838015664362,-0.6631536986285212,0.3129785636427641,-0.08008107372378472,1.0939832777193566,0.011197212839241215,0.61357111746895,0.313924343584243,1.1044817425511788,0.799294052705151,0.6935987072974236,-0.12562843855954198,1.0925792357433433,0.19076741432296607,0.16900487785639126,0.5509346243248159,0.23524882027773902,-0.6674814964581035,-2.380765968425366,-0.11841451180001764,-1.5035080372670147,0.38596486512261224,1.1907711184758751,-0.5604164882232654,1.4692606478848833,-0.9823457049091493,0.12985956184358893,-1.0810858634415583,-0.9708275836858665,0.3776648595278511,-0.7197715264095755,0.48680891867882514,1,1,0.7001913905390867,0,1.0
461,2.155668859072543,-1.2282571199345302,-0.7553686190404685,0.5306347598514839,-0.1092447250544039,-1.229556811223794,-0.11249807150766916,-1.0819540124190907,-1.0716993895962967,-0.3057502194464406,0.33176911522199476,0.11766375269759285,-0.28923315008976885,0.024365039294843564,-0.18748486590938532,-0.5951127154241816,-0.8004764113529875,-0.4170213789441069,1.122584117023776,-0.01289393372191898,-0.30082548407443316,0.10507563292301939,0.38051520913990655,1.5141100704168808,-0.1291816953032485,0.2778686175370472,-0.36093180025778676,0.7766345099824703,-0.37942517995949177,-1.7681824123886851,0.11164036609018982,-0.6211383765895501,0.2278136235059199,-0.559387892756375,-0.12599708789032218,0.8667509722883343,0.6755033803338797,-0.41138292338663673,-0.46191265829481,-0.17611071764060657,0.4355099178437848,1.709550420760405,-0.1201495015521582,-0.48362754639892824,0.6593684613164046,0.6421680209780901,0.4433817970557543,0.41904813261103496,1,1,0.763623921188797,0,1.0
462,3.595940167800566,-1.2421376649404792,-0.8080539125652894,0.9086209398496095,0.5309514831110722,-0.0060031925417645,0.685597596080078,0.8175324140614115,-1.1572046953376363,-0.5787532717095945,-1.152226942771096,-1.1934195419297002,-2.2892962322562345,0.10017109873336387,-0.21445885510100718,-0.3249647576624264,-0.050502466600011814,-0.7248125590233384,0.46059373712759727,-0.6664980405687266,-0.26667746004003723,0.6084726175742259,0.2010658985844339,-0.7287528772237317,2.5044589787614933,-0.569007880796646,0.5826673196113268,0.9139705037822194,0.2331072750354748,-0.6439030589176152,-1.5192990895104854,-1.6099314649360512,-0.550681009410307,0.8430008098276915,0.7669202850324752,-0.917778137926464,-0.4703382140879002,-0.7631903470652874,0.1096660929963546,-1.0758552690028702,0.5633362743283977,1.1912430014037827,1.4077854770912914,-1.5038547135813742,0.7371565583313897,0.4657138969802217,-1.2717197168269971,-1.361191065235649,1,1,0.9251854935142038,0,1.0
463,-5.838135888787484,0.32412807755545103,-0.41535537083178403,1.4347089597667524,2.008755776825478,-0.9846532075380032,1.0348802432167747,-1.8203633437300415,0.4175905857288474,-0.40937949769071313,0.5750495152853409,0.43668628982775176,-0.2579552610852352,0.5116605379329957,0.0355903391398247,-1.6084933863194992,-0.27968719264539293,-1.0050187948067768,0.7151841390291777,-1.4925059831664833,-0.42206521328385516,0.9494424881675448,-0.3425648055088213,-0.35603124760779375,-0.5804259019575545,-0.7534908151465524,1.0286673331148093,-1.0683239694380644,-0.3219761047091987,0.2162888906844925,-0.6671993451537612,0.933074422266163,0.9539581646231824,-0.476920135198273,-0.0038044600852105053,0.1727424080103331,-1.2758335550812485,0.15112482110933292,1.3668602555400178,0.05980616857712422,0.44362260370059725,0.40562683509440883,0.6454578433657252,-0.19824935472039878,0.35857928497888175,1.0279855914845368,-0.5485452725886607,-0.41747935285023613,0,0,0.9847608539068242,0,1.0
464,0.5736893258936779,-0.625354141608157,2.3212546113869674,1.1011710172288764,-0.5050554541593497,-1.450049716196764,1.4327826783067847,0.9580581061330498,-0.4479619953266291,0.472830707258028,-0.16868539168625943,-0.05946434166388932,-0.07291678038543388,-1.6519687445424256,-0.5778902809357128,-0.6195116347259878,0.11685561070111031,0.6541118198757149,0.026841674397773078,0.2790905372985737,0.7087392404585494,-0.11354243968100934,1.9128200843204732,0.6089869170081685,-1.2890901176427978,1.9138399181969554,1.2441853172861799,1.6875158760832252,-0.8891712573282174,0.2853171164090981,-0.20511265773834245,0.00697946908421849,-0.367690037986412,-0.5058675078259789,-0.3016792222845186,0.48207598888371495,0.14935278557912593,0.3043455360221484,-1.34192034604729,0.4038194191211226,0.46679719570114886,-0.9851235649550467,-0.007939880487992117,-0.2556586516239915,0.6581020760939086,-0.7593286143262707,-0.04053120916184787,-0.305770206254604,1,1,0.6198235333297443,0,1.0
465,4.657480575213468,-0.9647038269868341,0.8695947190323513,1.9931570575298019,-1.3885517371466536,-0.37574869670302785,1.158241779518529,0.6423651505568955,0.3538431937509907,-1.137107065909189,-0.9611908129589161,-1.9466346542161683,1.3546645135343602,-0.9785273584609382,0.38452646089059495,2.0357044757939313,0.4127131126536162,-2.4959850903845746,-0.3087754058891261,0.7608626234420278,0.8894992251383038,-0.06229444759963705,0.16192918943581017,-0.04171880638216559,-0.5224464489572073,1.7670749523664053,-0.1962884321272247,-1.5286699810949103,-0.5388309621082072,0.6809991431441815,1.2919834625942737,0.5594503445440128,-0.7935173340139191,-0.7460965885364367,-0.31977623549686174,-0.6852728424710292,0.23910502290397395,-0.5099024478511223,-0.40896368432294294,-2.2180750212006672,-0.17188395553808192,0.9158611378211089,-0.04539507109863047,0.28588679459724753,0.3312441268175185,0.43897566033944907,-0.459808098902054,0.17533686889452108,1,1,0.985132836674437,0,1.0
466,-1.6528244105448153,1.3680226589356226,0.6338307414896384,0.38437979554378965,-1.1811695591304867,0.1200620631208819,1.7599384765042818,0.09103049590450386,-0.050973299299517,-0.27692704642100713,-0.8790977473375707,-0.338055509402561,0.8511639726563079,0.8614285021200946,-0.363834005116181,-1.1862481384112904,-0.02472262426580989,-0.303361007475142,-0.8912606159880224,0.7083751952714004,1.4538626442844889,-0.145792728147226,-0.9305973786782262,0.4690042983646691,2.094839185071061,1.4675987227584661,-1.1343971859329989,0.10825694841231029,-0.025074892293984553,1.1712137211579818,0.40895411599144077,1.4439479479697743,-0.2366558387629623,-0.4672331471878084,0.5337023633852606,0.4107483215187217,-0.32953746409037393,-0.9216584978698412,1.2105809853242995,0.13580248941427964,-0.30258408417563143,-0.20259037776818065,0.8468246349127474,-0.07145598169183286,-0.957955857203295,-0.19126022750377875,-0.059371222622459675,-0.6372469741688075,0,0,0.9058045769283652,0,1.0
467,-0.8591387909683041,-0.23526783869098963,0.9389305695396882,1.770403529472373,0.03552758863990987,0.6051269727610684,1.283088008602146,0.43443351315999307,-0.5425884241573314,1.4814911792666519,-0.3037289371731695,-1.1513417902819076,0.7820057740479196,-0.6913987565698597,-0.5150500241391901,-0.17874694624762302,0.5126073650878447,-0.453929781167295,1.0681097837449276,-0.6535023046406162,0.3614207447541048,-1.0214853436808842,-1.553601369273049,-0.05384966652654417,0.35970862788845137,-0.8449070783534458,0.3594891879371774,-0.7426154580308706,0.185076715507285,-0.5146289214635756,1.0039030535122944,0.6105801935268357,-0.6296592668991553,1.1163851327365655,0.1460546870635419,1.7309262460400667,-0.0722179802026495,1.5230393915161657,-0.623166360334543,0.6009659704081625,1.904804758166254,-0.04321488446712933,-0.27154071401457286,-0.12635841625627636,0.00751711806615411,-1.054456588376653,1.3871055231955587,0.311447890195994,0,0,0.8711060061377484,0,1.0
468,-6.065944158186218,-0.26754398132427243,-1.5094979873106327,0.8181997228058652,-0.0581072300775823,1.9526620668362167,0.08694827621923973,0.507636298785412,2.2244646162738944,-0.4256184277806088,-0.04439657573120359,0.18978238768936748,1.6905893573211959,-1.336606247156511,1.5090960923236747,-0.3657310076799502,0.8296900128477173,-0.23859285664929428,0.29433827152301567,-0.1747217988733543,0.10518366548144012,-0.6967293993612007,1.0667719710621524,-0.01505507991130248,-0.30728954642591433,-0.6237362901811211,-1.3897648466250228,-1.70134808515732,-0.6533457817040216,-1.122607290152799,-0.1597541444658563,-0.9988528700274295,1.531953363151711,0.7568777369460974,0.4756266608433235,-0.07697533857636443,0.3548309811518785,0.609150042599121,1.9243464037229556,1.4132572789470919,0.3048143279885005,0.980366437058082,0.4157576113462361,0.2686957979844386,0.5664549997182392,-0.6828732645705249,0.43292248828404173,-0.11811667362281367,0,0,0.9787801102059863,0,1.0
469,1.6583925160960904,-1.2170779865358146,1.4460697936445652,0.9927188606090033,1.743048908175958,-0.07585824336102952,-1.964651336383514,0.12016809390573108,-0.46938023627070247,-0.39891009797811056,0.8051710515826178,0.11565243951032735,0.3031874742784213,0.07622149791938372,-0.5656847312911906,0.9208340290225276,-2.1934183030990066,-0.8482058097404791,0.45248412039779906,0.44245835228008806,0.5801351494112332,-0.6870184820796724,-1.0413035027988167,-0.7476841472263946,-1.186333279259299,-0.22240426098158386,1.2826825442122054,0.21787871313063495,0.29947179194517415,1.1317920856082113,-0.3557111655291286,1.6243124801745952,0.02090039523065493,0.29043744460417925,-0.29221270165083624,-0.23533049509377643,-0.22841715116199665,-0.5079181746978022,-0.11511415590986991,0.5590550922602114,0.03044217077477057,-0.0577496972488481,0.16531874207261418,0.9903459594193792,0.2783612055553293,-0.13841020560473802,-0.12870177008131947,-1.3185448445164325,1,1,0.715349408487042,0,1.0
470,-2.7084533512446316,-0.850498389584602,-2.5276932152023193,-0.3436520522368979,-0.06298987119676205,-0.3963255219975426,2.118129607543131,0.08167271888315646,-1.1274505496279577,0.19772441011201544,1.321361633592354,0.5863961530121896,0.5340510481277012,-1.0859658987629426,-0.4861490505201497,2.056914844854081,1.3882473085838356,0.06920281491758518,0.09318686715108038,0.11050760414333922,0.21098089324862826,0.8678803655720754,1.489133534043717,-0.8509369011851454,-0.199295394686993,1.1072776860512301,-2.186504998546254,-0.4522165735576717,0.5734391359246471,0.4161376120016264,-0.5363902733606639,-1.3276570063993391,0.9562815811184987,0.602688939031675,-1.3854328672028347,0.5808934832621608,0.741030687616019,-0.0029710315266146614,0.5180873556399246,0.5416617403542893,0.9127628969173011,-0.07764040516037639,0.08165912254886892,0.22154931948476644,0.5575551438589808,0.4869979060368942,0.4673941560142721,0.3267611630029432,0,0,0.8198562902950532,0,1.0
471,-1.4850011358124384,3.1174800381399685,4.043902212941097,1.1128338183296522,0.9065037074596923,-0.7804018956977914,-1.1833681052816656,0.19776407334672685,-0.18424500080875342,0.21363737712966457,1.1135584457217098,0.9074939016048998,1.608946276401725,0.45929654348050525,1.833250176697906,1.635207799759672,-0.16072140675561017,0.6159391475329086,-0.2101846899280137,-1.0083602815065562,-0.5961654263723918,-1.5157788856894217,0.7409888522738733,-1.2197137577195427,0.22290068270142666,-0.356751734236079,0.4594257650820773,-0.34255489208675516,-0.03662377654291643,-0.15153362915892857,1.9218511510220455,0.8883456569759521,0.6818410888790214,0.7344802463382198,-0.3772555728214991,1.8715343939477205,0.06651137090315346,0.9381571898119011,0.7600900714329997,-0.11665411228727224,-0.01972677718320663,0.795780913458527,-0.8908984515833018,0.24660862253593321,-0.22147448484407342,-0.30440002824864626,1.2185502960059935,-0.09879905566160391,0,1,0.5926099101174999,0,1.0
472,1.6338983342388846,1.33661224924645,-1.0122632988259452,-3.2160121761721507,-0.16108245696035894,-0.10741470771661389,-0.8881458584380549,0.05986181294782312,-1.1402148509720367,1.4437428638221692,-0.606024769851354,-0.19443101054633147,0.2760212314511345,-1.0045136636050778,1.8385399425333302,-1.232146157166136,-0.08784965085432239,-0.3751198802402931,2.362284505686427,0.6509213258373475,-0.061746545402535324,-0.5853444214091645,1.5593750453096806,-0.4784961993872809,1.2863294825370204,-0.9317303318678062,0.26212152776624204,1.6726913107170374,-0.07145614543316468,0.6384028321490139,-0.7304295972820266,-0.8342980057143092,-0.04777294896328068,-0.4763599044923221,0.33985705986452136,0.10436213637088909,0.3644506348076389,-0.8212515074686915,0.00938238865956726,0.6017212346080092,-0.21621578891604432,-1.0361489157446915,-0.46468209088577717,0.35803549944644997,0.1789130808407443,-0.6626416157869426,-0.3646995631569434,-1.1185745302432963,1,1,0.8071310977467608,0,1.0
473,0.22042688800709315,0.17770409565719827,0.08052934426008758,-1.4314583798567568,-0.790304575417149,0.10606346055792154,0.9716704758630229,-0.11538182916339298,1.5648538913603063,-0.7394647021691265,-0.17028335500737246,-0.2953802274865524,-0.589013266630932,1.0446393332815664,-0.4220655664911038,-1.4727221060521454,0.40571455726533,-0.7894271361776518,-1.474096715666122,-1.7688756677819337,0.8681785368207031,0.6655590170991824,1.0516153714278698,0.7641797184130045,0.08458053262204718,0.057457779632616744,0.36302064022011965,-0.4458274053558903,0.013132009488105022,0.8859360314348808,-0.870350558290055,-0.29119645596272076,-0.30935669703599716,0.38253354611979024,-0.179142578858134,0.577044979362182,-0.47939429626416385,0.005159233995233273,-0.24733447799873426,-0.031440746456059106,0.5742890156764103,-0.8297525125178092,0.6277988745789934,1.0958002016500847,1.017181874838072,-0.7839979950829227,-0.5993605929968515,0.9630892245025,1,1,0.661178636371819,0,1.0
474,-3.8477409644813965,-2.093995539953794,-0.1315790484833381,0.27860548126827567,-0.43207490205893073,0.20356029590882715,-0.8775793013116492,0.07847415448043242,1.7094049935949145,-1.0655552793189258,-1.284710042391711,3.185821898304534,-1.4123656641503848,0.9508688572283811,0.05816528512393325,-1.61601414732555,0.8931586401860858,-0.3538768689977834,-0.2897978822191299,-1.5113652055827382,-0.010310915262569876,0.032625975673142675,0.25602085691011045,-1.4608928415746076,0.10029463924079947,0.3199076361412425,-1.4489281618960572,0.3810192672385193,-0.3103857943985138,0.8663114790849429,0.6685773181658803,-0.5633015587724933,1.0753126303616272,0.1850166544834096,0.5509216181066451,-1.972661373021895,-1.003254737633247,1.0436480409641307,-0.5276294660376425,-0.6229788764323633,0.3717955537235912,-0.6084290276751451,0.08808952601118472,-0.7098607633669574,-0.036127080366874106,1.1146831239736947,1.007531657449983,0.7214428368474278,0,0,0.8733740664058824,0,1.0
475,-3.5321218634885154,0.9787639806685207,-2.709215847665465,0.18361624126668374,0.12794027761306936,-0.4466553232461279,0.45662886951763854,0.09918942269929447,-0.13276813408520416,1.1842714940702381,0.15601979068993901,1.8119624607161744,-0.05903175474721154,0.13480918031737932,-0.1677459646430934,0.4314269894769078,0.6318690240240379,1.0855624291217356,-0.6935654256705484,0.14176862342469768,0.35167984072709374,-1.1478254191885586,0.45403257415606346,-0.5532300837975539,-0.0572942497192537,-0.11291601295155806,0.5608736719508168,-1.195765597985647,-1.282371698507786,-0.8416616858055456,-0.5329705333291325,-1.071641256504291,0.7898645188201866,0.9364399072763333,0.8544350361121194,-0.02407797599029355,0.6902145777386659,-0.014877331428229348,-1.2510466968829084,-0.038366139185275316,-1.8953433085956017,-1.126713130588718,0.3563846405131769,0.6851960924186876,-0.014661669757427663,0.8586932864363122,-1.056029892412805,0.050873509578786086,0,0,0.8617751959812608,0,1.0
476,-1.397906984020521,-0.4615976647386698,0.6140256810019511,-0.8136356453012853,-0.1304878406931079,0.6397539468674978,-1.334163810513208,1.263419946768171,-0.5529657740693441,-0.5000180842889319,-0.44727733702955014,1.9542798029729727,-0.12337533584765445,-1.0849936118172763,0.7610866895512213,-2.125805583503672,-1.2095512810990694,-0.23924434576263137,-1.8559620072918341,0.8953283841682577,1.0651393572534487,0.35552283804978185,-0.612344651306058,1.4232704633028648,1.1796549846885829,-0.17765251349467845,1.8982633782882328,1.5933725664412235,0.12258388235783596,-0.2705258096665409,0.4150971572412622,-2.7043008342138,0.9007124503125545,-0.3374012961023761,0.5489329862999028,0.4503295862959336,-0.044722863604661135,-0.8743727049283212,0.46599404566327995,-0.5385372528479786,-0.5939868272014698,0.4779697126491035,-0.8568033154706323,-0.4988450094336963,0.7706598153193591,0.9521521305533203,0.21032451096671853,1.213248399051441,0,0,0.8593682210525545,0,1.0
477,4.374151888197996,-3.169743440708233,-0.24184452085213384,-1.2055689012814388,0.4150651155619431,0.2637192990263033,-0.33196087018719717,1.4015568785597534,-0.6140602693960975,0.3080515587719675,-1.94116243854189,-0.8345455493229068,-2.5041884224123283,1.0556428203924177,1.8299392690255363,-0.18204884094609264,0.9195432517740006,-0.4678985239114108,0.8314952492492478,0.0193937071472236,1.2477158505178094,-0.6104971528420918,-1.2701820855524029,0.14824441339478583,-1.1635767959122607,-0.24600278531483394,-1.872424371850918,0.15210845623954122,0.8417070460404866,-0.23762400363518515,0.03837888399862095,0.5632926274137566,1.688932001013092,0.5675993057186756,-0.4065831586218387,1.4845931915398864,-0.3283770319119709,-0.2583230504724134,0.5831699038816108,-0.19706236574258476,-0.6527371198780758,0.571151565117287,-1.6859659193802463,-1.2229038978041915,0.9885020440918033,-0.013235546944747953,-0.025241379570107796,0.3452224409494453,1,1,0.9669327971515029,0,1.0
478,-2.9069304592560847,0.03522260354574829,-0.28541479941017434,-0.7773789707461085,0.007030985217607553,-0.4333511206043824,-1.267829939985036,-2.368250460293283,1.1031022767600709,1.0658817399950458,0.7675567151891947,-0.9844341110090687,0.1810224704071262,-1.2344855306464009,-0.18217949391153498,1.1950540405709522,0.6296482905398152,0.03485835160282591,0.5095310567419907,-0.15503161486381029,-0.6223156519131141,0.023348236193788525,1.240612856417079,-1.4486082091138535,-1.2821445919845382,-0.06462363014187704,0.5311478215962919,2.2238459604060137,0.7310565177414711,-0.020879890764443597,1.690305178388049,0.006094097621336017,0.0757767819518828,1.1088891367381917,0.8900823599360649,0.320361672185404,0.34710998241292923,-0.8984086397299387,-0.026774431951652147,0.5819615302068822,0.6747355521805902,0.1237605835360289,-0.7193758813543243,0.09045236852259116,0.0025956444828990066,0.45149722851234575,-0.38367671611197884,0.6868912830180406,0,0,0.8539288432329719,0,1.0
479,-0.8963305834436357,-2.310800991345293,0.8551514324799573,-1.4246849860208346,-0.18824175809199314,2.1316313476303566,0.3191281493020393,-2.7868795696146145,-0.25861200922076616,0.30166771371574497,-0.5605233899683995,-0.10150895911381068,-0.48225420019201687,0.5330441739085822,-0.2549471299137146,0.5121736691201582,-1.2752220478841598,-1.0522891765519837,1.1902532437203495,2.0774610553082065,-0.2208553762344772,0.25030535900171064,0.26618350427162846,-2.2067279737491097,-0.047346095781830966,-0.6849921009187073,-0.17193975706562017,-0.7145368393868995,0.9447238101124995,-0.7604313693606585,1.1398438970407774,0.9639900333414321,-1.0843654694501348,-0.2599975915765256,-0.21566217560601708,0.3646006286759383,-0.6307312972283154,-0.26620170591157716,-0.17726138672024147,-0.8934480431283758,0.021518621315552534,-0.23386400127565685,0.9688112385015707,0.1962599306500594,0.9203313548971348,0.5733407429348529,0.5796551058505371,0.48883193674754544,0,0,0.5711394837111704,0,1.0
480,2.5511207656497303,1.833192992506692,1.707494642571264,1.145054488061466,-0.9915453424299788,-0.8516356586267326,0.7738580476092691,0.7777774884889526,-1.1178656035254697,1.685080320190466,0.10433568594731696,0.6069196617995927,-0.033843473600907344,0.06655473226003528,1.2999585247969245,-0.24282207471719947,-0.574750165457799,-0.23135906054835195,-0.7633078443519111,0.1381538275719077,0.9242616372006764,0.571493586975902,0.49516343658486744,0.1688594806343681,-2.815355471657262,-0.2714482980043151,-1.7482956246159291,0.3619213279872361,0.4934988720508021,0.8828239863247087,0.06885561377598262,-0.7930318850101113,-0.751382197705048,0.9939515143912432,-0.5006996640272467,-0.8679040302104908,0.24452568959409132,-0.32425518580677565,0.041945828193881006,0.7415061658691068,-1.339281085954393,0.8821960130774118,-0.41346527648746456,0.6025015872046139,-0.43322455471866894,-1.144913049281672,-0.7827670473847246,-0.3237082867448435,1,1,0.7884933585724712,0,1.0
481,3.8524469480343067,-0.010784068976370692,-0.3507884867696334,-0.4562086015358306,-2.4223165286673196,-0.685162802831005,-1.856102589233408,-0.6563107838700067,1.6315697540179819,-1.0044751297511842,0.8631763897120438,-0.1093859991422758,0.4169497360064936,0.4168180364053493,-0.2970497916157547,-1.925132774830701,1.4951586319388934,-1.5572088326008457,0.5609534134949606,1.371126013659832,-0.8163909717954752,-0.11366245295274746,-0.07017579583132941,-0.16547660035112596,-1.4689707841427793,-0.915195565094702,-1.759690516980291,0.09532546141477156,0.7804287130814552,0.29339258910361593,-0.44528793964778396,-1.558623612271757,-1.8031344218056635,0.7704736044181981,-1.0671103094961334,0.9741707114216082,0.08535218129121745,-0.12438906153440231,-1.3551880318560126,1.2611088855502652,-0.22087934623108826,0.18170455494994775,0.16484502512108953,0.14047923836843543,1.1605277131067793,0.37513733480509637,-1.1313410706750466,-0.6652433562244786,1,1,0.896924738684744,0,1.0
482,1.8764894832514254,0.4313651227966577,-1.0176179839763826,-0.5938470868770742,0.018067505627141014,1.4845806885646002,2.0224349106780926,0.7485042323777511,-0.2817724877549791,-1.8651706639901868,0.8504873728691617,1.0900687072230226,0.615263878599289,0.701510493616733,0.631410121093281,0.10063915051166299,0.3088408921373601,-0.8294710054247024,-0.0547797623664867,0.005107857916080409,0.28402741049843805,-0.20864593588104963,0.9711699927144167,0.44634846889581803,0.2270259620169676,-0.6776771390637419,-0.6678709785784526,0.10831754853233848,0.14428465529221482,-0.14769869621706258,-0.8496449617361735,-0.0701441563489769,-0.6232643370914985,-0.7750263884698594,-0.5798368734244473,0.35371686850939194,0.2740937401628935,1.3136685337745306,1.6400794396962306,1.0233603355208543,-0.38945536626895993,0.18949415789311486,-0.008139802713215955,0.07836816998643427,-0.07900556175270854,-0.10830517920288653,-1.3011133661058727,-0.8485918125430523,1,1,0.5392876606762846,0,1.0
483,0.9959981006047383,-3.007430556765993,2.2552681293295587,0.5141202948432338,-0.007347885679663625,0.8311151662713389,-1.6702291928537527,0.6719567228563532,-1.5563479800748636,1.6749351904094365,0.5824272087835981,0.22150956582631712,2.45880867594342,1.2550964391612378,-1.0916558077216154,1.1538259098028605,-0.17715966064132302,-0.20656825715554333,-0.6780679087734002,0.2050261467159971,-0.5023669882971142,-0.1717436115838557,-0.8558036506395476,0.7959316348616513,-0.036378703978377204,0.7542547574204609,0.09880706219939869,1.0814525564135036,-1.1846851774910665,0.2584397703226374,0.5763106732841313,-0.9275644546710897,0.11150993789826903,-0.5360665275411128,-0.21545901519546765,-0.7194588897396901,-1.2543216266944852,-0.3494646263950976,-0.11831939696109806,1.187234597991282,1.2097092258290294,-0.6729694226470273,0.11907008456854665,0.24018370669120903,-0.5398459182693564,0.7664738372076706,0.43641163815360406,0.30882104430817037,1,1,0.7502970691949562,0,1.0
484,3.3489389393179545,2.630296341899928,1.0997392712878948,-2.6088993441682122,-1.639797296511344,-0.6340417484905229,0.8684994284799554,-0.14749416611495175,-2.654915810339139,-0.39094029058935287,-0.01092105950184009,0.13521710265420836,-0.10768533231961042,0.0821156488160375,-0.6018475858569541,0.7337114861148851,0.8591525935390724,0.5310845016161161,0.6817634600774338,0.18723211916122567,-0.7127495446833201,-0.5432414330367078,0.9617165703911311,-1.5632369177585521,1.5880609901529048,-0.3508452241452306,-0.17658144722073008,-0.0917951334737807,0.6334637306820585,-0.2502894634207481,-1.4377555155027293,0.8888914281343274,0.7707383839916574,-0.29379400255085475,0.6197437711408913,-0.7211500498890575,-0.15417026228519864,-0.5706118452136442,0.5449821180560247,-0.3416043119440454,0.9340622224633301,-0.34739903205629424,0.31598462466495536,-0.8384267107030643,1.5575706674414844,1.2285687379216303,0.8152792771650872,0.11365829075158249,1,1,0.9626151236507315,0,1.0
485,-4.252093437421281,-1.44294604682605,-1.2805366746457958,-0.021069620251375137,0.37265301995267097,0.3214632118630283,0.6442676298476562,0.12701778336359354,1.0717290786029106,-0.025055985343236723,0.5998163305813945,0.19646676359103604,-2.0376337191275873,-0.6028898855865278,0.9773554289418541,-0.2600356891579989,-1.122683718952679,0.38206018692722044,-0.9357480306375767,-0.9361684333697898,-0.3557360341707253,-0.6565744097723475,0.8638358996441229,-0.8178560656878272,0.6913357344970227,-0.27960005778228897,0.42135201091098645,-0.5985338510222186,-0.01451580826698825,0.670477011153526,-0.39404104099119386,1.4857252490134334,0.13931713862716977,-0.07303395715433227,0.10581296523097795,-0.46842523240444583,-1.0556916484560404,-0.8255590559706086,0.1346450608660426,-0.7452214276559121,1.2733044921581704,0.6580464154798968,0.3390183277384879,-0.4019045172690996,-0.332223507766858,-0.04041719160166564,0.9617605329243955,1.2236926712793672,0,0,0.9646456892520698,0,1.0
486,-1.988446398686417,3.393911227800249,1.8216240597209672,0.6111426052305063,-1.0480951407920072,-1.0487069053120015,0.41484981514166763,-1.581191273998467,-0.10335424983279713,-1.1132366471694473,0.2841646391724997,0.009491691011736981,0.03383321016746609,-0.38578939169668175,0.08972889162073779,-0.5975548821545307,-0.5479888448149505,0.6409812769858722,0.9320790945560079,-0.16160289603759484,0.6763493232867737,-0.3766618272967973,-0.1406419932082739,-0.04657484819864205,1.0793786964829932,0.24970060273134162,-0.5761564341119659,-1.2220886650934746,-0.4454224928693754,0.2544564737500285,0.12184913777991412,-0.060716476416439,0.010138819770935684,-1.047244881347092,0.6732083920662808,0.46622241433054007,0.42217942415044724,-0.08436979697139554,0.5130460618654821,-0.2176536503151258,-0.8996666969785471,0.29798424847373145,0.7970726653224163,1.1038193347323226,0.38625521203759916,0.697984613518941,-0.17896443993380767,-0.36954475806433834,0,0,0.760730839202945,0,1.0
487,3.448002047654454,-0.5712070063712984,1.620578870171338,0.7979555121406312,-1.0442231823557326,3.0625464545464665,-0.3769069746328256,-0.3107674765774357,0.06571412868128194,0.32289331817210193,-0.002072051292884059,0.46476199789150496,-0.4481716111564424,1.009210491776687,-0.5263435594371275,0.9019223451339038,-0.950041339662512,0.7102848607044782,1.721613984437307,-0.13957679420856556,1.0336014176475985,0.8960610619747015,-1.7660326779272082,-0.742699561584828,0.13411263118882216,-0.5213410487009232,0.1813294658551552,0.5620566002959458,-0.23581200490226106,0.7898781275692471,1.2174749652811894,0.15114866926227147,1.676896265850367,-0.28486152704388473,0.4315379627965526,0.04654556480595633,-0.9519986115985887,-0.536299591321425,-0.662874856520598,-0.5278399762347377,-0.5157706710020201,1.2611992054092003,0.1831303232677266,-1.0117095782202008,0.06203921607201835,-0.30762982891906204,0.4885360557822488,0.15345117265519048,1,1,0.9291297875179376,0,1.0
488,0.7696123689921481,0.30807855418811614,-1.2832469655237526,-1.1652052087664797,0.8089703119239526,-0.4829408901155247,-0.3581167628477151,0.6500111744069307,1.0787289675318226,1.390955554305964,0.9999663872362449,0.6616138134150565,-1.0264368138144626,-1.354221425174965,0.10234681597039624,0.5195292609557912,1.1515911942096972,-0.5778735819630367,0.18746971208868204,1.2590275454083568,0.19103550130168556,1.0931626461306612,0.16603485241832322,0.83713377851404,0.6771027575236306,0.7579540499493813,0.23257426762618696,-0.3933607588890848,1.1999858837413424,0.6687341295956758,-0.30023790107165543,0.10589269893806942,1.5469551045171899,0.208474016648798,1.3107918908334122,-0.25274787834373064,-0.5655427934367886,0.7222562348216232,-0.1032741124623398,-0.14144408529309038,-0.15132044883354712,0.5656731815811774,0.4485868921341099,-0.6924382275059127,0.12680128037996052,0.2947873102463684,-0.6381196968688057,-0.21265643442818272,1,1,0.7121874270618953,0,1.0
489,-6.230787998279998,-1.5998435639548176,-0.49898808255635585,1.1764423056565685,0.11452266148999851,-2.119103119946996,-0.6700045762533675,1.0230020317350346,0.48613211852750193,0.6079918998150373,-1.6855353021048871,0.23204929238726732,-1.7017138359232187,0.7514603632765184,0.8506150450604653,-0.06475374472599539,2.2795510284804816,-0.5253616016836682,2.552574922759376,0.9217089277724471,-1.7826298412853223,0.9077961870100278,0.5174993606541473,-0.8547561238951729,-0.5794728030953193,0.04490909205529232,-1.0101295224411893,-0.9140887687335415,0.41186676889085777,-0.035271480683697454,-0.07271788245125674,1.906833399150029,-0.19732351368334652,-0.5791712402168874,0.4950918862322472,0.2792215372562453,-0.41219003353701344,-0.8760834549938914,0.16587193243871956,1.6348088302996047,-0.4883898376914297,1.0663278290297458,-0.41821206708778924,-0.526954848966482,1.2777539360391772,-0.4627187295872401,-1.3961324116042564,0.3132684437720188,0,0,0.9549691355568697,0,1.0
490,0.41644364180184573,0.38950070030840517,-3.103714346742105,0.979182056914218,1.454489518879532,-0.4551893856711984,-0.5208979803518395,-1.9127672033852907,-0.04188233272941592,-0.3943244712924448,0.2914035409827277,0.36889480636902655,-0.3973652630648335,-0.0008720315319212419,-0.12374182404846143,-1.1155042212453916,-1.4812933827189663,-1.2203683587294947,-1.172252165804488,-0.36164175356583983,1.1216192008477235,-0.5070718224912637,-1.2591434191654294,0.24517551861483697,-0.04089141291711776,-0.7060121011810688,-0.16070264445219348,-0.5208014938675553,-0.8942562719136061,0.44097721111445604,-0.4708593392198547,-0.33478323510614855,0.6374969314334336,-0.6129299112269725,0.8464499191699028,-0.6880831378578585,-0.5738731134108485,-0.6944593119553804,-0.2852164578952354,-0.2557354883265981,0.35656628460553125,-1.012099124485011,-0.5201422944170424,0.9025496206136652,-1.0100673764796368,0.8898312768459837,-0.4025232366941483,0.254593009918676,1,1,0.676171785091896,0,1.0
491,-2.9112119501142466,-2.3224638581555137,1.0918882245866532,-0.8253703533532825,-3.1606860172887736,1.8222999057963487,0.88241442086627,-0.9050302259473343,-0.6117192216763578,-0.10437111505287432,-0.9006741629684573,0.45457741241851296,1.3895858782039971,-0.21858444027471385,0.01532506558594798,-0.4494941997868427,0.07492117702203237,-0.41796687084455875,-1.4393380610777118,-1.6166015916074032,-0.16029216450653772,-1.160387373960418,-0.4665302479242838,0.5421808688565588,0.16384629448275223,1.115819014007929,-0.5851938699863057,0.9412846726133608,-0.5433916348867166,-1.104726852268839,0.8766346805300912,-0.6142598709878676,1.0905737731973,0.8172781500619549,-0.1356915481329671,0.9425034035363101,-0.6702692147027095,0.11568375350392728,-0.9323946633036586,0.10391154694253188,0.049542414535935386,-1.1987481270533702,0.5865234803810053,0.8688621986463522,0.044070147424574546,0.16985161201883886,0.3886818098549643,-0.15181243593160867,0,0,0.9268025209836076,0,1.0
492,1.4574481722752795,-1.7369603720783195,0.3437470686986945,0.5099529617497214,0.4483083356327951,-0.37307531600885097,0.5637117107069535,-0.2523996816698009,-1.1708029316656,1.1900783346544417,-1.1334332225813066,-0.48961683589787247,1.9328692521988988,0.937716647969714,1.3626474703500178,0.15531231016651342,0.09637797734540655,-1.2680701501863128,-0.6420093360385134,0.8997652679911375,-0.18823192356918278,-0.472740437811506,-1.461620957003502,-0.31630155543498695,0.9409852541658484,-0.32601323269969334,0.05004305144702118,-0.7286774629783324,-0.10017800966598966,0.04921598069246374,1.4743192403445347,0.5828163641852661,-0.7600532850385581,-1.2078263528717579,-0.3870420643601101,1.5409003249360256,-0.010715507438063042,0.7465676081516569,-0.38568571026980714,0.9429756085269485,-0.5860035722106021,-0.44617046149594825,-0.4702909643953563,0.14795839653410608,1.438313472261848,0.3730786008123297,0.0816205315321518,-0.09225676060416899,1,1,0.7305756846561858,0,1.0
493,-3.864586629684733,-1.6469723839870767,1.7385800411386374,-0.7939422630302647,-1.6577825957784096,0.9328114238764944,0.7742784005017612,1.4595923896348977,0.16342747369623611,-1.5101229526189957,0.5963457334353804,0.7260633019117054,0.315542176035891,-0.11478790895551164,1.1637759699825707,0.3033476185803082,2.0654903073252773,-0.44869540644064804,0.10607698258716587,0.07719817193551598,1.0565615823633723,-1.1657810695610864,-1.0319269787622587,0.6160612388779145,0.5462255639479245,1.3900568600976073,-1.1271166826545764,-1.1218713966906162,-0.3837058781374868,-0.1284682802057392,-0.08492697767942199,0.6020852925059651,0.03291791580157293,0.02710006120207188,-0.7349097385456612,0.2216721037470725,0.19766538432101152,-0.39489939339389274,0.4154665871381321,0.4555833091674973,-0.3304085975202618,0.8715403902222509,0.5064598513089141,-0.706844772070175,-1.297699665130357,-0.3057978072926543,0.010466890453090174,0.9999416140295548,0,0,0.9411936555216797,0,1.0
494,-4.224320486989867,-2.7944356097813823,-0.5570988738510229,2.1471577980211745,0.06611060384293085,-1.4813928106527132,-1.0914378719195457,1.7507815871939987,0.8528285452107511,1.2755225130114303,-0.9631599165616069,0.5516737243867286,-0.9150881434527436,0.46224979202266325,1.748727374405274,-0.3564299560113762,0.7408131126949945,0.9792571675527004,-0.3396668879925211,0.7655022811898705,0.11423764464312348,-1.2147486769093874,0.20854100882354362,-0.5686243207524677,1.1812692162101412,-0.02715244431247221,0.2486298704973922,-0.2923554860759296,-0.7355354360963295,0.1300163946920928,0.039305429658342564,0.4068241789630958,-0.16644071019481316,1.5629909042092218,-0.6581184316199743,0.031469724663152294,-0.8059361674372675,0.8584820607652718,-0.7426861951648982,0.24169637334168778,-0.18648712750633215,-0.5637918707692666,0.07840518576167024,-0.4153604550262158,-0.8271941357320236,-0.579733230421944,0.6560821852924426,-0.993345342984946,0,0,0.9243714400837524,0,1.0
495,0.994240384187705,-2.3066358482067497,-2.9017193640266834,0.982753207890838,-0.16299004428704728,-0.0004427531548663252,0.004041985828069167,-0.39841390793430514,-1.0217011190924188,1.695242309561135,0.82053580087309,-1.7613242676947076,0.07564018475179742,-0.4338873108423059,0.5000738910863534,-0.8981375358760043,-0.969380369343901,1.2585502103679431,0.3089782417498929,-1.2613345698676799,-0.674372804281811,-2.107253138536482,0.3012734951960756,-1.8289741263540433,-0.20259650395057427,0.2769201919043695,-0.8563606022535387,1.0635338478531513,-0.700056272189394,-0.040873823483294804,1.186055320765969,0.8121373259668204,-0.2837234656892745,1.1059403203681133,0.9692818679552934,-0.365586977195415,-0.9382000327971742,-1.0731568796130806,-0.8387601271318292,0.48756578783057497,0.24162977816028453,0.4044904806258823,0.1273777396474292,-0.09942702487376945,-0.4974487438463063,0.8888122531980804,-0.03472010648344793,-0.30582965486009667,1,1,0.9521397050230048,0,1.0
496,4.364539467024028,0.4981302352306469,-2.2278117111518054,-1.0016475330900443,-0.7601529050234217,-0.3200306887066151,-0.3658183464779665,-0.3892131679779616,-2.0827825483226543,-0.020650773273593742,0.10328717139393649,0.09933400419668528,-0.9886411316693579,-0.565703840372747,-0.8446466250063775,0.6893715811851742,0.4239018060689241,2.466303835391496,-0.15564302002166114,0.6580724616063739,-0.26523024908788934,-0.5521131645840358,-1.4749721355609475,-0.23810168550638797,-0.5138738777519992,0.23459427147531164,0.8526750718082958,0.8540361278837947,-0.24149362469762475,-0.8735210172493917,0.9152798408010383,1.0201111131921619,-0.049525220992357295,-1.032764635075285,1.2061665545018379,-0.06809053116708763,-0.02158295929490038,-0.5898497330046678,-0.15054029049236084,0.06935507529048233,-0.19898139420019362,-0.17498015869550515,-0.05221092083163783,-1.080612303166038,-0.34686454896350705,0.19736844120866062,0.027964870961701038,-0.2358236941951072,1,1,0.9789687951410015,0,1.0
497,3.900541284380361,-0.3354773045026645,-2.074143606599712,1.0803732075970125,-0.9254459307176225,0.7190423677026436,-0.6478118936600581,-0.25249706236697644,-1.1819730170205753,0.8084871657339237,-0.27109552201025594,0.2615517545073785,0.5845117132360015,-0.5102545819953499,0.35651153476650016,-0.8538924201281844,0.4214698927972248,0.260316478313644,1.0984090378698628,-0.5984481688765475,0.3234077338779777,-0.3107107311237331,-0.07134446686229068,-0.32793238985168255,-0.9812433366993379,-0.3113850271023915,0.8728476154126416,0.138087034811976,-0.3582717926577805,-0.3039338291296629,0.8050668210771498,0.7325956877161834,-1.0187261787058155,-0.45717514357722705,-1.2092784881133691,-0.3194576628791217,0.7555244792780381,0.11799671238489814,0.8014476182311957,-1.684148712638948,-0.07230364071629326,-0.8989332496641168,-0.35856519862985387,0.7223187130605326,0.16702387505886176,-1.5165589624838371,-0.447513291876047,-0.6757733202559997,1,1,0.9520012392639589,0,1.0
498,3.373109695535052,1.8616734679986766,-2.2563435421252436,0.6386685901616966,-0.33483401730382756,-0.33678753413277746,0.17126876066498886,0.709856826013227,-0.274890305333395,-0.0027588497663210434,2.710850886214012,-1.8787633277733093,-1.7728225842278902,-2.6986114453437695,-1.1414306829370289,0.5708741098245729,0.3063457553602526,-0.7378665648758383,0.04383915720274667,-1.2087108380687446,1.0949028118479374,1.4643913725281505,1.1250642202847536,0.5821937559834375,-0.7113365375891002,-0.11310356391941803,0.053549950278682826,-0.367355165633898,0.45653984009961457,-0.2489666432254287,0.20456140115193336,-1.1109335285046849,-0.2586996367741809,-0.4928538808948662,-1.0388178229329557,0.731092077919958,0.3039303390167912,-0.027698988214384417,-0.6549626252694506,0.5542740555313747,1.3025325547365167,-1.153806164078662,-0.11765149935746373,0.09004025489958783,0.0853959721966795,-1.0726809572887601,0.5366516793560002,-0.5921068302202579,1,1,0.9558704060141842,0,1.0
499,-0.19493038620056954,2.9074196472143248,-0.3136457802176486,-0.12649105498740504,0.1656927945455102,0.5289355888497966,-0.8107544772486893,0.17574798898879923,-0.9638101108656364,-0.9272271163284544,-1.468314736636994,-0.9108095494899836,-0.2548962388388269,1.3062195998072974,-0.1274810985749248,0.7028427245022381,-1.0909078194950605,0.3999472700943457,0.4662208275839052,-0.744361454716881,-0.4578108371447217,1.235005634034844,0.8031869067761388,-0.7539556141707116,0.7000942239176157,-1.1404085087730287,-0.6568003829630051,0.7861520243794939,-0.9192692737988957,0.9918356518008884,-0.27383239740371146,0.7402780026294783,-0.821249211168864,1.4826965833814947,-1.1161152269248198,1.2049145934244068,-1.726739891957072,1.0886388946516512,0.4504519616113157,-0.6405311698149789,-1.5476320563087458,-0.5493191562636287,-0.46197383304764966,-0.3297284783129157,0.8430468069540702,0.47456506609580246,-0.36906204384399643,-0.237655257722427,0,0,0.640219838883611,0,1.0
500,4.6187145790216935,-3.175029371320712,0.37032236739012353,-1.9724572721492641,-0.2282453711224932,-0.1656125706899601,2.365185436343127,-0.3001102192361742,-0.6958110106061666,0.7506813359299789,-1.0719343587744161,0.7273931756532103,0.39306368245667733,0.5412585513563201,1.5798744676604917,-0.5389850976067548,-1.0386349989292587,0.1248201982903684,-0.019469266243671828,-0.5624669010256425,1.3135869082069735,0.3366425291335134,-0.5959058800714031,0.6685574765025901,-0.8985333566479392,-0.5945910297675812,1.5447701436600219,-1.8669195604102258,1.995040145145977,-0.5277118395915473,-0.06834788239714086,-1.71583114913021,-0.07792434167858886,0.11504206279383616,0.930505738366388,-0.3619785792545906,-0.5507254233829169,0.05576074047856422,-0.2887572551268902,0.24659522419691127,-0.12431051964782408,0.4412657238107663,0.24956972871208374,-0.5212708435966131,-0.44293938298629726,-1.1519937539190153,-0.5904217863738199,0.15785185905592625,1,1,0.9684429495772005,0,1.0
501,0.7017194502654328,-2.6630267101656884,-1.2160031829358904,1.4755925576485358,-0.5540509356082108,-0.20969466635017522,-1.9661279008838182,1.1141182250970958,1.7235130057686536,-0.47517692290705393,-0.3248197576471981,0.8960011984210938,-0.290916187603168,0.24855297651126274,-0.8671764203637327,0.5579066159553256,-0.004189899268301521,-0.7083993522671361,-1.786607100646634,-0.2512208515962676,-1.0351982308045273,-1.1612763447906538,0.08195682131660674,-1.0903070711483094,-0.6977041195083005,-0.015055772022605865,0.19611527057250422,-1.4875331515270482,1.7434543121396056,1.6340146826625912,1.0132994405244804,0.19173092820035628,-0.0955391655809521,-0.3684824093410753,1.0587191456837368,1.1984074359084869,0.7161191393365783,-0.38258884537424237,0.3966691345799899,1.1571407840619756,-0.3239768302613687,-0.10596855242964164,1.1646115333542078,-0.6729835856459442,-0.16680815938501167,-0.38912418117961023,0.8230563517614224,0.7605902151824818,1,1,0.8526489703104402,0,1.0
502,0.45650462167832107,1.106520428366499,-0.34427649523196446,-0.2648873499092802,1.1865794444951558,0.9771617239586439,1.3016737469038155,0.553149628458743,-0.9658884754254605,-0.49631423955702486,0.5119984970706525,-0.005317324157208933,-1.4583695135620118,0.744867901228598,-0.8581471245393018,-0.5396414619787276,0.5202268544848708,-0.4504109127844311,0.38532391238293306,-0.07813410708470211,0.03574096723531586,-0.058797698560907344,-0.26334867839219,-0.5500696062028086,0.7159983698902977,-1.4814597477185836,0.005357950937227276,0.6280773584464477,0.29252699728445314,-0.6121878418606556,0.42113670937002134,-0.46931883685820414,-0.03820345989278242,-0.5641111206933725,0.6321378660534231,-0.09844315542120743,0.7479275974707914,0.5122906218737273,0.06657799784524883,-0.2046948932971939,-1.1836820392613978,-0.9150171961785188,1.1734941717302416,-0.4370781105486201,0.8142189798983027,-0.1064613408083016,0.578832325648331,0.0498997952285242,1,0,0.5967731591210756,0,1.0
503,-1.888732299896916,0.717102409073364,0.36026011975949407,-0.09808581013136461,1.2869836550868485,-0.37244960916603687,-1.884133584209738,-1.6368002205072578,0.1968299029458641,-0.2427837069222522,0.7692420616059706,0.9153151151605818,-0.35046110487423604,1.0951693669392975,2.112696333941922,-1.478126953951296,0.8049718817961906,-1.1258499103825879,0.9283260571498412,-1.1506001618718145,1.3003978418859843,0.1787819722788555,-0.4131435351339569,-0.06828875905522563,0.3818316584734753,0.63146134505949,0.6588780521414875,1.0314408797855186,0.1903918873447445,-0.17006674739002936,-0.34762561989289986,-1.0675814912821997,-0.39453178067811995,0.3005185612606883,-1.5373730736547506,-0.8107224906393963,0.14475921020748372,0.4666244740935371,0.3121512762596405,-0.4788295522316902,-0.4534965269387722,-0.027960289854737832,-0.08527599775186956,-0.325806267505995,0.8178958135434145,0.8502698809399941,1.5078960149919296,0.2300122224398296,0,0,0.8675197274660461,0,1.0
504,-4.359343595976856,1.2464454865557344,-0.020120765009026497,1.2858385475475949,-1.223361776415624,0.15402966388953176,0.7271863761862853,-1.2598831659243859,-0.1675012114092744,-0.492109988005997,-1.273236522877457,-0.24093773093473275,1.3687702340699666,1.1970429874867807,0.28498237374470353,-0.5360247345368265,0.3096639139192227,0.10659580731124879,-0.3073625683032209,-0.8029408826715271,0.11735754965471405,0.012953278592044386,-0.14523589416420649,0.8686120572665218,1.2201903306506674,1.1913682553635347,0.18782772077537518,0.7932481704686098,0.25044869446208184,0.27934738377211576,0.27159838071000775,-1.1316213928594299,0.5166133402805332,1.4112790777537052,-0.02145537815025945,-1.4054286084233598,-0.9152247761656055,-1.3350326473935024,-0.011459672065848267,-0.23450038998256112,1.534389871417844,-0.48456688175239804,-1.860139855326363,-0.2353801830700059,1.5101178309373182,-0.29385952153773076,0.6424992862099813,0.25500009153936,0,0,0.9890457104155032,0,1.0
505,4.283413802799057,0.14304598749831157,1.0776325491797176,1.408689910859139,-0.8042564839889448,1.7011830005261355,0.7037705019071134,0.0754187134101947,-0.5642065097496607,0.3338158869663577,-0.6649788477977768,2.1123062104378008,-0.5402315735671346,-0.6039741221211696,-0.5747762116237142,0.15057489376412012,-0.2755665818374938,0.12401601285032482,-0.2311598086534138,-1.002340113497675,0.8172527838238228,0.0640837868356046,0.38550343726448644,0.486425871372591,0.276869440850278,-0.5946509993666278,1.1947794064412631,-0.7685654109104004,-0.9950162949337503,0.20734804231325987,0.18962206065223414,-2.238630631569384,-0.983888748184138,-0.6625155150316212,0.44856641698489447,-0.3494132019498007,-0.2834674531994232,0.6132568878841687,-0.8210816096775617,0.6401250109969032,0.048288394707245295,0.1256571785346638,0.5015795733836731,0.5177172335187191,-0.22785720187022263,-0.7524133092216274,-0.9695312100541503,-0.44335810829021194,1,1,0.8702651909095391,0,1.0
506,-0.33923463083811445,-1.973417596185904,-1.1027805605457528,-1.0438860277394417,-0.9494032036438027,0.03097781871849784,-1.4558214134705016,-0.01557595843861771,0.12801891649420025,-2.048585883103871,1.8251907414342727,0.13099577818002217,0.0383868368271598,1.1684863647225419,-0.8114670827543095,1.5092452113459085,0.3676680400305937,0.06990498449867466,-1.5572236444142291,-0.4821628504133831,-1.3277936436912152,0.06689447756632871,0.20576056594193987,1.8151168344724404,0.6702516780879495,0.06951328585825577,0.2879671181948162,-0.22075110856833724,-0.08258979377990146,-1.3820136717604987,-0.5321492617107448,1.160285315355674,0.14169922468182547,-1.2631535611597358,1.1921536265887063,-0.3584924666878671,0.618700387655825,-1.5939120852304394,0.35193655462542733,1.3007878132606538,0.6429817930967731,-0.382995899106978,-0.3610301388980188,-0.7185077484137735,-0.5258676370516978,-0.6700214527561738,-0.8047878607492893,-0.3615482390799643,0,0,0.5396561452496433,0,1.0
507,-4.431373213302524,-1.6234840436260376,-0.6092049386326494,0.9008124258383965,-0.14801399128275627,0.0008106840195100972,-0.7492684612660042,0.009780940415009766,0.8922851376914761,-0.22380109142006674,1.5555134713932512,-0.7844823973803314,0.9409362889949147,-0.33866857872114964,1.0896536275680064,0.8818944736243333,1.0906955017074327,-0.00034927455807744467,-0.8916849383805013,1.0937528804678387,-1.6232675113778414,-0.26188490426086447,0.5880867679093623,0.023753644870426128,0.7349584882970465,-0.8970369011920211,0.18536776745073924,0.8569726532460215,-2.556384291619502,0.6181420238031169,1.738289568085508,0.06729003346489834,-0.5158399239356297,1.4273769895219384,1.2977504431665388,-0.1534538830619539,-0.9769944227120777,0.8636236841399928,0.12810684107356715,-1.2736385879633412,-1.1251140601608123,-0.6793105223181355,0.14436549862004053,-1.224060744283056,-1.377514176063555,-0.10283903199654004,0.2513497791243783,0.24763836046587093,0,0,0.7341807758416191,0,1.0
508,-0.20811625875295414,-0.6351543807537999,1.9105464895466864,-3.691290189404323,-0.39994257500005986,-0.07943017672320331,-0.7808140203143366,-0.45127591851383536,-1.1139584380530847,-1.6865291641330054,0.17305373220550052,1.4052207025873091,1.026291496114129,0.8054167368861268,0.6518314916782735,1.6735555255691998,0.551111403006984,0.1271215697570318,-0.022084221965841904,0.6561836050397297,0.9469557001234483,-0.7524589953542794,0.3073673936384427,-0.15551859868266563,0.06454692774993287,0.5059325713854093,-0.20318767526821038,-0.8847787063220585,0.6769242988940674,-0.1241267620309684,0.22902218550479134,-0.29974022634493347,0.12191329421546064,-1.4092147586064512,0.3063220439923228,0.3698129548964519,-1.1044052380060148,0.6224078828203391,0.6564123249753857,-0.7279957296319787,-1.4272831302365223,0.20069451024653748,0.5238714434224336,1.2200035066495873,1.0627330756338202,-0.6372155789771787,-0.982730773529512,-0.2749472536534379,0,1,0.6306694948147309,0,1.0
509,3.151162270649955,0.9828979069286824,0.6414181547732943,-0.11090270106575945,-1.0550468734893153,-1.3046336265236476,0.5037247651636372,-1.1768685882624257,-1.666694116072704,0.0986416070414157,-0.7380144608292145,-0.7955395811280882,0.16161387466187957,-1.5340706786879932,-0.7781857724965887,0.7151293107555057,0.2737704815287782,-0.4764921163092449,-0.12888936412466562,-0.5436649799718437,-0.493425496604936,-0.02166341726857387,0.1330850192964454,-1.3007069325430651,-0.4677386325077453,-0.33431469509244355,-1.5927016531077494,-0.507189564445346,-0.9324068649850051,0.6527854457144003,-0.09378529470236478,1.0057314464378369,0.8113569121757899,-0.2754558311378483,-1.2020224520960316,1.1898822629497139,-0.41495864317436637,-0.6882160998211848,-0.36421012238060596,0.2520113178393751,-0.3111942569609528,-0.2651358419359758,0.41904665427387594,0.013345722286723273,0.4045121235250083,1.2951278722050268,-0.6413468899794728,-0.7662851442742763,1,1,0.8956422555662548,0,1.0
510,-1.686318956636154,0.7019816409291286,-1.930565768658456,-1.0852442179145598,-0.39805623514656596,-0.2304683780053839,1.5046851620029729,1.0633107589771469,1.2528308774922507,0.4745504224020552,-0.7246787371375043,0.42755623504615814,0.4019069588008303,0.18385882428540343,1.0941554160679345,1.0748555420135264,-1.0879484289835974,1.0920400576776792,0.14674619768985675,1.0808807058074252,0.8636631455165974,0.1735984823891464,-0.16440223068511037,-0.6609361077322011,-0.04576485764469345,-0.3055145032769654,1.5105707352941244,1.2519050790956348,-0.8024512605625019,-0.43839013138671123,1.8668347520166777,-0.24961981591192858,-0.9913480372600141,-0.5843002711308491,-1.5358630615826063,0.5849288741863276,-0.6285474817377382,0.7256545100706501,0.23244673725491888,0.3336220735407917,-0.7779784292516704,-0.003694223709100279,0.02772488011731107,-0.10023577824196844,-0.21634220088757763,0.9499643315270043,-0.7720828643018649,-0.8320965791123293,0,0,0.5688501573585873,0,1.0
511,-2.292921969467447,-0.8198125148686994,-0.9466898346329349,-2.310494278480608,-0.81121230739067,0.45753347841680936,-0.10127343323764981,0.5496474973531106,-1.791157364402989,0.8830554680138799,0.15634786430663203,0.6556823900388108,0.27452836403842096,0.5702861513030104,-0.47706121746951474,-0.4619837000659292,1.6746875199843931,-0.8744833622368066,0.4915134217359629,0.02596181030691822,-0.6413702573155505,-0.34783389884033394,-0.6269045015445548,0.2152794745711868,-0.6401367697700346,1.2796237614139374,0.15147695615088144,0.14200008387289395,0.3371048508742041,2.4128298049567354,0.34263729491451544,-1.009023910423871,0.45457925481973727,-1.4448363303995955,0.16246401791773993,0.07258524893858724,0.28364229500458626,0.0816678858418223,0.854786874713257,-0.0820103462162596,-1.3949034360865287,-1.3311815372534612,0.5375867657586729,-1.3739000967884643,-0.8236129470688947,-1.341847334125126,0.6333601833179964,-0.14651957042058428,0,0,0.8413998953591948,0,1.0
512,-0.282914388294513,-0.2895032326643574,-0.7412184591325314,-0.47500701205333973,0.24100747877813822,-1.541454758533223,-0.5164350131288385,-0.7703354583596174,0.38345392040440995,-0.1456654503747952,-0.701613627154467,-0.3923848217811988,-0.11673938595598018,1.5463245664123955,1.5870320032418397,0.12483112650053724,1.3532616034146798,0.014515249881141813,0.5046778374733615,-0.15867899032570323,-1.4872545349682074,-0.3182893761677343,1.4256063700592891,-1.3345369091304888,1.227105301557838,0.6273368381553313,1.0774370697595985,0.3175526984422093,0.3184020142232362,-0.9502497115900944,1.8103564074875,-0.40546473017327445,0.9233070921572283,-0.44245038243351964,0.4385316785783606,-0.6507298047665803,0.43771845897807876,0.4524962218586946,-0.057358663620401415,-0.5109578091820639,0.2652304537753533,0.07800536896916824,0.7764578428633833,-0.13462048565914808,0.17605283967732657,0.5446635005938479,0.8509379734237631,-0.09640195119695526,0,1,0.5977856514182008,0,1.0
513,-3.1235725428444865,2.5255931790436166,-0.41606279047491057,-0.4862372888228826,1.9444655193718718,0.17218982764091603,0.1936276133296839,1.3873635634037411,0.8701564538409342,1.0194171005824941,-0.08874329274995434,0.44976803587157405,0.5029194760483988,1.0465196206667875,-1.5367551471301557,-0.19831941393152377,0.721863377452893,-0.46697753859897717,0.4069136606533786,-0.8837493258475398,0.1819398664071512,1.128302429809457,0.8748807575813654,0.6584775980319362,0.7966623906785625,-0.489897296772543,-0.44230992636249966,-0.8203009419574506,0.3314501027758695,-0.03417818057523892,-0.016668180417824353,-0.5842228433230832,0.5235235624838347,-0.4706520481510684,0.8428499578221641,-0.3330349559633941,-0.3247167382820453,-0.10574850262516605,-0.9949540745192577,1.112763041727458,0.9784084648960594,-1.0790238782055739,-0.34170832020110425,0.004256816595256993,1.1042654735236115,0.6198130181951712,-1.0695706009722157,-0.14156955841301766,0,0,0.9221808494816268,0,1.0
514,-3.1081364987906346,0.38859021956651557,-1.3872219431043915,1.1589886588003333,0.2589259624727089,-1.5400647347107854,-0.88285604625661,1.659235255190788,-0.4405163206498803,-0.38858477634020616,-0.39559493601692264,-0.1703196809363961,0.12104915420305191,1.2234127332085825,0.30254340081727155,0.7192783823557207,1.5718471318387657,1.2085308148191138,-0.18991338026879812,-1.163190371174406,0.29830411759181746,-0.2726162106028723,-1.7233460612429203,-0.5333461449892799,0.4625524773777166,-1.109396635303582,-0.8582840814067727,0.5415376907328528,0.37487315262856447,0.4653995353885434,1.270736664222729,-0.0932113768958275,-0.12083648520244446,-0.4304125020626587,0.47365538403956425,0.10957206828985218,0.623545592631861,0.14360783622166778,0.2885816705620883,1.0109201324265773,0.6267774704587399,-1.0221022202054832,0.16543940597062484,-0.28751173415241976,0.9196654933298102,-0.37430271443765495,0.17649149463928449,0.9302270364004105,0,0,0.8664710559687102,0,1.0
515,-1.0840439052122828,3.5768736453680394,0.5863173681699821,-1.0465081586404066,-0.3626546285672612,0.5364866967790205,-0.03459962822061046,-1.8435174178174545,-0.88589770055647,-1.058905497669241,0.13980968366803556,0.2646827592989369,0.24925628878787723,-1.1360537811184328,2.0074577798486626,0.3461724888462269,0.3343959738243793,-0.006139598744376994,-0.3113786607959295,-0.03609716401331264,-0.09034211013004392,-1.04620882015729,-0.2560559111643038,-1.2960759040567162,0.4629518203311419,-0.06725523956377354,-0.1510278308118497,0.6989576953583044,0.5184520795650421,0.6083191707789313,0.11337869335039434,1.077350477735779,0.31418053548542213,-0.9296615377838697,1.6126433946685343,-0.7197466424574697,-0.1490054425690188,0.08611806944467641,-1.3675491908779587,0.7255273420648389,-0.03203504760129722,0.3686056066662539,-0.8720685922485241,-0.5607333121538831,-0.5907296443601986,0.7093660618496749,-0.2677596735334527,0.0027161427594576994,0,0,0.6636744813488087,0,1.0
516,0.1640289483325609,1.9291780348017493,-1.7543458491601605,0.14621370924875512,-0.16134288687343384,0.5584295984340334,-0.08852899898229447,0.15120991059965494,-1.2700219449749706,-1.6614401212552292,-0.05504555125299339,-0.4288127835187504,2.057823609119639,0.6275965392337993,0.8230153836695184,-0.4832038250982101,-0.12098656634875785,1.5665603582514984,-0.9089739036703496,0.24935691517280933,-0.39597604420250904,-1.4489350980794993,-0.6913755968362674,0.7521508870587441,-1.0240402581386203,-1.1881440552587783,-0.7856652026331553,0.18839799147275232,-0.531629563303754,-0.08889289329314956,-1.1399712203335013,-0.12463338291810692,1.2106200490525398,-0.3692490666027649,0.1994311815406714,-0.23734496932795393,-0.4694467064717589,0.22586974842420837,0.6530239112811888,-1.0035038219217067,0.28378746941906546,0.42273664754750334,0.5347455137192528,0.8983330435414755,-0.19603368293238352,0.5068684155030999,0.6560528030007327,1.3308341356749567,1,1,0.6690486743627533,0,1.0
517,2.0508391747051737,-3.9114144604540644,0.5193942212618619,0.9360810111517591,0.08627219442205619,0.6903493159801884,0.02541786782287558,0.4846061720195919,-1.2085242092596395,-0.22438098103938273,-0.5522237688636348,-0.07526503460768136,0.07396498482801674,-0.20471473914955932,-0.09839985458554498,0.11987748621815168,0.9665155079154988,-1.2325952514111012,1.1710032688939886,-1.1796286785562808,-1.154449911336476,-0.21524979013669127,-0.15077032678227867,1.0000868619531045,-0.31623645818506235,-0.7680478167029028,0.5859676868895954,-0.44480872538665855,-0.23747246707849445,0.09377018128814306,-0.32879621054853514,1.5291184313238984,0.4884477617963073,1.1590056451397808,-0.45530507240365065,0.10026732969745936,0.7354370281330662,1.0148171216264352,0.4372008479510325,-0.8448489446113369,0.16248891823522774,0.7199340123687595,1.3595711323544666,-0.16408379822598554,0.49371745231818737,-1.695875914550143,-0.3608612005643989,-0.12759806412935099,1,1,0.8169968742958814,0,1.0
518,-2.4050439276375917,1.6898998004474395,2.049057599660348,0.731924857013821,0.32374254265083713,-0.5614032497289518,-0.05335538058530313,1.053056184921951,0.4120409250719575,-0.5250727389934255,0.6226451518936673,1.1011517747265598,0.5161627053096636,-0.8480244089007251,-0.585080043255893,0.8738729903510472,-0.24577415483810117,-0.06458817371106042,1.084097287570554,-0.3896067154175009,1.326319652890347,0.2347362410045035,-0.2524536659936651,-0.010036201279821222,0.9193007843913596,-0.10401014415168361,-1.1335888480602911,-0.4696029434797732,0.10172844473149235,-0.7576310906262683,0.7483944699599135,-2.0413489163228413,-0.1945329278047301,0.42927663157000545,1.016447001553724,0.013067069189599193,0.842028394404894,-1.0692955024079265,0.5548588902311299,-0.9521251813874567,-1.2450775254595807,-0.9737330420901177,-0.4221121773976512,0.03494932837293592,-0.0807171799517994,0.5527458610943248,-0.22201631541526173,0.33018681560529534,0,0,0.926024249598503,0,1.0
519,-2.261060700797362,1.76049685956622,0.5358189667516327,0.021253322375450634,-0.30699759468029064,-0.0727616550254817,-1.7301578142281404,1.5041760348674065,1.4536054627166306,0.6164039856604283,0.1147532950707871,-0.5589404260393495,-0.5354839565790825,0.7573498399755392,0.9285848036608991,-0.6974957181510998,0.28084271662407323,-1.3747116712621696,-1.6726361099993354,0.0035823787221006937,-0.38381041528839455,-0.3550409423906527,0.12184013807166601,-0.44605578477900015,0.08102801979656751,0.8311125987503079,-0.8758759753515242,-0.6035107908790378,0.6092808933713219,-0.9573476284095476,0.33941231944572253,-0.8588356770018409,0.09072473474928683,0.27612016532954015,-0.8316864902367275,-0.7379821445554541,0.1786971399384511,-0.4839149271328645,-0.7009387103676203,-0.04327875708610244,0.4740127108672459,0.7649807888801162,-0.44062469092417306,-1.3357573716343456,0.2261104062841327,0.350441319754703,0.0525328740855791,1.2324262762447928,0,0,0.8169639805374977,0,1.0
520,-4.943846643248074,-1.0323225236739222,0.8674055751382762,-0.2687166026001108,0.4089304955412866,-0.6007719673986804,-0.5904273238924115,-0.40797418266826213,-1.3656061355471458,1.20480653923035,-0.823791082841822,-0.9308871775288106,0.5386081076620853,-0.8826923790693255,-1.411161916391979,-0.9457422123740734,2.1591287504625307,1.6462318825906386,-0.4189618085671145,0.09954057966622487,-0.340749121141456,0.4896406385824531,0.2996941181918943,0.7309251310914364,0.02645812387308277,-0.05011057853269844,-0.4644803178667296,-0.8907277352072999,0.4183462746888759,1.0287454324460241,-1.392067529250941,-0.1325775929542788,0.325018728145769,0.5140661693681318,0.2033173449315172,0.7299264531099328,1.2386958150637977,1.0158299883753286,0.22490524306158802,0.40838740619587394,-0.37775322626564195,-0.2271056144296425,-1.275783789500597,-1.1410368227836918,0.2977650987053397,0.05786966633278957,-0.8186198906127592,-0.7382289653180686,0,0,0.9662448068309326,0,1.0
521,4.952263710988947,-0.9215196197877423,0.6095086556159688,1.0291866117163742,3.2171812920274667,-0.2851562190830716,0.18651192259817506,-0.43306338422327034,0.4473397181350385,-0.3416678789210822,-1.7478760554542552,0.04476338046518617,0.44694195455517566,-0.19237946725214664,-0.6612071738373223,-1.199939992296142,0.8580609416020216,-0.9273394072835386,0.014582317487908197,-0.2487705210173291,-0.1225957833134462,-0.46855860945786454,0.509852137460339,-0.6686991497074967,1.191985114583829,-0.5155755385038209,-0.3085115922939735,-0.8422542312052895,-0.5305452500663904,0.4229093598426344,0.32493435616258476,-0.9204879296698467,-0.7040038738556939,-0.34758643604224476,-0.03630693759361921,-0.007752904372382404,-0.48525880385004105,-0.21849213769556844,0.16882720595486003,1.8605442590085253,0.22022254545196265,0.6070938379098195,0.3326819838589884,-0.2912995639085379,0.6600865254743998,0.40066731528386507,0.2351741999058649,-0.0244046899510571,1,1,0.9440574885511938,0,1.0
522,3.856438767734845,0.7676799936149292,0.07222365880469217,-0.0005663532749668704,-1.9907534443101313,0.361714255530708,1.5267865895105899,-0.7941393221780375,-0.9587630841676352,-0.6609875215149248,0.8459363597429838,-0.16968966588857068,-0.9051320805550693,0.8631094814546534,-0.3945802925434879,-0.2715546205644089,-0.3251915014268192,-0.9227957829020104,0.5824574722531475,-0.16541426910346727,1.7396981435825287,-0.6529943725494277,0.7114048995402034,-1.641545980554555,0.39712856139072,0.23857372623476686,-0.22797428104607648,-0.008771781169409108,-0.2022354341696509,-0.24964841771200982,1.19377131415585,0.8750873870293011,0.18823076395965466,0.017337060687489442,1.091491149487057,1.2136083803617508,0.31739976200524983,-0.48756782446940977,0.41647208932078056,-0.5742409893616293,-0.6555523946480607,1.8334263842163925,-0.4074978329453414,0.160320391810307,-0.3984989658660727,-1.3972012093827906,-0.1424120477241416,0.796527933911945,1,1,0.9497881684524319,0,1.0
523,-0.2242925532466578,0.20759771917388106,-1.2955049994361514,-1.7923592991587627,-1.338643954234095,0.4960141800785113,0.3502314985289353,-0.006033004487639426,-1.228457188672339,-1.603750577350825,-1.7305664419678366,-0.7459602846867468,0.8922572957108912,0.3643045331595101,-0.6065274321848834,-1.2167455687609956,0.24335864705499816,1.6421302516546739,-0.36628577349768504,0.9602909179543471,-0.15144133485357447,0.005158221624830429,-0.19633098357143836,0.2597837500456168,-1.0374534907815858,-0.5141136771470975,0.025193111767453223,-0.5974478131929004,0.9313933337624926,0.4548179275131673,1.4412034633796733,-0.7825907093477072,0.8602424148878727,0.15410021268966137,-0.8303316773134946,0.6643855668453549,-0.5822239954433333,-1.4062556728804714,0.007562054200379667,-0.07539672877745657,0.7766937157692901,-0.41749062440225265,-1.4015324760776797,0.26646929812978687,-0.3337390221300024,0.5513340207352875,2.264681323447303,0.32984895264429037,0,0,0.828562502323302,0,1.0
524,-1.4746132452575562,1.131096558978555,1.4821810124975554,-0.5890912942223994,0.038685170917092844,-0.3510863338645762,1.0981387973869114,-0.4858893752813415,-0.2706196325047669,1.4932825820532623,-0.8225244188016249,0.2980779929926163,1.1772750072182714,-1.3630328771095919,-0.7454948726864575,0.26241234564445376,-1.8946136770906203,-0.8676298343170655,0.660021811431555,-0.33804898799186667,0.889005780737428,0.7546013623090746,-0.8016151991716085,1.4056212848344773,-0.05245243083143647,-0.054760282136507785,0.7507550027570948,-0.046327887186331525,0.7684251201995889,0.3935140629963072,0.0706189602493338,0.1291432529152339,-1.4490548969393893,-0.6624800938388362,-0.27538154146424776,-0.4430427152372126,0.4221484798388129,-0.08504258236872826,-0.8154387199877261,0.3425996541983624,-1.1075569830501248,-0.4034027204492131,1.2132667714046568,-1.4203141381876143,0.37058462379989937,-1.3418304456442067,-0.10269675718961209,0.47993233985428424,0,1,0.5167345156784461,0,1.0
525,-6.013629245916713,-0.9097879491411698,-0.03250496627401549,2.3665056779415328,0.5347738650365247,-0.013511462875672169,-0.6571036814561377,-0.39610111735997766,-0.5757040454339472,1.7446799104477102,0.7107069632020294,-0.401993097240881,-0.4151307960733008,1.561698598891195,-1.4162196193259067,-0.9262935386942839,-0.30389509860796393,-0.9673341916866387,-0.3759397883931291,0.7377427782402277,1.0116283705902824,-0.5447072422296837,1.68029267011492,-0.6246538452506468,-0.3411080358401452,0.1901668976853791,-1.3411420345804734,1.0640149525351492,-1.312687893175979,-0.9857890516685651,-0.2572254284370106,0.48457216515045,0.338875396426837,-0.43448686882132287,0.20310981933637748,-1.9271457947206188,1.1382452651421673,0.4924713568229669,-0.39077376555298904,0.12916135675994095,-0.09844278434235146,-1.2457821698794111,-0.8567244305696095,-0.674939083803336,-1.7606170898091649,-0.0025990526961171597,0.05246434625065096,-0.8993463224885561,0,0,0.9742645934082018,0,1.0
526,-0.3830909421132051,-0.5828390630809649,0.5507114270916436,0.09432783544422345,0.6533954785484337,-1.0663904916052351,-0.6455606507631355,-1.0018123902461413,-0.24495877459105128,0.15453628244810824,-1.1785885210176008,-1.0557970415693023,1.2281239940542177,-1.0418076783370138,-1.2674645596787233,-0.8432145561581084,-0.3383777506050381,1.1370755435965194,-0.5752223335782077,-1.4503815474933972,0.0447701922976281,-0.8368766464827363,-0.27981604381091035,-0.17240978918579952,-0.879061026201761,-0.22222257953246394,-0.6278460375677055,-0.7052462790855393,0.3414546142102362,-1.6810220439299077,-1.1234881151173313,1.6510964713589482,0.20317664164373486,0.43114044500252546,0.7896782449442049,-0.6349148942837227,0.361113437813129,1.009673003741793,1.00377040944892,0.02775031295476736,-0.06356609036346832,0.46752134428059977,-1.539923576975297,0.7063716051086922,1.2227692707404008,-0.6010320742815677,-0.22393945698364523,0.5379729387717532,0,0,0.6586575287744163,0,1.0
527,0.3215531990278491,-0.7970855921303116,-1.3906452553885582,1.9171491090112427,-0.34375783304604646,-2.1218654199922438,-0.5266390480158614,1.1223632385957125,-0.39520653465891864,-0.6622672385512517,-0.03417889385036238,0.3669103378283141,0.8693691266315813,-0.15504489028032156,-0.7345471477099229,0.9276407979790497,-0.003671840961415122,-0.0984121217161028,-0.0786783565070835,0.08239907286803677,0.9077015016544151,1.104848836068594,0.98253722702603,-0.39736591401549387,0.25848114086139884,-1.3364556420971845,-0.7128027579427233,0.23239106398286988,0.696322353493266,-0.08780677768336184,-0.0671488131830417,-0.27142877261627874,-0.8829437887022178,0.6543186692494978,0.8830540080280003,-0.32815036535708725,-1.175519469207811,-0.5184899825640833,-0.0914670715785637,-2.0476793629547463,-0.846069985383008,0.061039857309726206,-0.9419747596012839,-0.9220129892558634,0.7998176395170583,0.2265107797019265,0.17657907185477698,0.17182896967897712,1,1,0.711113191367176,0,1.0
528,1.5090394151103224,2.3166395581928434,-1.26252101774524,0.054878126374983766,-0.11624212887760454,-0.051994589042670084,-1.9976095904845115,0.7942345911714368,-1.048399454499403,-1.424284785408771,-1.4380489998710746,-0.5938683448071466,-0.06183852896814768,-0.8797159006125349,-1.4780164137156737,0.1922871008940214,0.23590693883424374,1.129967969810833,-0.030333981058540155,-1.7855139353247074,0.6394215799361075,-0.11441066755553653,0.10320573377914631,-0.698936995154881,-0.6523244467432512,-0.40550263616581156,0.058476400858232296,-1.7172594026825447,0.6155273259174617,-1.7216003779433073,0.24025078456187957,0.08742988507095804,0.859037093243994,-0.10395158852111988,-0.5589445774701469,-0.45549266681489864,-0.4025472862085935,0.47028747223272444,-0.1335383696167412,-0.32671220220976516,-1.0908147172415033,-0.5068178372628834,-0.47127188439218154,-0.8150363192509805,-0.3593079499552599,-0.34941205883993637,-0.02487338022261791,-0.12263704174885985,1,1,0.7348950864114432,0,1.0
529,-1.4940436470706517,-0.9740641395970077,-0.6458640075431537,0.4064955375660017,1.6796776365109605,1.7580080098015036,2.1917474439383486,-0.5435485154000332,1.0853587125365438,-0.3387126224648431,0.06954349251887358,-1.6192055356640893,0.6141026751791138,-0.9077584121180816,0.3675334917119866,-0.3400433025178142,-0.5054934868947931,0.032621660402303077,-0.4574821356541167,-1.649597198540825,1.3013464142342082,0.5862993444031047,-0.9908698135055141,0.0765645984216085,0.12716982104627647,2.1455983091169473,-0.32259325144944007,0.8910711954029562,-0.2816837489802759,1.7719768751053007,-0.05853401550439915,0.31792418319095195,-2.6190754524409248,-0.11681160647529289,1.21088719203596,-0.2532481642005779,0.7619937449956042,0.4401916592370271,0.3019924788762462,-0.03741702614382134,-1.2530260493855754,-1.2548757247612028,-1.0928901041084902,0.5450201290774396,-1.2224368852998497,-0.9515392128696503,0.4956600868560275,-0.4034152081226854,0,0,0.7679964681065906,0,1.0
530,-1.413419922857149,-1.7535093232740884,-1.4430038260841178,2.3614624511325095,-1.9493952110226458,0.6915958468928258,-0.08271206973163212,-0.31621235948559084,-1.0772870617200387,0.5074201151839083,-0.05469573451346727,1.5114749506762453,-0.40078876322959534,-0.7522270386014667,-0.19273917045984118,-1.561306928910128,0.0864412202974293,-0.1119879214640289,-0.3053337609761928,-0.23165629744241187,-1.4643726162394708,-0.17578814540696835,-0.5695619561157436,0.425573584010461,-1.0719789575520726,-0.902215363792994,0.6320357085834433,0.3880446545396065,-1.2153915896019731,0.6117895650253184,-1.3694325740104063,1.8559595901206685,-0.1770061145061259,0.26077181119390624,0.9475100751136798,0.22561573014823388,-0.4254495094816943,0.8461443762042516,-0.4833825593821093,-1.5678773606974228,0.3855976243230757,-0.6006632073134155,-0.6135516476257767,0.8898446130479584,0.20028756822187602,-1.2987771343068042,0.3778355085895551,-0.6227278974282192,0,0,0.5944482425373242,0,1.0
531,-2.089204825562223,-1.4442127779331102,-1.0587943595085691,1.2524719991796889,0.45411061510965195,-0.1435097623914604,0.2362171530787407,1.8668953512483693,-1.514805905324176,-1.0194944619858872,1.218093490285212,0.6389818724302684,-0.9914334223189027,-0.7878762203052118,0.1787044311902249,-0.4453439254148493,0.22996642897322542,0.2696743832477712,-0.7707309216765711,-0.35602966283116483,0.5821748785342872,-1.0257493627233798,0.5609026677853182,1.199192894313683,-0.3881926540430636,-0.22578344132895464,-0.022232501220453563,1.2354266309997328,-0.840997445254184,2.0329908008844275,0.24912685359090453,-0.7535528216895807,-0.26552068816149627,-1.2274769258147264,0.6716055593526444,-0.23859107968257035,-0.3634498689218238,0.31365204592855067,-0.03316521524710667,1.5010053848983638,1.4589798742431714,-0.4979060272550797,0.31418829877030774,-0.748295056840166,0.79995696081151,-0.6422331260101655,0.39659904919482625,-0.7573392253281875,0,0,0.7759738702440253,0,1.0
532,-4.555226746450124,1.045829241821679,2.825091177979049,-0.08492658301834474,0.22873919362678183,-1.2773147864315066,1.2490744617733145,0.09160866992685782,-0.6935134053021959,0.20533204326489496,-0.4626550689572033,-0.793213386930943,0.3279072865528822,-1.532034281633019,0.8446104806058462,-1.9985763482056202,0.3386846845523292,-0.3185987850661859,-1.1775076610686521,0.5149813622270116,0.783592232667739,-0.20622095877329236,0.4218096339291314,0.21661399829985797,-0.002689664469275836,-0.2867015365555483,1.0392983763243522,-0.6130388082653888,-0.09741971766386924,-0.14220602669827814,-0.7720213264536943,0.40671820173299716,0.018848101321701928,-0.4264699049573244,-0.622243416288029,0.4160745622526467,-0.4330062777296144,-0.6506600300382854,0.11158526781172566,-0.5184616536006886,0.533516141118033,-0.43455109874278375,0.025353872335766862,-1.1334857623249115,0.1467809249595105,0.23027804088705947,-0.8295424696403823,0.3439302557030364,0,0,0.9120012878550616,0,1.0
533,-3.8954274616011437,2.2832116482029505,1.819531385350172,1.1452240782967729,-1.1199604613240797,1.2812879147946714,-1.7749868971958935,-0.7016894703290315,0.6303606883321116,-0.11125462212994902,-2.4306291905176907,-1.0681089717288805,1.5241262651497114,0.34559376876559567,-0.6401991660577616,-1.5072245185651518,0.7302103125964302,2.162302652943701,-0.38579970969110206,-0.8241172201456534,1.4821448145609917,-0.6945677009496194,0.5829696840610223,-1.2223678683378034,-0.1656057141762734,0.432639405113735,-0.20966894912220782,0.039644157223973596,-0.4551140698829834,1.0292246139136776,-0.9366630259491617,1.0909409548154956,1.06734198399091,0.5998428591313669,1.4757877695479442,-0.04440733835505186,-1.0268459719927467,-0.857225858986609,0.16436507908550269,-0.8222578347534548,-1.0589299848161586,-0.34439616549518287,-0.9842690522540496,0.5397648678369413,1.4953395918248527,0.11762295852210253,1.4436661373788657,-1.6469046859969108,0,0,0.8931186083901076,0,1.0
534,0.2019002342027145,-0.574843795258455,-2.0852233091972017,2.1529318345397965,0.7909730541748574,0.35093703907685303,-0.007943298578914253,1.3584632082592243,-0.20616427911625082,-0.6480113994054221,-1.1942426011052292,-1.6996509441910919,0.5649502267489603,2.521806637720614,-0.3967856343296189,0.3103228271829269,-0.7296466327820184,0.15976097063286696,-2.041858736414161,-1.019202545488716,0.36333167988341536,1.004189675608329,1.1921471652133768,-0.2165653297583049,0.6290602456390909,-0.38338490791771684,-0.8562760195163563,1.0529302398168725,-0.8666266839935223,-1.2586187948813314,0.4467709518606384,0.9637641659493805,-0.21895086200090524,0.7453611880334455,1.1525377370705894,0.594679575799599,0.5812292049933863,0.05994533254394534,0.19738795179895818,0.4957492750117814,-0.37703747053213177,-0.8730492630031998,2.4614559768636286,-0.0037741985115516395,0.6618507731786535,-0.507301615014688,-0.18488191588886047,0.20074050974917124,1,1,0.8582387972468551,0,1.0
535,6.194505715048124,1.6242274491226154,-1.0467798367618266,1.1111184518875745,-1.3968971804575376,0.657286428306008,-0.23030574102197243,0.5459289786097501,-0.437834804507717,0.5952596212719325,-0.7843052957405421,1.0216524389309882,-0.8669253314564618,-0.8833371345953182,-0.8253942808358995,0.25983343603428455,1.5794873725628036,0.2582470821757972,0.2144902025252293,1.3899497883271652,-0.6068270252429786,-0.8640527695369394,0.8955175114276517,-0.8409941417205676,1.171138454432546,-1.6252015605966226,0.7237472099996102,1.9468990150536503,0.9494542069485274,0.4149333170352757,-0.6252258464514371,-0.6764237714553897,-0.24373927891409738,0.8287361624941129,0.6370648686285939,-1.0070169752425537,0.5802426979095967,-1.2418084365274957,0.46114696892352863,-0.15295941436760888,1.499366655769234,0.5545143362530189,-0.1398517953030823,-0.44919047602433726,0.29880162187805054,0.012423022155019446,0.16393132088646659,-0.4241882034201275,1,1,0.9568971870970299,0,1.0
536,1.2548268847096042,-0.4815139643562451,2.35767676359268,0.09257294748602041,0.7611615085047311,1.4383888279055208,-1.9162828406371344,1.1725130990710857,0.0027741611443799614,1.836170566327447,-0.8155851901497372,-0.6264679893217479,0.10323451577288571,1.2525530163953256,1.667362885693612,-1.1045549446345302,-0.1488292477489892,0.7324568681607639,0.08160082713657187,1.8761824821558573,-0.635506629043722,0.6520262648481122,1.7282374265040195,1.3067921995783671,0.8682844543508523,0.7612672461571537,-0.32545332978617736,-0.285192700809157,-1.2552011497309055,0.3842864675205002,0.3196754136839925,0.6955902800428575,-0.8782531568535524,0.34769301031024996,0.7971754380290239,0.3570788326115959,0.4636258324930338,0.5534008025738223,1.0274549552788406,-0.34692856127424565,-0.3305455538414608,-0.6299903978302173,0.5158358718869457,-0.2494049501020192,0.1274830550928054,-0.7780781576377627,-0.5314940811887997,-0.13852321726109104,1,1,0.8164767951019911,0,1.0
537,0.595962537091441,1.3257585977737907,1.720571526456195,-1.9430134209486352,-0.2637401011189389,-0.6332914243027796,-2.1500839141110353,-1.654017508077337,1.8950654219343435,0.8035687415696334,0.410260112299755,0.012937227908950712,-0.5812378880594223,1.348443692902601,-0.42910086393087377,-0.6215585746018775,-0.8596173687739969,-0.6514105767085383,1.6914336345743526,-1.5293273186107093,-0.21268865321234792,0.4131383588620069,-0.3698944268828248,-0.17373238612063857,0.22914995628103751,0.1656182227368765,1.4070158260360695,-0.06421652946043233,-1.8903761396043106,1.7427021754691217,-0.6066780027635759,-0.2330629409543106,0.018911716290750426,-0.312720253045717,-0.8389726677878143,0.38235262862839114,-0.43045397584670614,-0.09232740026436019,-0.030783619589459302,-0.5526353482433771,0.14559011357036883,-0.28441101012314446,0.42826751809545155,-0.7309535704903349,1.5258860347661165,-0.16874330127347822,-0.3560477336295943,-0.830203700622537,1,1,0.8688291702358572,0,1.0
538,-2.904638758228242,1.1406540305704123,-1.2841700953111104,0.3704891353487189,-0.6019379309580124,0.4104189843084632,0.160319910160259,1.8084107252391464,1.176747488027668,-0.8094683023391678,-0.5897656601646359,1.8052897235764442,-1.3367663475085407,-0.28095738888141153,-0.6990479562185923,1.0968778773453962,-0.5202746562366862,-0.024885079274092815,-0.7184824159818587,0.518209399267956,0.30557727327056255,0.794979292194544,-1.9992499354505346,0.6462699677566965,0.1907409908229524,-0.6187929562561157,0.5767806958623609,-0.2654083986347307,-0.18693094664364882,0.07978678759613449,0.4206724198561351,-0.7721759854475718,-0.32014110069464724,-0.4312782508072373,1.5456153921439635,-0.09351244956704846,0.011361261815813742,-0.19593822758962956,-0.7026188006307816,0.41953655026916226,0.1069291708445812,0.5226433813182155,0.308672691674506,-0.4993368169205296,0.22416505495126704,-0.7729606403811783,-0.6408167757550014,-0.6836890316115862,0,0,0.8852366782155606,0,1.0
539,-3.5353224151741434,1.12070822212753,1.6673819739772102,0.9438826726671924,2.0651859295768604,-0.27574038164460796,-1.2028470665125566,-0.7808637678644734,-0.4713564223575643,-0.5525266333539535,0.29616717253503594,1.8465476682219581,0.3804691476415733,-0.7352560107121183,0.7860977310446886,0.8716842691808653,0.9690839905809051,1.6152557684122484,-1.5059638059025997,0.8048591390898187,1.561831099143349,0.6813215812816487,1.0083440467955929,-1.1440979173592714,1.0665569114172957,0.7310292507206639,-0.7921548778345204,0.4201112115684099,-1.1854849180889846,0.35084033817892224,-0.5609832062743476,-1.8073786400175484,0.7406694582523297,-0.04439316529429205,0.44688259177352185,0.028875928637467248,-0.34090673671041266,-0.670541354250881,-0.1610614340421799,-0.8861598713298005,0.04809909356987775,0.6550252137336414,1.4394057951794939,0.33047834140629007,-0.4764086373933945,0.2859810732983538,-1.26247410069988,0.0796297303498548,0,0,0.9002951002925995,0,1.0
540,1.4103886405418555,-0.6555518674138076,1.2790303950715711,-2.0541650951840267,0.015457976212172838,0.4060261718099281,0.5289405678584786,0.4247833377768454,-0.32164652521284354,0.6088898428493882,-0.6672637807837615,-1.5307581569497755,-0.23383601636345863,0.4164830062182831,0.8115133099600346,-1.5685796999198065,-0.42470722761060975,-0.28924733098841215,-0.3024969484680502,-0.3596967380491374,1.3481720147109006,0.4650613693512262,-0.9712445806748601,0.29104074005472497,0.0836153800608443,0.5004531113130742,-0.7724718879378648,-0.8970624413261121,1.1407346951599975,-0.2436715198717461,-0.5727607433119507,-0.5056904217398717,-0.793266507201788,-0.17458863394387916,1.5630949083196923,-0.6980369558929546,-1.4902752195008377,-0.6177209471577176,-0.44292232254920555,0.02475406240665415,0.2926358554724873,-0.15727563076037146,-0.42857621155959863,0.5330052224521363,0.21633120757303093,0.6098435327177956,-0.008423038663999185,-1.0550165022178954,1,1,0.7122011772967781,0,1.0
541,2.859301118714941,2.0788837687453525,-1.9426042629733857,-0.42793360919221646,0.36865417547719576,-0.287931416359095,0.8830559639927767,1.4243293275987967,0.8306017333798772,0.8576688732016557,0.14609294216199345,1.2996918728130036,-1.2916437210491867,-0.16464687151904142,-0.28205427678249706,0.2073612208861887,0.5894322364966508,-0.3500028031219519,-0.5136350844427983,0.738250662145374,-0.9686611187286757,-1.1269641691560994,0.288952651849421,-0.35645652876521294,-0.5210720833819293,0.3791425660886782,0.4797666278134226,-0.15654673597864366,0.3044835241520363,1.2316970990842198,0.4256358744308824,0.008263838709514797,-0.22500271555647466,-0.4722095604365198,0.7446922385522338,0.8585445635596197,1.212088879551438,-0.6921794253788324,0.4299843644799136,0.20462007458573594,-0.3435524114448309,-0.7268432234280293,-0.8094597626243972,-0.7152904323599282,0.3453330512173681,0.9634861922336245,0.3986503893042125,-0.4557562695843599,1,1,0.8341637130120755,0,1.0
542,-4.2180696687728405,-0.3118311798867421,0.8150672533766361,0.18247508208742308,-0.3660868658826007,-0.5017457482453285,-1.555182376532673,-0.5461064989948708,-0.006731078930394725,0.8022373349587222,2.172119818641588,-0.7694962780385196,1.4824838816827557,-0.6911172983302574,-0.20365200452710208,-0.0446787889675502,0.7889203217840155,-0.04786029583245746,-1.3704902963766803,0.40943341997125826,-0.6802020635343818,0.03557693847729229,-1.8327053060684197,1.2029456889867267,-0.30262975665166364,-0.2873887333767251,0.6706643876724991,0.6829278167069575,0.335683629751425,0.72944784687177,0.2876516252358108,-1.216159358001421,-0.0888950172097249,1.2286361077880323,-1.376299583505664,-0.049577838780640954,1.4051611531003223,0.3341479979479491,0.5769347677955852,-0.20215119370001094,-0.19897239813453865,-0.6864345824159687,0.31195319412996075,-0.9342616296039986,-0.20308546920607506,-0.5116411313652927,1.6310420329007045,1.5279339637619622,0,0,0.9753018944059081,0,1.0
543,4.350652864797618,-1.1632185549703096,-0.031827401065102186,-0.40493655133787076,0.3180570384520015,1.4640780598510221,-2.0649534414378237,-0.9272925033125167,1.0211481988515831,-0.40913029120553845,-1.3535739537818168,1.3980723618927915,0.7569712464930839,-0.767353216135399,1.3992776594110385,0.673919229822926,-1.936888081978095,-0.17627589525845647,0.8826880361364297,0.2420633392961308,-1.2465524035447264,-0.43589156250995204,0.621928673207192,1.1702980621721943,1.4894093298045215,-0.10089107307830934,-0.3997464334427423,0.6908137395333839,0.17077068524998001,0.5170748724454637,-0.7847394984141525,-1.0852488470998882,0.6644233683803269,-0.07861095204076152,-1.6969087773273996,1.6244753000058028,-0.24908592509206404,-0.01043612135980441,-0.1333840300617005,1.0531432841315804,-0.5595959085531766,0.5802657059382033,1.0019715704879866,-1.047932290718212,0.15926910097271352,-0.8605005496715618,1.0316398588353597,-0.7828153118768542,1,1,0.9499907609319612,0,1.0
544,1.8616114318353594,0.40173703215643214,0.7960403991563306,-1.4855619968128726,1.3161465673100126,0.9104374343276124,0.5348590542386521,-1.2628826986815813,1.3183113831792175,0.6075954018713511,-1.381726176822074,1.2847082801004344,-0.604192923463774,-1.5907600426542614,0.2162343874441587,-1.3139585297734842,0.4369354697105783,0.4307410244384922,0.0008946714042067069,-1.2435909032934165,-1.6098546883575762,-0.16760747497804745,-0.8292201904672976,0.594563263526608,-1.655707585336164,0.6758013351211963,-0.8183882071930976,-0.20247024980390896,0.0782955730395244,-0.5484625070537252,-0.41947146929925155,0.05625594392255647,0.45741582486692717,1.0372374799701494,0.5061586086859566,-0.7428278077964475,1.4504637758923602,0.5749412964578787,-0.6880600472058102,-0.8745613157554567,-0.31057684963952537,-0.01584312809156656,0.8187107166306181,0.2685657088894836,0.6779915740359446,0.5160019618546782,-0.6399896581416618,-0.627218507375187,1,1,0.7184169036935162,0,1.0
545,0.912432365268196,-0.04429176048929944,0.9871001412804761,-1.1992154838206588,0.5400835837835983,-0.1939571084784695,0.1558851917344062,1.164151160327699,-0.24274447032442767,-1.1203279080813355,1.168511083928207,1.2788562593512613,-1.7806551118215415,-0.3685422831419036,0.24707422863795475,0.33736446357335953,-0.9497385034788538,-0.030266478890283804,-1.2043884874062907,-0.24922172642093202,-0.5291891954807874,-1.486171390720937,0.7767331385304754,-1.0615955795735679,1.535025268076512,-0.4411272740088026,1.0009484001079525,-0.3134016939812206,-1.0026471027002832,0.521848433525007,-0.5578315582405465,-1.608661293219748,0.15462205804076495,0.8375413513581307,0.3500031382001526,0.1332389639433766,0.378287304509132,-0.8761803420169393,1.445681496072919,-1.781263794018348,1.2125562042001803,0.20959543433491737,0.8149212312511896,-0.02237477432568093,-0.3953440322168449,0.05372768792424976,0.7049443667010554,-0.1781353283131082,1,1,0.6628749227653628,0,1.0
546,-1.8013224764072149,1.7467614302129024,-0.46133301673461635,0.06481387905561549,0.43871497361652273,0.9991234395150966,-0.29577365854082827,0.3204042038021034,-1.052926762338449,-0.8160090502353929,0.8749428354036577,-0.01041303746313833,1.602299005830025,0.8682965516341512,-0.6303653272283607,-0.6863755106817252,-0.33559339962480667,-0.29637932347535434,1.061155517269023,0.9253192847818159,-0.84688454754319,1.6837316615516125,-0.10344634809268466,0.9997103919225181,0.6571529667513799,-0.8039239981253181,-0.8057025069129523,-0.0035541289581056262,-1.2513635958417395,-0.48964338072538927,-0.014017723374233895,0.5827994644396868,1.2743271407237404,-0.8386289147652677,-0.48715903814591244,0.7105933618005501,-0.7303677956169395,-0.053283244512166705,-1.3464181811584524,-0.7774727779491717,-0.24908693274590904,0.44824498356633,1.296737611546216,-1.26936391806861,1.2426717247148629,-1.3365922778999393,-0.8783290520529858,0.14463494807334273,0,0,0.5550521706021171,0,1.0
547,-1.130769611472609,-0.6562062065875606,2.222596946985725,-0.7244316935223004,-0.8791989068978459,-0.894598612562296,-0.0028967355517558534,-0.3475691519391722,-0.04079291591036384,-0.8711272196259037,0.17745381553734588,-0.5116883278696415,-1.2425290490183025,-0.50203190449573,1.4557209207130593,-0.13840830641555582,-1.1523605737944065,-0.1993404499327242,-0.1945416392718045,-0.2982227369455451,-1.4025685007510589,1.4323345427805307,0.023389410565788683,-1.0748684223782374,0.3722330121030194,-0.5341897854755686,0.3000978011820623,-0.5066329404379054,-0.8482868929005991,2.0907584872943143,0.1830850354909964,-0.6236603984941252,1.572430892226458,-0.21785195337654278,-0.1625241135287132,-0.5677572278004813,0.1790528022956348,-0.6621411562357827,0.7001714831490351,1.017537616470611,-0.058713555813034515,-0.44723071703896505,-1.6898007111621633,-0.25081099929843664,0.4331640396879467,0.547541011301483,0.16712767855036387,-0.023193018791584686,0,0,0.5336200190537621,0,1.0
548,3.8434025076533964,-0.8570868897806305,-1.146668937731788,1.0351491641551216,0.4023273837183382,0.34092118154877793,1.5408391235328327,-1.2801853693821046,0.47799608244190495,-0.21760684295747346,-2.0275538223092187,-1.4105600029079393,-2.0398754730392405,0.1318070409498672,0.5755502774090627,-1.426480368590211,-1.8575061718138204,0.3311743094270854,-0.6990191844830608,0.5270445960519478,0.3431572247348702,0.5219899942677207,-0.8537270358575677,-0.863354924531612,0.045579756506666146,-1.561400321095625,0.4585379860517388,0.16483699742310198,-0.258559052434265,-0.48047379235145965,-0.051047554552689965,0.5914128180817344,-0.15014164186110626,-0.09527140750983798,-0.38599667325304676,0.45222072815249975,0.7042212084627778,-1.1779032145200972,0.06644527882230984,-0.00933020025204038,0.43568063315097716,0.34991015088652205,0.4552830089589304,1.067967408914216,-1.3531241772359428,0.7034663222481183,0.5893338618510728,0.10935547139822935,1,1,0.9337767452152543,0,1.0
549,0.8969931420280356,-1.177501152281005,0.4645747542925703,-1.5246906157446365,0.9134578830774485,1.0761552211245948,-0.20639032204258817,0.954465240610583,0.33798281300010236,-0.36856158160678953,-0.8866622157801655,-0.5656692737716387,2.2004710062662154,-0.49131373674763557,-0.33835270546533,-0.22127118773090262,0.7000295744794623,0.5140130441126923,0.41144033837087746,-1.0684468433510064,-1.2541502085800165,-0.7042408173323377,0.09739764839960847,0.21626580209630025,0.3670403052970833,0.3417713654238485,0.9703274263975279,0.3177985310350486,1.4213377572877717,0.44025223363365223,-1.3388806581713135,0.9002549949281282,-1.6694893223050762,0.8755153909137617,-0.43066480995552064,1.1589623491221337,-0.4315953947714479,-0.7417666042348994,-1.0431080735811382,0.3427493812893061,1.1249312019321862,-0.15012719324809698,1.1053721528091731,0.08405292833618756,-1.4544412905100517,1.568769575699849,-0.20866791214414296,0.19558656514253797,1,1,0.7252911144132365,0,1.0
550,-2.5102964480017262,-0.11219131111761799,-2.5254128080572977,1.6862611509707113,1.4728885913361838,0.7513764859556796,0.8515629609986116,-0.4404898743103375,0.009033797159506422,0.2834972066315102,0.6270639991943414,0.03689175424298193,0.1785710221649669,0.16563919055480475,-0.7072531224476309,0.428913161974928,0.33129815591187,-0.0800097437985985,0.22024951699507506,1.0100158201287528,1.6862808663846234,-0.2899658941797351,-0.6529311999670481,0.6485004062166724,0.9831102904088586,-0.046359309688613855,1.8796295518117572,-0.4819276845061923,0.4665237640913185,-0.22994977702992558,0.3240134520629643,0.8472233457850848,0.2858003196847919,0.8903744666081576,0.022926589998468437,-0.039657706760310066,-0.4118338436330039,0.6057175570786845,0.27762272922827763,-0.9017566810003331,0.7390250042067644,-0.49947353776796927,-0.23425951704867773,1.0371888495246326,1.1188128006825522,-0.5461684788353892,-0.41881276835304665,-0.8448458495083842,0,0,0.7898881780272919,0,1.0
551,0.4970004928240587,-2.6377975283877273,2.4935490438875427,-2.191089438442356,0.6619455235922178,0.704085221037162,-0.20490923923312915,-1.8495366579470962,1.6706255898501214,-0.07685264922900462,0.22470220300518606,-1.1272509130912745,-0.38266187939810786,0.041281866598023756,-0.9884312025458345,0.7078152600172191,-0.40143690722359165,-0.4761482276554674,-1.24751906642406,-1.1231172421011049,0.15239542182156798,1.2777884232331038,0.4306898202942697,-0.2093879685338609,0.18326171122926277,0.23680132877430116,-1.1733620914771723,0.1530726749283343,-0.5335355041661436,0.616182494567113,0.7142618645016341,0.6267293588366364,-1.112193919352626,1.2543269946567612,0.7934673255885278,0.9917805294784611,-0.02840952329175589,-0.04103314994233031,0.23522361489647478,-0.6391592315044361,0.20393610948623866,0.9598621861399229,-0.48049311432387726,-0.37771064983112534,0.34404035494144913,-0.012590995406330081,-0.16495346725151838,0.8633180705568845,1,1,0.7337715717753355,0,1.0
552,1.0135965351104907,-2.4828513578463185,-0.7627213644829582,0.8013833452594795,0.5537245257830238,0.8284857965039566,-0.07401347292203364,-1.6875017664805452,-1.1533511168601267,1.933552553145026,-0.8600785812551007,0.44482666633161705,0.18916173468619235,0.5979235014070106,-1.0550314436586583,-0.937948524907282,-0.3522859223894161,-0.3315203210946544,0.7656407452144289,-0.056858871550375015,0.12195348153499544,0.5887438569781492,0.8606913836139338,-0.17789433714215247,0.539424330460316,-0.4902916803074371,2.105842506954131,0.3023548690991117,1.03819924902833,0.15361430065525755,0.3250140188306656,0.8722997755924108,-0.9150487569271399,-0.9237477940323722,-1.872844814037895,-0.2455887950496,0.129313409361262,0.7100541025536159,-0.9739390754809633,-0.14665710551467465,-0.12962815676752096,-0.6226347900240347,-1.1078443722917968,-0.5698175461998971,0.16729312231404903,-0.23571214544859606,-1.097134893910572,-0.40565449752759186,1,1,0.7458537400224596,0,1.0
553,-5.660463058629539,-2.078131447794408,2.6791079061192242,1.1566981958777776,1.0739820176140704,0.5031574771081218,-1.2390917301955635,0.9842400276741146,0.32383695730350837,-1.4722499311433377,1.2876141269136852,-0.9701522863895933,0.27029282596842963,-1.0712222741145634,0.0894476147641689,1.3035253835570288,0.8988599702959553,-0.7256959203548274,2.3738133932453542,0.5389795712361471,0.49360017576983994,0.21338703902578066,-0.02803431625509419,-1.8342452007089958,0.7934616750152982,-0.44621798300144744,-0.4832377365693394,0.5668171258386503,0.5687279682857282,-0.7641362134670567,0.21666779673142503,1.3879110353825088,0.7893350453633571,-0.4407852506403309,0.4186401164244109,-0.6131601539093894,0.16879959414226978,0.7700649550735456,1.100117076617633,0.08927383567329736,0.7034181764135149,0.8837551000720127,-0.8556703142578247,0.20429514964401518,-0.11680501632462759,0.04616493557038305,0.32781087288509436,0.8852129296948614,0,0,0.9741922203678619,0,1.0
554,0.006301018683207249,0.9947433189518861,2.1334249097392357,0.895651134355554,0.3822252718876437,-1.0079397419897163,-0.07882419503346696,-0.1042055280762104,1.436586583894528,-0.6832346376941612,-2.4923190328447205,0.6076070654612251,-1.2688655122255952,-2.146620464509529,0.3888993590140895,-0.35393898968949333,0.3390980420728352,0.20875791384493642,0.7306972044349472,-0.2762996601458357,-0.13949359691557456,-0.7087235897720243,0.38278239294102945,-0.5308366985428546,-0.057296684074567644,1.9188023165909645,-1.0939206003620736,0.5532524493188983,-0.8318484839135567,0.9695370475048917,0.7483620441121867,1.4044258923442943,0.5459688525376513,0.03247612152812421,1.0235504857157574,0.3923382423627582,-0.3766818837120987,-0.14026382933271825,-0.0564678801377075,-0.4838739384558771,-0.7542741324331004,0.1060754520538946,-0.5239631973182916,0.3926871660677118,-1.0627993421177973,0.4616150085288986,-0.6392394292566105,-0.3694636364079826,0,1,0.5706021081893403,0,1.0
555,4.687748136394302,0.37735775529026505,-0.9862935955121067,-0.1885226407761572,-0.719487852092855,-1.7601714472602972,-0.742044792773008,0.5996043728775341,-0.05458353647766898,1.0721057754508996,1.097786699249008,0.47363775391612467,-1.6935380877279216,-1.3450996575187988,-0.8332660458211741,0.38785565338387784,-0.7686456295805935,2.8016683777789364,0.42290984586890173,-0.3310499135930364,0.5372350054700884,-1.6480434386462008,0.5790014473003946,-1.52500419580253,0.29365019549334503,2.2990345800185086,-2.2991624579830647,-0.0039967870325440455,0.9028048864230749,-0.8392134786641368,0.07755975550683056,-0.351721357113098,-1.0895171136606983,-0.10390672928983542,0.5324249145889012,0.6678400771837493,-0.21738458721191276,0.17848912780692724,-1.233994036649113,0.07509632071720115,-0.6446690252365592,-1.2424667017089537,-1.867398338183374,0.7768405141414233,0.05074170311798678,-0.3531087700418446,-0.39890048346174034,-0.7036192929870686,1,1,0.989736127279906,0,1.0
556,2.8764225346593078,0.3958604246646554,-0.5849123291083766,-0.089121407131938,2.3801749539409354,0.7907439483990166,2.0342272210955885,1.632794820506863,1.2623715565568407,-0.686691236275023,-0.7117900533003639,0.9150282644912111,-0.1736745570297434,0.06358162346884622,1.723949946139998,1.3896915669187153,0.460836924773024,-0.23968136651785227,0.6004989886597045,0.9185577009927058,-1.2897978778372365,-0.8933664616250188,-0.17052709986791642,1.980344166411979,-0.20459946701027432,-0.7856605591420904,0.6438362686174011,0.31399691824623055,-0.9927100674250549,0.5776184345026533,-1.9417938371399992,-0.37129927308131555,0.1548255091984197,0.5499534653236509,-0.42041241002619684,-0.5878120413894781,-1.1664851645938898,-0.300919784896511,-0.15557599536916486,0.2914182654613188,0.17205409965721583,-2.180696697983281,-0.9554227590482508,-0.9654490273830751,0.3908723943104759,-0.05365289595145001,0.18773460003944087,-0.4786950518203814,1,1,0.9459773052075338,0,1.0
557,-3.7503033080274064,-2.088546070570821,-0.21427368506511185,0.1351827685086574,1.7433732261546586,-0.8385749423848687,0.4450895829097386,-0.42695855545963646,0.8383547989488367,-2.127866603052228,1.1489487144470385,0.4905230221359036,0.4343204985029073,-0.9720300919757375,1.6737766863026402,-0.7460716604612606,-0.8959108737847796,-0.9584601116329017,1.2359013480750551,1.59394066241325,-0.7715550105255405,-1.0364321510339138,0.6126027968593905,0.21724123992601144,-0.4852346509200463,-0.11634147846477522,0.4581927318468124,0.5986054160783947,0.10595730920134598,0.22307542660314644,0.9784210494771817,0.4590063930997146,-1.2911409617122986,0.2172050813635902,-0.15840978911762735,-1.8973875566571607,0.32179105821426907,-0.001289168102575952,-1.5263601670261864,0.2811410438994335,-0.8403913764621994,-0.30354973555949427,-0.5624405934523664,0.5083171816435661,-0.20536372245309217,-0.2963779847433585,-0.3055543670906175,-0.15142817610128123,0,0,0.9214701473664229,0,1.0
558,-5.559308820583829,-1.9902824504900827,-1.8376254698890555,-0.6934827256820825,0.9866883533135427,-0.31371328175413116,0.48116435942459646,-0.05372328791839299,1.0166636268465896,0.2617230713141194,-1.1960635771090937,0.6086479481224735,-0.7479272968533415,-0.14469509599070488,0.7553073749978545,-1.6784270356056157,-0.7418722088355841,-0.2610001885618755,-0.22414123451176837,0.31536901128958883,-0.26615345848635397,-0.38775367861857624,0.02196650327916731,-1.1395163629920377,-0.0999592846340428,-0.7313342071866499,1.1406424441104572,0.34562803645372187,0.328770707344614,-0.24501698404499275,0.15222669012086965,-0.7662458179592089,0.7217080755123924,-0.3054654350184126,-0.6795068985717893,0.640245194084679,-0.04333940134907824,-0.13354649364946905,-0.4692210221293205,0.611266250539565,0.036440429009801205,1.7662738083117144,-0.6696129106830742,-0.767037202979156,0.11181719269200828,-0.9868663463214279,0.043717007220930595,-0.8167628966118665,0,0,0.9621139996624299,0,1.0
559,0.8974256906267548,0.6292430075309169,-0.12499110322408172,-0.14672324639289114,-0.5862960684965088,2.5021289867036245,0.35477040239223817,0.5324508764577637,0.22320255138403458,0.22585627622298707,-0.42681909540042706,-0.3358164656164503,-1.2490977504859082,-0.25914942645584027,-0.0268751644166829,1.1986782333248291,-0.2900356807724929,-1.1770047481328623,-1.5415987428618358,-0.02253456098594419,0.5498523266828724,-0.8871472385305057,-1.3048130309332293,0.22172116885681495,1.253242608402971,-1.5817906303868692,-0.3658633143329858,-0.7445645572487196,-1.6805124450050994,-0.5806629559257397,0.00876641254810385,0.8410728052501628,-0.3976041223370904,0.059482372283227995,0.5984614574092275,-0.48399796632699454,-0.13191165517241213,1.196046099848492,-0.24430562311511503,0.4166206629444363,0.49760399869044775,-0.6130661768698118,0.10026420738058599,0.3053545162801703,0.8911890172501326,-0.7370004968932817,0.19395075512437235,0.26752998527598354,1,0,0.5299318561719001,0,1.0
560,-0.5652526142230154,0.7007209660260371,-2.2717282004468125,2.0171760856568044,-0.4054940018106408,2.16234178598387,-0.9154639687142877,0.2504635236970462,0.8569219269855125,0.9482976934125347,-0.45941293563683205,1.0402688688058694,-0.885418142654718,-0.45276970266577016,0.37524799354606164,0.5430264011203928,-0.3472110953748329,0.35192453451804095,1.3104767090624958,0.6372379851718236,0.7111518932299077,1.0888219164214141,0.22265175996473094,-0.3805702567045289,-0.367480550658189,-0.2722322286525113,-0.057110443041122984,1.25715188699969,-0.16877739111336482,0.3400472208126777,0.5105052070582099,0.411774131266926,-0.7402018741402846,-0.3997333915193766,0.4317553571178627,1.115949381929508,0.9247913749568903,-0.07510617915426437,-0.12880246371823711,-1.4934553073557997,-0.46212827422406677,-0.6587741972917898,1.0547785024471372,-0.9516595604708419,0.18794333702532995,0.2436551184692361,-0.2675778067345899,-0.6182170077105924,0,1,0.6228952170962965,0,1.0
561,-1.2369524934560154,-2.298177211056541,0.06295742913184493,-1.6775715011464727,-1.2442267869369525,-0.6337627629848417,1.8003125149266308,-0.13652236400286238,-0.7082199237245463,-1.8386761951144,-1.0330418996185338,0.5169196610630121,-0.6827754130152991,0.12502812241404504,0.8983530011061208,0.8516310727817455,-0.28408024672473753,-0.9327382560009686,-0.3999372515870461,0.8054496396612609,-1.6872060935376783,1.2516932053763061,0.12165592430815858,0.78053163365056,1.0398248353432686,-1.7205975280552166,0.8549343258641723,-0.31107939397273987,1.346481649015406,-1.0003437945818463,-0.7484525368224814,0.8309537308713426,0.3326076489047178,0.6345252806973287,0.0492191093128919,-1.1207756375637616,-0.4605470359963776,-0.1484753999986041,0.2236324345759805,-1.8168578649261122,-0.5834981681086693,-1.0703199794978948,0.307028201458881,-0.10175418166546929,0.10997508178614201,1.0461738867513586,-0.418585710760278,0.216382140203279,0,0,0.536297947424051,0,1.0
562,0.5423958741581286,1.8871072141064003,0.08140599124550911,-0.897219178015693,0.757057856725895,0.9819675491229212,-1.16539250285762,0.38925116960622524,0.15925503322705478,1.0619490847406172,1.0028271200196706,1.5968181288251366,-0.7239147473635736,0.47115654051782935,-1.8883419520817422,2.0127549422944035,-1.5059931617667235,-1.3491825740912669,-0.8064461713389163,0.5457597198433897,0.8962628379798808,-1.0422028834972514,-0.0534706290534613,0.6121284632870405,0.5849318722923421,-0.32263995534280976,-0.6872684804219806,-0.9012392234182798,0.276888402683104,-1.4141901948634044,-0.6873060966330357,0.333790392600075,-0.4519488015001858,-0.9683254281804641,0.06843958723735834,-0.7342525928049934,0.5012031970178852,0.45443146573288856,0.13984134528989162,0.8278006757577102,0.8208843323333449,-1.5183430167676388,0.5589083735128565,-0.13925432470100108,0.5999681850950503,0.15317607152760546,1.2424912337807668,1.3172064324931292,1,1,0.600577302817539,0,1.0
563,3.6167694982399956,3.4338156431324713,0.8158063709852243,-0.3382010651603606,0.27854410344497077,-0.6033351369912131,-0.5118332371426613,0.15515751797432262,-1.385414047106184,0.3070828432711612,-0.42398337078030457,1.5487506303621952,-0.2994738139252982,0.38569843356602723,-0.48593978593164183,-0.014468582670540044,0.22777180479906659,1.4218557005587376,-0.18681217786998996,0.8103695214733179,-1.8030826350201759,-0.012560489255444125,0.3065818609392016,-0.3377824951185728,-0.3185498709093691,0.8319306195773489,-0.7984090556987078,-0.8032787991001943,-0.24815448778796403,-0.7722407749488692,1.6560453499429448,-0.6863510687895303,-0.46094473928686547,-0.3800485377791917,-0.9808722146435584,0.4803147564466482,0.0001539710786249593,-0.5708315116833813,-0.0383433744576479,-0.7955640852176679,0.31668836420409313,-0.41393735028282624,0.41053158662448885,-0.030513043764299013,-0.2275968729570501,-0.7493784668687757,-0.4753831194263614,0.15219627451684323,1,1,0.9629387268242046,0,1.0
564,-5.912990841207462,0.7552728048919575,1.2637253380996567,-0.06545188698790962,-1.9714270936106004,-1.2289821250082293,0.48468338670289457,1.0996234222981007,1.6632691597880036,1.6973273569327665,-0.9510610810555881,0.09251665811802387,-0.6748643594843176,0.14309950574065408,-1.258574210940407,-1.6043217334093054,-0.48711696271098204,0.024035894958602422,1.4129000830138445,0.16047812479405602,0.7242471555047869,0.08846641783623362,0.043476537533190425,0.394941548190982,-0.04087757245331028,0.022444791396397625,1.8128385747261926,-0.4838883137268518,0.8609587995845717,-0.2728153850884589,-0.05797556125558904,-0.7880316332368728,0.14798461118393333,1.0723194471664996,0.9505887838658778,-1.044568785587753,-0.7213040674095141,-0.6436016794279308,0.18921692601580029,-1.3632091161100253,-0.5633493902380455,0.43885062925414736,-0.04807453544357659,-0.5989652867741772,0.499118030212922,-0.5638839334087573,0.526781258141913,-0.6816100264276764,0,0,0.9707826070663788,0,1.0
565,2.490901835418178,-2.684790358312582,0.7997267691936768,1.2950567098009491,-0.5951435139489237,-1.4281412877376436,1.0900986721803938,0.9542589028387709,0.8383153828403818,0.8949021328398796,-0.41453047504345103,-0.661654006168466,1.5991008958622985,0.7148628760985627,0.8414969760276775,-1.7893456311083773,-0.5914933511715736,-0.515764017635236,1.0852632128999486,1.1590241414804636,1.513110553628342,-0.5470253921676667,0.5595473171028598,0.9791245730882433,0.8706319476930287,-1.073358603075495,-1.1348751488156543,-0.7381103563683259,-0.4733546297615915,-0.7112831894306597,-0.13719568193915221,0.11044837295870108,0.710594350033266,-0.561251138508243,-0.4498947394617726,-0.3351436350272795,0.3396152458725472,-0.49574522029571283,-0.4607559940593708,-0.45341978299352137,-0.34728954618726077,-0.9493528336913309,0.8556845539888818,0.023332443292316096,0.8845773173979963,0.2008396278684568,0.9973090281501715,0.5050776555957671,1,1,0.9074618207883405,0,1.0
566,-5.712100155452698,-1.6209653156325157,0.7093211477862994,0.41538161893408354,1.8670053802763382,0.7441549158728772,-1.7344566429004489,0.6305174713350934,0.06904370403855965,1.0799560780531068,1.235340259029739,0.19391826273414134,0.6183643358998011,-0.5287810121889586,0.6291133924877946,-0.3440387885160498,-0.2134636621215588,-0.6283702955405959,-0.7749666993790597,-0.4313155717848989,0.6750226319149587,-0.7409565984018202,0.5797681381483731,1.0541358969799846,-1.1753164851457696,0.8440111000689956,0.4818530650642284,-0.7314418486557218,-1.1326054724187897,-0.11952320340409169,0.024922546807366424,1.7885174947477536,0.8001826657383752,-0.36811105974326347,0.2591212383969253,-0.9059048098805451,-0.6255629493170178,-2.21756356247769,-0.10186319936051944,0.4210215947062116,0.4110213959703255,0.49199097059811675,0.5115038396809014,0.7754184362425257,0.0050657048340946205,0.43973196907664586,0.5125642101348151,0.5435661507055539,0,0,0.9930075600850446,0,1.0
567,-0.13642119347193363,1.9138424057952068,1.0013154018886634,-0.4196679229683854,1.721595030573009,1.1986953915819425,1.0809311842053873,0.772570745327306,0.22968003205555712,-0.0293157237515539,-1.1769469922938793,0.33840240177704634,0.427040871025171,0.19227624122564735,0.060227259861125294,-0.13735753613262167,-0.6761978696054062,1.2858377653310835,-0.383200996930842,0.02664373781695288,0.00072024539227221,1.539816636329552,-0.907996150827321,0.2607979089737683,-0.2481629630395988,0.5739034879659762,0.8219774895257772,0.5181731595624877,-0.6675640841471747,-0.5968576001445026,0.09954287270234415,-0.3670001501269453,-0.2126492596290766,0.39040891631172275,1.353306651555058,-0.6665117609134256,0.7720235941278243,-0.7279760740412103,0.1523967191700464,-0.37158978310037605,0.15689864861469058,-0.03488074923490679,0.37029582311770026,0.3401314751643024,0.18611444632410012,0.3410306087697682,0.32159099606402525,-1.0545917728460954,0,0,0.5819583448747709,0,1.0
568,-4.047953552478691,2.6561535466692408,-1.525991740200529,0.6355801144974687,-0.8815110271599553,-0.224279435077625,0.04849044903322745,-1.0779622041879888,-0.04896750242593542,-1.0572936798746602,0.7251978010827541,-0.6968103524644613,0.1243853518672275,2.154656366161078,1.2105438024867166,0.21149976885796765,-0.1262837788077504,-0.045450068716633193,-1.0241379071250247,0.9108982225734236,-0.8498926595199775,-0.47794280034488706,-0.9093473963073664,-0.23753295514748035,1.1916253589075856,-0.843616450344532,-0.20766338430736997,-0.38022187031698856,-0.2285171435542128,-0.5005574958169882,0.2605350191900777,0.1523698424150916,-1.455639192853356,1.118514096112137,-0.07506525336111562,0.7854019020412693,0.6802836582425312,-0.32599370487209933,-1.0018901340898887,-0.09044356168361713,0.3815432723828397,-1.269352600090292,-0.1651625325318546,-0.8425732997671846,-0.33683262136998854,0.8470969315849333,0.9158801887336123,0.5342116730600257,0,0,0.9573297194733542,0,1.0
569,-3.0342793219777877,1.9953821488674734,-2.348211349493968,-0.19946165784313302,-0.24113955621480657,-0.7634287247122817,-0.22792565808874696,-0.9788839314953646,1.492089438664275,-0.23792521036626363,0.06272275142880937,1.0080904289390398,1.0368698842026427,-2.366385582096591,1.0642782424849797,-0.09445450228577155,-2.3421420721011796,0.4184692194123348,0.7146143902490336,-0.2858614193741375,-0.0785258755799283,0.5147430869182559,-0.5830256882346154,1.0831542412961932,1.0011518261619543,-1.5359975040140188,-0.9434466073939949,0.13484076024226324,0.11838669434791235,-0.48749988110137893,1.1771959430558685,1.0540555062128971,1.5196851129685995,0.9513032902738066,-0.7939783031454314,-0.438401487707314,0.29616827118557415,0.42237913894933576,-0.7584299218534918,-0.29784719374794755,-0.21381174195782232,0.4313119291331571,0.5280448712038669,0.04341941349774483,-0.922837277624677,-0.4402116857568789,-0.6998694743064174,-0.8842410486620433,0,0,0.8358598777755789,0,1.0
570,-1.6538360327909905,-0.08966181147664591,-0.009292856599350018,0.17213111704449038,-0.06599867874480178,2.421960452267383,-0.9357713310082573,-1.0910078268178294,1.204218172830913,-0.3579363037030638,-0.9989965579901029,0.33105739991112104,-0.5679359105071525,1.1551051913039014,-0.740480426114114,1.7054723149825375,0.2761334741425517,0.7045930703587293,0.255678077403696,1.7923144892402567,-0.37717161501973673,-0.7365987282326166,0.5566652498788282,-0.30894302266689677,-1.3988672784648222,-0.7103617826950568,-0.5413671461044285,-0.22345878793446272,0.39879903246444537,-1.1535250136719644,0.6966640170756148,-0.7479083913831538,0.6341727242590328,-1.3159179636471638,-0.2151982634590694,-0.5120756012061495,0.09512780996663947,1.3349818451147168,-0.519332569125272,-0.6945685819310025,0.4974776712513023,1.1064462758249245,0.3351551337781082,0.013788782908295974,-0.7567082703366327,1.1938174302779876,-0.37462751703926334,-0.146034748921902,0,0,0.8510443038933674,0,1.0
571,-1.921575258277943,-1.7799860222414743,-1.1128759167447797,0.012565447297531646,0.7400562922184335,-0.3526847272236188,-1.472327602027329,-0.3751843012713444,-1.0287542248254264,-0.8364957612806081,0.10829195815891533,0.44542118993761626,1.7511302265264108,-0.8531796765992298,1.092705819777445,-1.171944262656388,0.5709672401717073,-0.05632102841168677,-0.8253708826247008,0.6046951200479384,1.042471626041628,-0.00404698788154049,0.7183630280310882,-0.21135201022149264,1.4112035845965964,0.2445834637450356,-0.10781547613643207,-0.8400005082622791,-0.5743240344205115,0.4439522507888759,-1.261594033168849,-0.6985252477975541,-1.7331560340978267,0.08990773088146922,0.07065971239220674,0.14530716242599956,1.1292505117393272,0.7320752682609031,0.8440273096847061,0.5299848901492041,0.19057890063799107,0.646362589911146,0.434379639348066,-0.7526472580724795,-0.10534806441734251,-0.03418695415779236,0.6670205237489657,1.0594353121989701,0,0,0.8256052277666719,0,1.0
572,9.35429416181595,-2.414299668869177,0.9636166220651923,0.9259278910868476,-0.3888988512318997,0.07903872573456822,1.9796298206530363,0.9819400471446412,0.5334035047321072,1.3884516829251596,1.8286341790779301,0.06098147437209686,0.8505641011563396,0.08360616200766018,-2.3474004096664713,0.32490569677676423,-0.18111526803879754,0.9112776657548499,1.3013724364804053,1.3457981697186328,1.8728457502260412,-0.5010972712143145,0.40328059143562806,-0.02777782431810534,-0.018380982461660596,0.7115826793093125,-0.1364145083519609,-0.4319492405519267,1.7405206311381543,0.8128501355040444,1.1921074970442662,-0.9748382526008869,0.37989930909814396,-0.1018062522881128,0.31334904955148585,0.27701948959947603,0.38490454167452504,0.6667019866994381,-0.21020073269059636,0.9181897921250507,-0.2504923892444303,0.31547609986297626,0.11039668300759314,-0.12833409088618214,-0.5882475554321226,0.5796105838052544,1.1768771455317781,-1.3139395071797857,1,1,0.9972639207945234,0,1.0
573,-0.05275323396414754,1.8572716925930297,-2.127761345673213,-1.0815980061832486,0.6107866984663738,-1.1695851750093316,-0.9442646594511683,-0.20599689875829869,-0.953901346159695,1.3147467589319584,2.6253392332425065,-0.5554818272896765,-0.48615549155734594,-0.6304422410955562,-0.9536543587820815,0.887582705562552,-0.6693051173662009,-0.14257791201521908,0.27098786592349783,-1.2778682621204993,-0.24293601643530283,0.19303760284440374,1.6793737664733772,-0.830520509226344,0.2863840001072232,-0.4001013164643984,-1.0129968772541638,-0.3183417149315505,1.521944179095885,0.42662172116458763,0.7615461198414831,0.30443957012045314,-0.41498535633005645,0.41607084959672974,0.542724201360609,-0.6761480112561367,-0.6312966074788767,-0.44718559449144557,0.30429191578837267,-0.21718382448561055,0.10692334357210202,-1.0811803111728866,0.9435358576805511,-0.45513218543602635,0.5057685021278434,-0.9085702112796596,-0.04482029769066728,-1.390508931147507,1,1,0.7830115534087052,0,1.0
574,0.9005930537707876,0.4254365383755506,-1.9029657756370406,1.2869633080088765,-2.5552110143476425,-0.9556845879082191,-1.4257953048344112,-0.8169304406005461,-1.34935502042768,0.19927901193678843,0.27501800719797137,-0.03555536208838176,1.6554475311342791,1.5265938888714834,1.085794256228785,-0.41832255693412773,0.7840209558400723,-1.064150311262314,0.09137275976641507,-0.5965624777751496,0.2851400261812461,1.3210862048631893,0.928525695488944,1.4559204415304363,-0.0707119900271455,0.7496722186560619,-1.3202174286462256,-0.7249038779092859,1.288264808117281,-0.565426349750563,-1.7375035799834864,-0.3293877536577768,-0.12748891528401032,-0.8163318857317626,-0.6396474908877262,0.484841635385859,-0.4543818713539205,-0.3608879462498208,0.82024297108553,1.1498521386689626,0.7487973116587281,1.3808022134257334,0.09886520217473634,0.4467698888567895,-1.2518687590604034,0.7621139148395876,-0.4054048666815397,-0.39384156093320377,1,1,0.8942595841475843,0,1.0
575,0.7684912801117674,-0.5040496813294391,-0.8136457209547691,0.4979911296675839,1.778202025371104,-0.955634655223369,-0.7468430699837485,-0.9636522818001866,-0.08113056409567644,-1.2118147724625457,0.10748546832991814,-0.8187583247391098,-0.7350237787371484,0.5933966195086646,-0.06969735650982962,0.7336157914728864,0.4430170422219364,-0.5356339314842191,0.044599967310003694,0.39575409954619556,-0.03384924345791052,-0.6278220923955667,-0.7109858304208204,-1.440330809979713,-0.47736120104389307,-0.1241348826922366,1.0541737943132061,0.4368539804766195,-0.11889191413572679,-0.3471890625488514,0.8062205729387495,-1.9144500984694142,2.076116475340379,0.35405136167590545,0.3105614179038149,-0.9160567699632614,1.1225970067562294,0.14051913628427987,0.5226085615443371,-0.06459551511743276,-0.280348483219273,0.008248617660656455,-0.9237390244746227,-0.246566311004554,-1.0373791328791733,1.1193934089148012,-0.27513499361140614,-0.019073897161538875,1,0,0.6231367669700171,0,1.0
576,1.1091955076832212,0.6366753490321563,-2.1418026222557534,-0.8141138734227611,-0.6996245828123714,1.6223420584032906,0.0039019670366144724,0.06583089903266172,-1.5092473534706083,1.1586722304421615,-1.217990324253321,-0.6585085513565038,0.013138182635148285,-0.3525354600907771,0.6957140458505525,-0.8793333191050076,0.7629273939378769,0.6419017303108541,-0.21540803355005728,-1.8031901955432996,1.6185460601922765,0.33455506075527797,0.7223950803486433,0.1615583395901326,-0.28771740879969615,-0.07784006936820903,-1.3231846950400308,1.5197993511641215,0.08732299790871371,-0.7364858314987168,0.9970212278243231,-0.26846417871533723,-0.4841663236171254,2.1131360647469517,1.0935843054526815,-0.26042838104631383,1.3200704747589556,0.45414859517998657,0.3722491235593821,0.1975617684542666,0.22991522964320796,0.35059141710340225,-0.8175846959048985,-0.030849178149017973,0.516409337794258,-0.21222022466450627,-0.25375096315286944,0.12001958918295995,1,1,0.7295911067010037,0,1.0
577,-4.082744774836932,-1.5630923019875516,-0.1270904662948877,-1.1135699175799365,0.09720840814575005,-2.147303376337772,-0.805298394423559,-0.07852704112234302,1.044801974043093,-0.169230365140084,-0.7968815450762912,2.0412076105284735,0.0680002044482629,-0.36537511640354037,0.7451364755519326,0.48163100346319443,1.4638326285771317,1.241993520020382,0.6206883766523704,-0.4573590524083045,0.34685877531982884,1.0019378503714793,-1.08324659002874,0.07588361498218647,0.20277733706090748,0.18947220142349572,0.6263162251048865,-0.38041560342060676,-0.5462524764523032,0.07626829152782678,0.21000199838558828,-0.24414520094201056,0.1205259829948896,0.4121429386764766,0.06463917784673176,-0.11921022874154662,-0.30734465714581594,-0.21930300299670125,0.010613229706016608,1.165961807380722,-0.3319485429001046,0.205592354217836,0.15507037503728122,0.09793771461567362,0.22759368781954373,-1.038674968967617,0.6538872807379233,-0.7037184727377315,0,0,0.8959573882636445,0,1.0
578,-2.7611492089363208,-0.19629152648946488,1.2571044225728567,0.6182472404037928,1.1643217510826307,-0.22108360932734852,0.19522449871063685,-0.829581425442172,-0.7428764142580648,2.0053763192743252,-1.3911085364492344,-0.8903730749813376,-1.369017477305928,-0.1702023259705179,0.6274267081040892,0.390539347959574,1.1056063963039668,0.41927013749448167,0.376463060545954,0.17508861228417477,0.2726883806740722,-0.9403235137389452,-0.40999305828319127,-0.6053242921351323,-1.0811314833805892,-1.39442861129552,0.7526043249087092,0.5767305875372843,-0.35991102320193014,-0.31508166216737554,-0.37077351975934597,0.7158756122616996,0.162845176175079,0.9308428990588752,-1.0049418814544049,0.38545105153541126,-0.968149146941668,0.19473015545948838,-0.5562982782020655,0.7365873504622944,0.42061758523642856,-0.12704099988000514,0.0796298840014007,-0.5319249438521391,0.29896127844800957,-0.2776429789882298,1.3850717441521936,1.070047565907656,0,0,0.9269509741753165,0,1.0
579,-0.7957838810203871,1.3199789420787258,0.30337532921917876,0.11298529601935471,-1.826350935455416,0.7871984999732351,-0.8268691091264535,-1.8883327711134268,1.1375447570925452,1.1640039146020251,0.09999014753838734,-0.30119712861226106,-0.4180152619120757,0.31406667804778615,-1.090043568348743,-0.2915406570847671,0.45444361925739307,-0.9980014121150359,-0.3629507344252608,-0.03301566440429568,0.21853329257656606,-0.007565734686210685,0.3205603957929486,1.6166548997630377,0.7479264772401901,0.8055971839574328,1.5754963762154013,-2.0054479720532763,-0.7159329827035963,1.477128231684688,0.43830617076423606,-0.4717869348900739,-0.7788346823109876,-0.7477410447661166,0.07387608049158936,0.9837752365965604,-0.49657104402188895,-0.9931841782589228,-0.4054930038611546,0.3741682009419427,-0.8832905147459803,0.12807809375209642,0.706693657820016,0.684311957678569,-0.01501281468848884,0.7415630679945965,-0.5767039514758495,0.2563714201663219,0,0,0.6993219045179301,0,1.0
580,-2.317170301071767,-0.3029388476139353,1.3704711292064462,-1.3382273774942874,-2.7651710481423333,0.9816767899595459,0.42705682826389346,-1.1622390734447983,-0.6792415729220054,0.38194754894918886,-1.7300086445114402,-0.5963543797571778,-1.9212077157601435,-0.967422324769837,0.9144338298342751,0.6911615849092743,1.029090093275878,-1.014061904213408,-0.1258828808891248,-0.4901899298688075,0.17947093070832454,1.468701601195354,1.1825715917321127,-0.5294115592200832,-0.1900546445494195,-0.2562820850840337,0.6727993035475807,-0.5705157523918094,-0.5068572322078027,-0.9550908801810428,-0.86194500559419,0.014136818895942867,1.1597102429022403,1.1823236201988236,0.3012172803251101,-0.5088803265640652,-0.4504156782078658,-0.21305622603714616,-0.9591348560866769,0.9801487496218027,0.5012425740704748,-0.6764679922506681,-0.2590478916728693,-0.3875361847933066,-0.4954901532924331,0.3850312206574188,0.03409039449833443,1.2309977829121403,0,0,0.7955083936392849,0,1.0
581,0.99878673874712,-0.5569963969421228,1.1371875256450965,0.15960399524911337,-1.486445199761415,-1.399702780585013,1.6358152861403055,0.23173771468095186,0.13510383357095676,-0.3697098221403409,-2.188086899477613,1.9421401257018667,0.058232865564978434,-0.5396699059555577,-0.6802164247874982,0.15159549972498698,-0.06296938737859979,-0.16101649601025478,-1.5129619946162685,-0.43404943655216893,-0.41494574898514075,0.5452527408904244,-0.613195978832382,-1.6279669615885444,0.013877385187687165,-0.3100342988053566,-0.05831394527757965,-0.42114994134948797,0.40135615097396377,0.46673696079110866,0.25540710978838055,-1.3387670544885573,-0.035031310759333696,-1.133003853595268,-0.9927708987296017,-0.16215013208967755,-0.3059548244855926,-0.12326104623618712,-0.5535314993248415,0.691300895311333,-0.15010639567108436,1.3747628127526619,-0.7430625847732544,0.7811643883635606,0.33803620551764996,-0.3518469891688591,-1.005996344761129,-0.9097665901458672,1,1,0.6981187059182397,0,1.0
582,-6.811930673207049,2.2579392104296323,0.7123887226427708,1.1048270508781874,0.04241775956446003,-1.7250814907047498,-1.1682969340401999,-0.76521202493069,-1.7679899189206143,-0.5574537601455343,-0.04989451937925445,1.256959925166154,-0.6502639200997745,0.4991797191818083,0.33284081193031334,1.1045733838477427,-1.0956069029535853,1.4858353002351636,-0.9444800747501041,0.8923392353861515,0.3207404809819874,0.5426575660385011,1.7267003396020675,-1.0919788852839505,-0.39200278583033793,-1.0902825975143993,-0.16806070858887714,-1.504626369010016,-0.1848448110246075,1.051900070019318,1.4421947383227784,0.2827803381586873,-2.0124745958165744,-0.10069796998994066,0.08380403001812349,0.49435634968864545,-0.584267194049734,1.3984694904367072,0.2789994155509301,-0.14513193945334107,-0.022866173091912672,0.18903611579774432,0.46672278172391374,0.04956194760708961,0.7441945611055095,-0.4121877231592706,-2.478167749063468,-0.3088673115344294,0,0,0.9905290027384703,0,1.0
583,3.049106093974273,-0.40932989877108117,2.818939849938112,-0.8132494930018875,0.8901865371679604,-0.13204733163988158,1.254793901321499,-0.23973689052396135,-0.8845359804819971,1.7957023462300528,-0.3365964803532964,-0.41932448459842225,0.3777570718172869,0.1760063627255568,0.4976413060576631,1.142043232254655,-0.7268094608964917,-1.2378030606175177,-0.8918439429862076,0.17719721681048756,-0.4802687567575078,0.07926818947631728,-0.5780870372231922,0.5697716284218357,-0.2596332291182776,0.6336008381411362,-1.3523590532750336,-0.09402497358035444,1.6319765578483978,-0.1704314997252644,0.2005219451758965,-1.1797262968886242,0.2684271111945223,-1.3740100086648102,-0.5407130461657862,-0.28320196733579206,0.1303022089718913,-0.6427972414228228,-1.1872195319893784,-1.468336979339095,0.5626715816686785,-0.3316016638657398,-0.19823739325332157,1.4775839387401395,0.36660568832260293,0.5926803344762052,0.22585545201577986,0.051643522102169395,1,1,0.9421120829969947,0,1.0
584,5.976092296159257,1.3451303169090825,-3.268273266890867,0.09072897203604859,0.003330518773597687,0.9766741242203841,0.7489264758801971,-2.434926335961648,1.7793734519881081,-0.304428792393649,-0.7776543064333277,-0.12692337828835998,1.6386770058119693,-1.0361671609757432,-0.6175447541174338,0.1705325257097494,1.20962532045757,0.06483807836391949,1.0938608922340747,1.0195824838832805,-0.0964840031531923,0.1749505052345034,-0.3390517674197962,0.1529605678552267,2.1995036310436813,-1.2531875078800003,-1.5647169943776396,-0.6041668817945889,0.9702288273903625,1.21994847056637,-0.4114793711431883,-0.33477535721691554,-0.4208819592755919,0.8758183120737354,0.7170321399365469,-1.7750145040247844,0.24350949489809143,0.6352904492665609,-0.17277305299900453,0.4284893615040383,-0.12437020904303282,0.2914957637719923,-0.16946639557103982,-0.1690481126052798,-0.3615841238193268,0.3203391770189071,-1.0799898260485208,-0.23975694789006552,1,1,0.9517641899858243,0,1.0
585,2.012255948556963,0.4953429349878478,-3.1154835644697334,0.6498238202346348,2.1547460587734353,-0.5918445451544001,0.34625020352050884,1.6669386237077821,0.9334443283743756,1.1640196537697887,0.05991505401053958,-0.7575213558514514,0.2506490997467379,-0.010347298801738715,0.32860791020877755,-1.898744328260622,0.5730075420097894,-0.46229607606082707,-0.789207993587708,1.3285292973380052,-0.5527614684132655,-0.2636361575233118,0.6611453696991708,-0.3879436708085528,-0.3856401327815719,0.21427650625375813,-0.8051148721007951,-0.26306620020550764,-1.8573288193178066,0.13714699436649772,0.9486503173647806,-0.01517949857119054,1.5221109835819566,1.5375610978849346,1.7622976503389813,-0.8346571900313492,-0.5630936598718589,1.0139957033615516,-1.8987732698235191,0.12212981546068452,0.05657997620112584,-0.23337436441214693,-0.06829839364739156,-1.190351092758575,0.03337573765298492,0.2035924315019357,-1.0896701545099534,0.8726820087083826,1,1,0.9261054914892328,0,1.0
586,2.8854298591170586,-1.3741060918312156,-1.4023633685254568,0.28754546724077024,-1.3992648537864183,0.9790600286325035,-1.7558511578884601,0.24753176937992777,-0.6387740263249664,1.000694115468224,-0.2977997413493944,-0.9343811125176482,0.25408180182059253,-0.4388248640651516,-0.4162686554311212,0.42139233884367683,0.9758887246357505,0.9253588874693812,0.3725925013864146,1.8753713745710892,-0.1618099317343497,-0.10987784109911636,-0.029363741241151622,0.9072369347570131,-0.10407215341942132,-0.4358341651515952,0.5908348052701755,1.5287346835947178,1.662662439359029,-0.835188723994001,-0.7781653448450447,0.7742455806064291,0.29600161934686053,0.16169593511100758,-0.6077347602176332,-0.07864907987616428,-1.7866987007603308,0.40776066961326723,1.3572100038967632,0.5388260850766355,0.2395509416026896,-0.7959952069001662,0.43404807704483545,-0.7685324187053743,0.4044602765479457,-0.6231307848975891,-0.3446105775453946,-0.3717203326932956,1,1,0.8363650857571951,0,1.0
587,-1.469521703489938,2.3895687031076234,-0.7886609373351707,0.07508035891142109,-1.3043274335175232,0.29985056330839366,-0.7117160700344904,-0.5778792736978763,0.32898829549403924,0.04181564658240152,1.4620803984256023,-2.2436856005007124,0.9309021147447284,-0.7062982405161763,-0.11831005000838335,-0.30236717743250513,0.16075955189839822,-1.0643337298966884,0.5303682669379789,-0.8908483907908754,-0.735432095453266,-0.20745745290449052,0.9420151716669111,0.48620173327915833,1.4399107543722385,0.3342924043279545,1.2338901181641122,1.0748191419636137,-0.27657187035789177,-0.3411224349198154,-0.43290832580370275,1.5411670163474258,-0.05547672844964982,0.504664406934368,-0.7059883416781498,1.9198076959335506,0.3852190479342123,-1.0461881678531637,0.1095444814019964,-0.006163115921364572,0.4893006433349649,1.427949979162247,-1.6991048390245937,0.4666745930940615,-0.16264485995737388,0.26031534062372325,-0.6193713827190197,-1.0168911834458703,0,0,0.7967968290092646,0,1.0
588,2.483532267200975,0.16384925900065767,1.2543922785814203,0.0865088287325305,-1.9643384973470293,-2.8495627269235797,0.4533933095005136,0.5027571485336776,0.27198013748485506,0.45333494469839775,0.6155864493976487,0.1395406111639102,0.03248132902670158,0.10459562416731469,0.03442614109197198,-0.1751317003624418,-0.9346280285362343,-1.039078096185057,-1.074002956659251,-1.3339158569697638,1.0643978636887734,-1.4683805616857941,0.1718931725725285,-0.13138022425614831,0.28480995749116744,-0.05998172331909311,-1.9987326935906329,0.4174655045555626,0.719904154082894,1.1705563265415666,-0.9037056201824627,0.27827664849604333,-0.25917323733767855,-0.5348929882905968,0.04842999559118617,0.9063713239454985,0.3581617134397195,-0.3631577345616839,-0.7986765158177286,-0.6944613974508154,-1.3551496662841693,-0.29875293333133396,-0.38783126680045243,-0.636321769896987,-0.4686474025206858,-0.3128541528803703,-1.1270806316007536,-0.07923141107119311,1,1,0.9109185431475197,0,1.0
589,6.027670709312473,-1.1154052951021105,0.6207922965819912,0.012288838561766838,0.05396827504718532,-0.5408510903400604,-0.4379714760655344,-0.46655464170515587,0.29931982355721126,-0.39502503543255113,-1.8727633171312499,-1.824276849291268,-1.2963013061741042,-0.028645062503237013,-0.40321125300691274,0.010918073504053582,-2.113872024131617,-0.0059286961505064075,0.8892678784102223,-0.2970539846317695,0.03972468885803814,-0.853544359947991,1.1619792034973213,1.783801183369067,-0.3123938046120161,-0.08684481608143865,-0.15403302168890004,-0.8638353504451537,0.342783650137888,0.8393821069575114,0.21672970060853575,-0.09352493339855963,-0.6358569459517381,0.06548186139351901,-1.1863940960652055,0.7051544327233785,-0.46429690894461595,0.4498843010994665,0.8220277578459704,0.351139299217528,0.12783892768252741,1.2537790281775636,0.8974443289288601,0.014987993649040193,0.06799172547103766,-0.37200495967326747,0.5941620807183072,0.5056020034661094,1,1,0.9914496376850163,0,1.0
590,3.160241238882077,-1.7427804697524907,-0.08284086495260251,-1.5181849738410347,1.1146859447628819,-0.9066162074526718,0.6742420643594259,-0.7783251343697428,0.09368420456225927,-0.6680470563445515,1.71972663740052,0.8694606944558333,-0.46970440087371496,-1.0033478029144054,0.802169751560531,1.8091465694594895,0.16881140873642067,0.7506532454826478,0.5235530428957881,-0.3748904202078908,0.4773356562843008,1.0456388029461186,-0.7127916062582837,-0.13655485099835232,-0.45387123466003454,-1.7291241312904213,0.24050145998718014,0.7223018959474884,-2.2330021521825616,0.8035659040545029,1.0480553496405447,-0.6802058211373785,0.9532646027372247,0.5857576383758234,1.2353837165528092,1.02026782957996,1.2701251235180582,0.09520874579345294,-0.17284504443783344,0.13151258984187475,0.5357982256091584,-0.21492574400022996,1.6303891468017295,-1.2118129942187965,-2.039131616443018,-0.2837677944554252,0.27265284815145663,-1.133897088653241,1,1,0.9547161920975695,0,1.0
591,1.2394439353370037,-2.0019578605149335,1.7753820772792006,-2.036874298527463,1.7349596243962504,0.3446176091234934,0.4640983783016674,-0.5097742321202687,0.6897743297436506,-0.01948863707739774,0.4570540453190244,0.6587433220298973,0.5529925206952718,-1.9631617340172283,-1.5237627033566576,-1.3904457023531678,2.2806477686612325,0.1353748255305359,0.5057238347244507,1.2638418711462396,-0.038799072172221054,-0.35737018587360875,0.3477623358700834,1.5188760888746171,0.025303175774086823,0.6527576760692374,0.03382074691059952,0.38362258926924514,-0.4537783206830855,-0.3992371097909811,-0.14073801078394352,1.5272957329599426,-0.08082571881517553,0.20643599949441105,0.3019687454351702,0.9355919717292707,-0.02894479600062559,0.9109592525161166,0.2262922872199637,-0.823344282199519,-1.9453427859241827,0.22583958240023438,-0.36995503130947666,-0.5681571352664734,-0.2848235174143706,0.7065278058102031,-0.5618787939594345,0.4387284847352848,1,1,0.608161159602768,0,1.0
592,5.248779641349306,0.4205220336361339,0.8137089427497265,1.5760577001016371,-0.30508910693018504,0.2402624830497882,-1.2843890096383255,-1.2865088931088289,0.5745687571935866,0.8752167271914275,0.5388488845094254,1.7188663828483421,-0.7235342367909857,1.2807921417034558,0.06658863645153691,1.3871964430520523,0.6984864835599043,-0.5870415114156418,-0.1871758352386122,0.512820649741492,0.02666438923694214,0.5617477318701329,1.1044455897953056,-0.6123955882778813,1.153183245460303,0.3688292710084985,-1.1828044284368613,1.6735919398360992,-1.0008023981026972,-1.1229778427547863,0.5900759670692257,0.5799124369484754,-0.8942689762873325,-0.3261922399897561,-0.5898404017723349,0.2732239710116638,0.10355639165028588,-0.4600126322541907,0.8197505744566663,0.632657685078117,-1.279256775145812,0.249408347601605,-1.460440847221562,0.21246454653779093,0.45448902195389346,0.4323488888604203,0.6264775027707538,0.041730686376614784,1,1,0.9676759107575743,0,1.0
593,-1.326702571165963,-1.462455166293287,-0.796679538817883,-1.295452297460508,-0.3319159868183308,0.07289499549683433,1.4777839970880995,-0.9535641778167465,2.850007365081443,-0.7411614444955108,-0.258509563803267,-0.2142688878114274,0.06805759795680308,1.7831025722044396,0.6086418375908302,-0.19786410209048624,1.5331733729322936,0.49473572485280737,-0.25682388294425373,-0.8151564569755034,0.8782068472714042,0.5223609860272733,0.47741556396429324,0.10681627321222163,0.28265652739937824,0.15622406050984813,-0.4635140129770156,-1.3926428157321145,0.014228825294625323,-1.54187377046641,0.2188823887233517,-0.293467979457697,0.07225656782121379,0.568194421751864,0.6058645238341339,-1.141632221999026,2.0881554298869105,-0.6749657904206108,1.0058381815085247,0.29848835338479524,0.3433126037832397,0.33305013559343677,-1.6767127845242036,-0.09089794049136606,-0.2943787796085617,-0.12819910610853064,-0.8126276044319726,-0.24607062650867192,0,0,0.80292372799086,0,1.0
594,-11.531935684644488,-2.6921683833703534,-0.20261785084935452,-0.0013731720666421451,0.16766199231838716,0.39093946219882936,0.8125079761634567,0.4796857411776319,1.2156809431028215,0.23792225609210985,0.8239940709617425,-1.5145152967401685,-0.3874326717362278,-0.3137270352667236,-0.41415175736752124,-0.14319691576044016,0.837879830768393,0.09460586641155401,-0.058166898337036956,1.010039967733742,0.9607536636924735,0.7521421470721796,-0.2925068010497949,-0.2596073251701235,1.0838813882195002,-0.11986105119925022,0.17909176281099973,1.1413901786708371,-0.393950285142293,0.3172319470193787,0.2674519383796379,0.4621126741801767,0.034211196405049354,-1.5785355924966515,-0.7975050682633051,0.5182384559239873,-1.0630546906168876,0.15072071625532,-1.2526622392086477,0.06260915072298995,-0.6893766665172288,-0.0030888733423622625,1.359999929844456,0.03570498653970826,0.1510365122890447,1.3119801555158879,-0.3304148246820847,0.7546081791229123,0,0,0.9996402018215944,0,1.0
595,-4.805964686239079,0.5438157986714234,-1.0333488319853816,-0.11983729873783125,0.34107027283738317,0.8095871324135313,0.4068876725528622,1.5943542174332797,1.0031578523712559,1.022111882021023,0.6393129141193402,1.941602792903582,-0.8745976927675836,0.4816121001560738,0.5773655454318063,-0.45231004723670265,-0.5312419486002556,0.06440239465053861,0.15584690337753845,-0.13195257571597577,-1.4350654014304576,1.17391192798169,-1.0234341843016768,0.02924082834841479,-0.2999147746926366,0.0275942164443768,-1.5695800805756779,-0.6397872001533793,0.5360557598647323,0.603435872898923,-0.7979724465173048,0.3675703167266821,-0.06551189848272494,-0.18295607581915282,0.22886027805949805,-0.15710745863035105,0.5488641810830208,-0.7528616796398642,1.2388363792821782,0.3965683877958798,-0.9671203043754094,-1.5551708123263315,-1.1660109146452569,-0.44654402070307275,-0.21303041793055022,0.38419287411372577,0.343343184645146,0.6838645091875675,0,0,0.9328761855167003,0,1.0
596,0.7274795988847785,1.406883224517434,1.0038739041991875,1.3619888730836587,1.1391435704852018,-1.238523435551116,0.07507944269878841,0.9829849813058554,-0.9811282351723858,1.0518738826468277,0.28224355140869456,2.309091067261133,-0.0691595872650419,-0.3668912765723489,-0.221439737409034,0.21590818881145363,0.13391509470130547,-0.17967098919035748,-1.910884582249074,-0.30166133934578687,-1.745201988840468,0.20269628554770006,-0.3093117904205572,0.3330310033181165,0.12621657636347838,-0.10122392124387819,0.262849641136313,0.4583529377515601,0.506521572956381,-0.7538806758518095,0.6196236200414028,1.4596920796325188,1.4880020446235722,-0.8055912057114156,0.13477307324112311,-1.2572380621752752,-0.627915336812255,-0.5057432169696096,1.4194749083669522,0.19107567875572865,-0.8772158095476685,-0.11387427862822262,-0.893527021984658,0.2832050133423881,0.5849367746282682,-0.13459279528531173,-0.06277511898608651,0.8708627795013478,1,1,0.659777278678595,0,1.0
597,6.433734717607115,-2.0983486859852976,1.3845458854653456,-1.0950511395674938,-0.4522718900745011,-0.6766965099722435,-0.2101394017602907,-0.07351308383984997,-0.6753157943442266,0.1483522952137768,-2.3409563297429186,-1.2149858288962543,1.2964777822409628,-0.19930588410108174,-0.12739626028639356,-0.6693867167676762,-1.7737516068062604,-0.2925595750132308,-1.118541215130835,-0.8620831856151245,-1.8562887876531353,-0.7789656819243913,1.1358170433676844,-1.1972924740978046,-0.4879816697914373,1.1658306854478298,-0.8423567018984097,1.2017213960617206,1.0433631671759784,-0.06747375671266752,-0.6373216294590862,0.8361915982689491,-0.3063194739300123,-0.7636750381723317,-0.8595772269022148,0.5038146105017327,-0.7777696609079175,0.1834626551797875,-1.7101748952903464,-0.6846962362421913,0.5148437917562255,-0.7469951732501087,-0.5774221767650899,-0.7963238061693622,-0.5574856689709233,-0.40412290840500503,0.28849523001413435,-0.19324231531323638,1,1,0.9950750190860423,0,1.0
598,-0.29741008619084214,-1.9743089799928626,-0.11842410436167329,0.11709123665833422,0.8990819192199565,0.4068940156496335,-1.0089539884241916,-0.07531009716744747,-0.785658332086287,-0.3147711159364428,-0.3370283029961856,1.9623550744351166,-0.15731494013437045,1.374743252233023,-0.9585857698291941,-0.622615855386322,0.6904748351810547,1.0034039187783608,-0.9972390010032126,1.1074072154435222,0.2696945839780816,-0.8368860924495056,0.20749303717694276,0.6403521873763325,-0.6875057528537464,-0.49392198699079043,-0.29962626309313456,1.0898294510358761,-0.36573625479140565,0.6615782493744566,-1.2171264456410944,-0.30540945159154614,0.7713801084403993,0.45849785775056995,0.26098215782025963,-0.46117897521134504,-0.1596974715222105,-0.705551537478559,-0.5388354236996239,-0.5933149316378217,-0.9139120189405935,0.4041298876600976,-0.8300299498841686,-0.13848955323773604,0.4977974892264484,-1.2787034106707627,0.7434964320569569,-1.0858800005583509,0,0,0.6285723792284286,0,1.0
599,4.120788872162431,3.1855902102081863,-1.332488061220031,0.8552100312061125,-3.0378552186578744,-0.1586629684653785,1.3282999923823848,-0.6918022862136307,0.5556099622347399,-0.17740519218348422,1.0698697032831208,0.9319498627749137,0.04114886627434381,-0.5894290636817293,0.21944861338990082,-1.4903955321791544,0.8206915341549541,-0.9139424009290688,1.297575393804091,-0.38626533831548326,0.4731188323021074,0.09726761774930952,0.21319756148727384,-0.298505681422086,0.5332312213441016,0.9179894158705947,0.32781979836878955,-0.24917636260616222,-0.4041475888310047,0.5716424438550297,-0.8428468989548356,0.30009825591853156,0.41585672848793376,-0.5314792427958351,-1.1971325344090873,-1.4554484999320147,0.9517872994293367,0.32573213462168393,-1.4145167560209086,-0.6276800702724773,-0.6305663948913839,0.33791406013798286,0.39580770599206133,-0.27999065773543375,-0.6872061001618296,0.03761673005979187,0.8974708104448549,0.15434180950482274,1,1,0.8989281786651965,0,1.0
600,-5.6713033457438335,0.3891481534162622,-0.2233316270719182,0.9294795874398212,-0.7877004231618161,-0.3991894416131549,0.27645294144696514,1.330572655407967,1.3212340624552301,0.2432309913375159,-0.35937463471753234,1.478066355755181,-0.11258939316450192,0.8126124362158182,0.07922776095988769,-0.05920087922987551,0.3503523831840733,1.3430040949542876,0.9376571254767179,0.3423855238206023,1.160620639697016,0.786593103333564,0.12856524442093356,0.7417976550527086,1.0083036528158698,0.20867519103261475,0.6179850813073601,0.528492961327427,0.95373521586613,0.2787657047321152,1.283084230636283,0.3004528811620384,0.07816765280284509,1.1162217334863802,0.027265924796747762,0.20559323571354501,0.19334806265657362,-1.472409504592182,0.0458475277827329,-0.8084253625218394,0.00328994759095474,0.27534723754427237,-0.4880852944021069,0.6528689415861422,0.5601494578712359,1.127731266968306,-0.10424699058682316,-0.49087450776274755,0,0,0.9784397620659137,0,1.0
601,4.709760287073873,1.9976986596607171,3.090637990936587,-0.39947924477531865,-0.5952232972491067,-0.3360230084861342,0.9148598937821161,1.6355323612561943,0.8710562456220092,0.37318450930520275,-0.9835614587911952,1.6468446348766161,1.0811394869539839,-0.6665860310243714,0.24120702140092568,-1.606531808054715,-0.4830001228230735,0.4327828593069746,0.36853261431057044,-0.6098503712433003,-0.8592221688037147,0.06795733428556516,0.7658798865267358,-0.14141096968596378,0.8618667498697591,-0.18797912234622008,1.3331402938861883,0.44790948239633366,-1.3580107663286134,-0.31902625530854806,1.0537998985861816,-0.2572295947559672,-0.22500014259202347,-0.3280800013498902,-0.9050177707923988,0.5048810834555459,-0.5663824759981565,-0.18198743275316367,-0.9090755560715456,0.7498302854468775,0.6724829748529476,-0.37329756091814514,1.05768951817305,-1.5555252162140543,-0.39468490941169304,-0.1890208408808287,0.0035864120881463116,-0.29990468910292994,1,1,0.9920244490560644,0,1.0
602,1.342921435940205,-1.6408869596652735,-1.2871160351344084,-0.4076017430830778,1.1988603268635953,0.09516074881508474,0.9403634613977108,-1.5659095860650245,1.0644390292992476,-1.9370410586475915,-0.5278453361422537,-0.5857277076849481,0.30021198741611516,-2.2283092061733196,1.4232095829774178,-0.41670939334998675,0.13867283820926804,1.6430522951320068,0.27326216496124234,-1.5865552474166384,-2.3028853375002085,0.38117271499521543,0.5032952732742118,-0.09754394205394797,-0.06609044738367845,0.7491814491189761,-1.6455482630461742,-0.5112183406162997,-0.37207991396024565,1.3155238736760742,1.484287032867061,-0.2711902897440522,0.20529106929328825,1.538054382796427,0.5711239717928861,0.5920706514036316,-0.5783046718205003,1.013642348734663,1.0264107201375634,-0.9677429094730751,-0.5822790889430448,-0.8670472873049185,-0.3015997188251691,0.770332026324008,-1.4810314844523105,0.380983348314473,1.6700082563170726,0.16505769256874528,1,1,0.8032769876351125,0,1.0
603,-4.304312805411199,0.13893372933189674,0.4441769981178963,0.6632428639614854,-0.3343571547360164,0.35614535166317796,1.1122776656325555,0.1606200016273886,2.2743055202300906,-1.028674992794147,2.0930886356044556,-0.6100325798349608,-0.6317175057964582,0.5791309645348373,-0.3549312542089636,-0.8649955258593872,1.1457062320670064,1.836927423388604,-0.4022975102783909,0.5440016867002233,-2.0123944387854262,-0.8382935957959675,0.4924809877697378,-0.6123936712368859,-0.04407102273632968,0.3784162021278702,-0.2005302561254362,-0.5706908930143604,-0.27309433184235926,-0.595669242722739,0.617663690249039,-0.04169753363971491,-0.666647726913774,0.7172625662963924,-0.7638737947527837,0.340163159056648,0.8674935396066834,0.14534037940728411,0.4190897357052105,0.20906706590590643,0.7533967953468473,-1.0060900491481415,2.075577061262082,-0.651659463739192,0.20743128695413635,0.9754247724497092,-0.30868747118191747,0.7666572652713182,0,0,0.7239043690427256,0,1.0
604,5.590943965521798,-0.36333801169669044,-0.8112357433512851,1.6839376754776991,2.4098673660427945,0.20786494335954847,2.044147524564629,1.139429403781082,0.5042725333394017,-0.18352463574971206,-0.5285911369060752,-1.4397564247423877,-1.3478877449983662,1.11135334959824,-0.6963937343933676,0.9840104173112693,0.36794905014337187,-1.233957825120342,-2.082241141899779,-0.028041275653016454,-0.5653437117084562,0.8624580770431131,-0.6452206824260466,0.4382803844269703,0.8610785808735311,-0.9602513573142538,0.8682857803442915,-0.03761725255252882,0.22218289313873418,0.25015164098867637,0.6472909929950318,-1.1295353725232298,0.007832208398648385,1.6576827441628548,-1.243610650151931,1.5561438471721092,0.048289697956396246,0.11048763428863553,0.6475625675669149,-0.563392438562327,-0.9334741313326359,-1.240123369913619,-0.9940666561021697,-0.9375092773969625,0.07040602150603693,0.5577848343850069,-0.6793904863833409,-1.4888750049103177,1,1,0.9599563507330461,0,1.0
605,-1.3641050375495185,1.3686215526701593,0.004644578278901276,-0.408806746241226,-0.2689826736632901,0.959813530820156,1.985439134925906,1.2434599080826918,-1.055464498995785,-0.978089090853386,-1.61782956536295,0.7974504660191354,1.6586636211220553,0.6433010614053581,-1.0758871525086295,-0.6663708461302187,0.15989176568886124,0.19673753302535757,1.375050433463846,1.6801466905406146,1.5388402550353497,-0.3221452470864457,0.5771454891130059,1.7273983274001756,-1.5039477248258117,0.7358471268696254,-0.04368462058612814,0.621861986801227,-0.012265832579447635,-0.39841776586268424,0.029767081498202817,0.6974677097857488,0.5100347390654333,-0.20678933769601557,0.8100421288797207,-0.2614140158930553,0.9837440999200309,-0.6091934459273686,0.674984854472078,-0.578860971402836,0.1725385085092547,1.1827475295463785,-0.13866073207313273,-0.19110097748535124,0.5505987401475655,-1.4041652274016756,1.9061845401003334,0.11506208226154663,0,0,0.8538261515458444,0,1.0
606,-0.5428139489032809,0.6937086009457221,-0.028896478517973508,1.878311014755533,0.6427742944779534,-0.19568911103330494,-0.27790523484031665,-0.14787696813217524,-0.8421287797573164,-0.6164935788842045,-0.11001144722918227,-0.17713897375993504,0.4007155101333522,0.46169778156366137,-0.03593647932421124,0.02716396225484654,-0.053091591964151405,0.4847357290277249,1.0905219209906283,-0.05012030939581017,-1.3692889943640658,1.4006385275612396,-0.6832161747555654,-0.3856503028604075,-0.7436619131553596,0.147849728054096,1.1372185216439024,-0.8488686645169393,-1.0935093129972988,0.18488851153103578,-0.7624148823514515,-0.32748530865717607,0.11118530237185738,0.02841822713023325,1.127058525024021,-0.18284215558203623,0.5763908832444897,-0.08582214479470218,0.2595006740419419,-0.9970082119926784,0.15977998848106595,-0.2899927155381551,-0.5781369385674577,0.5430012873554282,-0.700765143348708,0.1301610747695733,-0.5210008682939496,0.5962497619090996,0,1,0.6503039441393754,0,1.0
607,4.9563767176691105,-1.7885074717363667,-0.2802303732313978,-0.8805275108938424,-2.6842607924461968,0.5048703836271958,-0.9626567831025534,0.6627744581485695,-0.10273230452895261,1.8521115265834958,0.3323104833180398,-1.17041787531577,-1.675051544432867,0.9803811833103072,-1.530347982818192,1.022929175984532,-0.4583913372479316,-0.0724270899154792,0.029167273993193864,-0.458592395464695,0.6511350552192646,-0.01969396109251003,1.8192353667288201,0.0526858702279214,0.2570274856099529,-0.9179113503239593,-0.31642773901158305,-0.8594667503765747,0.04257372279096622,0.06155253625901559,-1.2440348063289295,0.7242592720866784,-0.8302988490355244,-0.12709289712420524,-0.6298404269352682,-1.0596792278546154,0.4836733636742915,0.041431067051326265,1.0776952730059353,0.2042566276658246,-2.1073964955826745,0.8356442350461423,-0.6630752366382549,-0.22563032582521114,0.21652991891085066,0.8156197283945726,0.4197773466812468,-1.1968912493255837,1,1,0.9264244780759734,0,1.0
608,5.408073683311264,1.125004539448442,-1.4416050466325845,0.5129441756010853,0.20453622391802231,-0.04318957176793093,0.2263415913248506,-0.8894678648615912,-0.8791518857313121,1.2986451010368196,0.8537188380601326,-0.4935741243471143,1.6383409590503735,-1.6349651164075376,0.2577347713341697,0.5920342900346999,-1.7989055885194882,0.8730643890931071,1.0276930451686128,0.09618366807648317,0.13672540539748426,-0.3316612200717611,-0.4860357204078308,-0.20526093975813356,1.1914247114938714,1.3295777512283005,1.5590361558138481,-0.7645852552293309,-0.4176911190828696,-0.5598313974265798,-0.7192383673508493,0.0035615006027310196,1.4658486911884383,-0.6539734310345805,0.6833097864045602,-0.17444937750021652,0.5276599150066734,-0.09435737687194717,-0.007891841041374166,0.43650475705131964,0.6093272426311106,0.40408915384651983,0.2788818484493002,0.5526057918017074,0.791797498790382,-1.1555649444981315,-0.4732887405336594,-0.4278230694140061,1,1,0.9775509426943021,0,1.0
609,3.1952018934248443,0.33348866235004143,-0.7891576906088927,-1.0475987497365093,-0.9374488742943519,1.4130702308695144,0.12194516018622092,0.5015203541276477,-1.407833154249591,0.08878124272403007,1.1258514763454497,0.5829557959926488,0.7022396601185004,-1.1038864587896084,-0.373742614356747,-0.7641349299144301,1.7410220588432301,-0.8943249695900564,0.08953837725606692,-0.9266861958403315,0.36241410968607424,1.6059545541356008,1.1321540224029787,1.4420467529954033,-0.6116254822751559,0.09589788620857914,-1.5777186172839077,-0.469580100312973,-0.42548311580913606,-0.8416032487902764,0.3798349082154518,-1.1059293872508513,0.27747648334335284,0.06315168868925293,-0.7902019446522666,0.49082443086801875,0.6629153763454219,-0.63074136258985,0.6680472717085338,0.29165408466632153,0.6512776484048736,-0.0771818286190821,0.5036767980486327,-0.24843532705293836,-0.6971962121591788,0.2536224639507648,-0.16377153668904001,0.9077219392658877,1,1,0.8991122096655423,0,1.0
610,1.3086882788531842,0.3377689185595538,-0.22584583671701522,-0.026601619798383762,-0.04559096613593745,0.44000476214275,-1.860573709929925,-0.7267302845706926,1.0756584040704997,1.7526473596407044,1.7606246398835366,1.5157591663537646,-1.4194783442136676,-1.4690483217671093,-0.8873459160631022,-2.579857454724233,0.29637182269354767,0.1914599826483035,1.6303515530543817,0.10945925440522622,0.8750359705969769,1.2268483685166045,-0.0591726070940876,-0.06403329293979021,-0.37066960238639407,-0.34056739497620925,-0.9243103287589133,-1.095366207258992,-0.35302631337692864,-0.2388309049648778,-0.9218506533965708,-0.4675038030662359,0.9926036523799912,1.876358410139529,-0.3817189130567779,0.06369094165108767,-0.6658601837088771,-0.2938940342147688,0.911383514647784,-0.31878985956442507,0.7771868254626281,-0.9088227719673384,0.48688929428864497,-0.053412499288577595,0.04318622274481134,-1.4901379950503868,0.03920755917163596,-0.014199574813650088,1,1,0.8356901277149102,0,1.0
611,1.4039575630089283,0.9996938140298943,0.2886773136009442,0.017886625575706177,-1.56284778718006,-0.43858272047593505,-1.2355119091474782,2.015386121419547,0.16154561047543609,-0.4536322511879007,0.648428524468111,-0.6980496529378085,-0.8040947000513525,-0.09260491633604061,-0.7003426825311242,1.0365932968654095,-0.6238872843923428,0.5537537076511242,0.7512150619719924,-0.7269805657035893,0.3099254088946227,-0.8581770001423733,-1.6009793812928097,-0.16483382399833754,0.26215263728220606,-0.11707125298867832,-0.23509322356390155,-0.3585498314806532,0.31572181188011494,0.5506122727318842,-0.1949301993894405,0.09485559400049079,-1.8489338672446265,-0.20158305649214275,-0.13677238838863762,0.12369687175264912,0.2746403503922067,-0.5794232364989402,0.008822117401806497,-0.34274895411354617,0.010985285976784357,-0.6756124140857517,0.3746781428220214,0.1954103275375703,0.2557160057086615,-0.7667242993101665,-0.4637797031276026,1.4561653326193555,1,1,0.6148670600319599,0,1.0
612,3.4715753784515435,-1.3815186224951992,-0.22221758750462273,1.405610636178756,0.31717077304446606,1.3554908225253173,-1.073376650574302,-0.25921018598552487,0.44452551152307646,0.5532101456154428,1.2414984138003977,0.3268772033710539,-1.4306885940022158,-0.12987812974010624,2.1559277992263683,-0.13144673750388805,0.46668690846194855,0.3079869786952161,-0.08308511289303586,0.6206579681036749,0.48632521720833227,-1.601703032784632,0.00924910492554486,0.8046172041390255,1.770835331382102,-0.6621749534191422,-0.829915285267012,-0.4128847600021323,1.2229147566442817,1.2925161557697438,0.563453756400665,0.5590307098207645,0.28260254490656356,-0.1769538592817644,-1.0047143786713597,0.01253532149350588,0.010456107674724541,-0.8634846093571364,0.1290319414086905,-0.38618877527299433,-0.1099782116387694,0.8386987750594973,0.3115928468738939,1.9406221148600815,0.5738154966822837,-1.161575706826329,-0.43021779347228345,0.4436009007639973,1,1,0.956830993404557,0,1.0
613,1.517964768232115,2.8105720783374926,-0.14625139310157098,-1.2160156288783104,0.4065047958962402,0.8874440418137978,1.1895706518117064,-1.5932123933762183,0.5962021112746807,-1.1795867913747349,0.7232519155916636,-1.0515526984579053,0.18481727367633086,0.2533537230161348,0.3788552303206002,1.176979550844274,-0.7128518355671757,0.30317806017887605,-0.36147837225953094,1.0805907687210936,0.07539709935248487,1.1915124777563944,-0.9079826929426081,-0.9309070369227438,-0.5105714783747493,0.4745200139522357,-0.6157783658425385,1.4320872736326666,0.054987115657093605,-1.120319062336581,1.622201502783278,-0.1455851917412543,-1.27900994789052,-0.4267748761955355,-0.564381995362473,0.06629543845408076,-0.8815898388807625,-0.3500666615060436,0.5129305769601438,-0.9738440665184934,1.031149448328612,-0.8653767465824866,0.25831503853812743,0.28833831234871016,0.07966977249829228,0.3191827958671901,-0.2092885585164174,-0.4955805710755163,1,1,0.7410421166212154,0,1.0
614,0.9481572470127678,-0.12031921423356526,-0.8402781962718147,-1.1356492080252063,0.8800980772556878,-1.926940018948734,-0.5030770205327826,-0.8378712888451472,-1.1782368565783672,-1.6785017835361604,-0.7438375513472457,-1.65175023736434,0.40503287847763986,2.110652271806611,-1.1483374489024083,-1.5072920190538879,-0.21400785284745039,-0.14882325547282838,-0.49860882408950724,-0.49909146053894243,-1.9156245532091616,0.14398092664192794,1.0135241521139555,-0.90991160899411,0.28890398764337916,-0.3781946857908729,-0.7209413403909176,0.5447886629495035,-1.2683736857421786,0.6753915624616419,0.3793383310357763,-0.6917230780015202,0.510619909806996,-0.8811041503798062,0.0065634784125490385,-0.9776084637789362,-0.40737980279563296,-0.6372711493040106,-0.2458617764454499,1.0133519731924738,-0.3015063387611181,-0.5022750980759226,-0.37053208803664706,-0.7497300819455013,0.31028458350149357,-0.9742484847953116,0.4528975520989064,-0.08569641635144042,1,1,0.860792926935594,0,1.0
615,2.676392763465713,0.7119308766935734,0.7306899671101252,1.204223439955278,1.173366948918023,-0.7678894702195591,2.0374478698623966,-0.12132644649249252,0.20143249389826245,-1.276419019750689,0.9018653708314235,0.3499623782423554,0.1540692971912785,-0.25944103313530886,-0.9647992839361192,0.18520365920782006,-0.37168815091161667,-0.5799068813807308,-0.9042856331088159,0.630630298826671,-0.028589328560048255,-1.1261966231600056,0.2439895978706854,-0.4256856398455921,-2.149154517864464,0.032913833674613695,0.012256645431761071,-1.4525243375811514,-0.13769293145057962,-0.1850990373146222,-0.2730889191267507,-0.673144980235077,1.0693663897804793,-0.5919157612807474,-0.4771477450156043,0.5595898821209432,0.8772335507210612,-0.7778089777556059,-0.04798899692384827,0.5963073321414791,-0.7152207303796256,0.5647633537556185,-0.7869438617231395,0.6280646108367594,-0.0528622597250739,0.5651693844758447,-0.24824335152748664,0.25370328441100237,1,1,0.7386943037559013,0,1.0
616,-5.738064142911483,1.904208422110564,0.8313233595123458,-0.18914479916276028,2.368733834732839,-0.9165414071894362,0.8409473093684636,-0.0067794103030533225,-2.10067918085856,-0.3524530216615579,-1.8752596967931663,-0.4822917496275835,0.5177634176228721,-1.627694293533551,-0.3870674463304105,1.734440385396558,-0.6724604144471016,1.955849038527873,-0.9451022266354125,-0.7008389393995947,-0.14539725400269327,0.34609875362568965,0.6994455881450362,0.5728209672586237,-0.3194033468253746,-1.2859076530557725,0.31019651712168594,1.1176674132883737,0.7886020974765579,-0.8976903358606588,-0.1081754440939477,-0.5934256993690263,-1.0270381297856999,-0.6193405927918543,-0.513266409498988,-0.059484775854237205,0.3037868785384321,-0.14223771094596954,-1.2486732134953706,0.17490688365969098,-1.737986523205437,0.09417490257516382,0.11643255989321816,0.15721523193324366,-0.32433543575249835,0.20448194990427235,0.5898292296147594,-0.4610730873651325,0,0,0.9750728301886444,0,1.0
617,3.295318353485145,-2.3386906878665674,-0.8187641813949948,1.2587875653063425,-1.0592473146485493,-0.011874467794916629,-0.9197318210310856,0.7564817763291594,-2.153696437538366,-0.6238892372498631,0.05272126801909136,-0.022586438085867258,-0.17514656519999977,2.171009913655362,1.1046731103689504,1.3162328908490042,0.05637734514241551,1.1067638719939799,0.24272510461341268,1.171141532736453,0.372173835876416,-0.6078907785266497,0.6905563838754116,0.3477900775889791,0.6130651730260702,0.10137453691086296,0.6582724433041677,-0.5636560277529997,1.083449769572075,-0.18918172667166003,0.5284046225743594,-0.6408462220010074,0.013955316161029852,-0.2922488618299882,1.368296049371252,-0.770343480771393,1.178978683208475,-0.1488553443051572,0.45140264003871716,0.25617738484063474,0.3989850501064307,-1.278912709759028,-0.5216232745854147,-1.18370829732375,0.2551664003238795,0.8503278007920778,-0.6777772559035428,-0.02079174876193294,1,1,0.9522703548895908,0,1.0
618,-5.3950602028951335,0.3920379419062834,2.5451731170360627,-0.06489341817466748,0.7520335313646906,1.2388106635395852,-0.033296334098778274,-0.26881453460109667,-1.046501095599919,-0.47238562968538805,0.0007812990891062916,1.0980788507105554,1.1678651803243698,-0.9832403213695828,0.0403381910364789,0.44840625406951,-0.594653304306494,-0.9635847687551953,0.27045846005531754,-1.2432087280804167,-0.5436835543707237,-0.7100972209275314,-0.11717210577723472,-0.8190723079553444,-0.3605532707195165,-0.8794915869755447,-0.2767817456528697,0.8631119257262652,1.4933159666999374,1.1036458865628855,0.3972067485330912,-0.22047259846176026,0.08660707023527987,-0.34541541750271204,-0.5290619355760815,0.030872457973172618,0.8463873176328908,-0.3919840522488124,0.5566820507135903,0.35072677141654,0.37952007273836474,-0.16054476972616852,-0.016136217417782525,-0.9233848679234951,-0.5028335569850547,0.7126772419685962,-0.3040552471501692,0.03689148864136448,0,0,0.9700470151468039,0,1.0
619,-2.597770827340465,2.1741389203224233,0.7534407317086752,-0.010190197064404837,1.3668325839713302,-0.6850330983328742,-0.7087207780380705,-0.5238998214362325,-0.074293293712445,-0.0528500977783756,-0.03408694607296863,1.7310548072440393,0.6684874392045729,-2.03798330969816,0.3380315740648338,-1.1483787347864207,0.7758657872750416,-0.6879491006517879,0.05655283058722628,1.2120071690582963,0.13138886456395515,-0.0857295632104429,-0.13268805062061886,0.44281447996633,-0.4014780365102074,2.291590428399912,-0.2139727858985457,0.7722756016734824,-0.4798257765244975,0.36758407657276165,0.7549298931182521,-0.43915342699332105,0.34861813386508883,0.0072349472059071405,-0.5136534765638419,0.5767561527084534,0.7111945597338655,-0.7248305083956523,-1.1434772147759902,0.6894155026692657,-1.5671938530439824,-0.522339666038086,0.5803363152473787,-0.6103552353927142,-0.9253878831337204,1.2850789134408838,0.8583109732965606,0.3801519927173712,0,0,0.9229207100112662,0,1.0
620,-0.6985959209605563,0.6357307148959797,1.0614286593882403,-1.343059134290927,0.13414436459928375,1.1226144182798519,-0.7943989412184481,-0.4828785222522748,-0.7591109339664939,0.877314773088706,-0.634291569936088,0.16381632417554332,-0.01634385027728074,-0.3642372870151477,-1.5553464806872237,-0.22210070862420858,0.7858057812179282,1.1664900857680807,1.9036917586609035,-0.10384423891502674,1.0974950211568437,-1.0223031858308131,-0.5241390636752182,0.6502040276753566,0.13975219401223507,-0.30911695974402364,0.34768668413085346,-0.8779591335542655,0.9667628655897624,1.2785656587098901,1.8925671489192513,0.43420627107356685,-1.478555376813206,0.2749417271172362,0.30912091427023064,-0.05061505971030675,0.5502396437829784,-0.3616210938279777,-0.6101637112116093,1.1407407167043948,-0.4427199893619516,-0.4163328928422474,0.9568099871005181,-0.08923792219578568,0.00613154580696102,-0.3586304347556484,0.6140663324517918,0.34791769811652873,0,1,0.5253112829359614,0,1.0
621,-1.195503863117509,-1.2034547462375331,0.7617072442314695,-1.4726942957612772,-0.9289960198192204,0.20053056945269165,0.23070165953187044,0.3531209483009406,-0.14833484473620312,2.3751576496596307,-1.1157477816262262,1.0755149388649825,-0.2916788110577111,0.1497303029640755,0.30196020788948935,-2.067257285305018,0.41428601027672035,0.3732007140390507,0.24399710131579155,0.08829177712646062,0.2781066900156452,0.4656926422032193,1.4917580102112764,0.4983145755848155,-0.26184839532479864,-1.2353854409351883,0.0006123407434507063,0.44748547433786773,-0.3892605150954074,0.4383961965389263,-0.8539414697270078,0.7722189899427734,-0.9970982146550826,0.39068902251271964,-0.5584016885296277,0.331464792988827,-0.925039349698984,0.3276561533088137,-0.21658635997186435,-0.4343205898480802,-0.8416816036719952,-0.601197696966255,-0.11092353296698344,-0.9509787666669134,-0.09516679254299594,1.0893900764506268,-0.5904433817895658,-1.4466468572501947,0,0,0.7507721076224807,0,1.0
622,-5.964316297117361,1.625474815006114,-2.372217066783046,0.1676784838954193,0.3184760282872311,-0.39641289643262795,-0.8156874993631714,0.8940081673094077,-0.8092123736099975,-0.8842804067603817,-0.9228556844414199,1.709960863734799,0.1286414577016068,-0.102670189566281,0.2972578924410751,1.455963061054613,0.12191488799600128,0.3779292769612949,0.2665427567009514,1.5295790940042753,0.53665920459156,-0.8079064827619871,0.7640592160394659,-1.3535106501616476,0.4348536656394978,-0.4659408277307517,-0.23328971474837068,0.2005983199923375,0.6326509220641783,-1.2427281779120574,-0.6571421236237851,0.01046744544135016,1.1224685413750601,0.6105899485151558,-0.197381682410625,1.98506687810659,-1.0315743940678692,-1.7242114422523849,0.3382467369324413,0.5011169391382054,-0.25272362696537903,0.7943786365557454,-0.8689027191656811,0.1493161072910903,0.3277107959845435,0.31738263531938377,-1.396355750667729,-0.2893888945005323,0,0,0.991959375287656,0,1.0
623,-1.6992031901219333,-3.8987656321387,1.5703824828327406,-3.3390658654470973,0.5381750302381273,0.3024303397717159,0.8839220602515492,-0.6748048108593807,0.5222552952367266,2.087326987108557,1.5251929732750367,-0.7076327493783008,1.2504324584681124,-0.8184727950427455,2.0387216471231744,0.7926895746112788,0.6399761236749606,0.72170723284807,-1.3492947026365023,0.2717120966990825,-0.21845175275937992,-0.14631860272059735,-1.1454902027833238,0.9472098486069852,0.5590855694996019,1.1398836305585272,-0.24023349115128187,0.5834373394262851,0.08944261890709566,-1.2779875785639785,1.621332501046131,0.5362461650785357,0.35068339389251546,-0.3638905435532477,1.4796805750818598,0.43102634671094703,-0.9164433546085909,-0.36555413270717807,-0.8244870799720072,-0.27692618619750053,-0.5776771756695399,1.7273440484921447,0.39467793650526206,-0.3669366280807305,-0.07965963313907916,-2.0310193832113344,-1.0107090281534683,-0.05590562731553841,0,0,0.5187836852035661,0,1.0
624,-0.9443481229009704,-0.9989161697408817,-0.17168949276841555,-0.5805040961149602,-1.0962221517762565,-1.4061889070834794,1.1332906501081006,-0.4817127801276762,0.24894916854756668,-0.7730348341043497,-1.7050540733539823,-1.38966992102099,-0.4997226899035404,-0.14766983375307188,-2.2382776966693876,0.15308618342477548,-0.7281673880774735,0.5689633332238008,-0.8379891798298119,0.5497846272789259,0.42025328348239877,0.3483857698629984,-0.9828685114192871,0.2081976731286038,0.22282170386853767,0.6582603969914405,-0.8755675713300045,1.1033079484724457,0.623312180878673,-0.9541340795806333,-0.2948081169342534,0.5493026016472605,0.7522465484283253,0.438646579171522,0.5985925643133684,1.037579757472047,1.316074680501675,-0.4250808065617175,-0.6275798733079893,-0.1278252482486654,1.105642359914455,0.08883805781606008,0.4670903291499767,0.08113893400929507,-0.11977674668200307,0.5740956840206924,0.07799303924412818,-0.27855251498941913,0,0,0.8112235420446735,0,1.0
625,-0.4833472971447792,-1.3250462669804495,0.7798816782314814,-0.9946091448527636,0.15159111712397838,-0.5953262538902843,0.10565627622471907,1.7992653459529544,-1.5737880517620029,-0.324245526003369,-0.7295906352960828,-0.6513719170240165,-0.0545034385802907,-0.21359346223780765,-1.945686677224911,0.5242839796442001,-0.07886528051804283,0.04793842639923659,-1.2555779635697861,1.8018904353767002,-0.28426695755602605,0.17722026442296296,0.5974939334779441,-0.6218802398116619,0.06590483771563227,-0.1871719867444372,1.2399511559776317,-0.4918093069739343,-0.17505249078908555,0.9411996751731085,-0.6330840330126309,-0.26951422288713095,0.09024378271527986,0.9185913790204393,0.44774510577442506,1.1271210866760548,-0.28615645942180246,0.18781421065498802,0.47225779729718076,0.011727186613007447,1.3381654104410776,-0.7243438474354144,0.5201039339566048,-0.8428124879946961,0.476006452429857,0.5157695315751407,-0.10195050421710729,-1.3550006893237414,0,0,0.6219230318530412,0,1.0
626,3.8586569481503448,-1.627088083953343,-2.1428224912188054,-0.5015838488195569,-0.2782959856290276,0.8057291811679801,2.55698402601645,0.9376147046464527,2.5098078427748165,-0.33670085311308107,-1.4973009776595763,-0.9885165577749079,-0.016193539261365665,0.5463936027054228,0.9598851130137449,0.6944608457359225,-0.6946829410204599,0.3959047404253719,-0.6441914422599121,0.05453968378866965,-0.8390342176821342,0.2898860601819843,-1.22017781646908,-0.09925116731158612,-0.8943823125683582,1.1109161591476593,-0.20701548148767618,0.639181688259143,-0.21893881539323054,-0.14625518745230054,0.21102538617573297,1.590304702150089,0.931634682176985,0.5565199206003041,1.2237268119551792,-0.5621271970446703,0.617399242416718,0.7078004567421599,0.13875705822266124,0.48569119115706555,-0.13309510813872918,-1.3061853145763616,-0.14899426479418312,-0.4413688063336181,-0.8725849261465146,-0.261445465321916,-0.19494836159041673,-0.574662333234067,1,1,0.9525091556443073,0,1.0
627,1.0336617001104549,-3.962856561111697,-1.078883622118679,-0.49053123967573226,-0.4543842106508552,-1.5330725404517034,-0.43763766517135994,-0.7128637298467735,-1.1173894447624704,2.319082285293519,1.2709142718756536,1.323814579231279,0.17991993643371287,-0.0818033027147213,-1.9668115469343856,-0.24322807989938344,0.13220244798095773,-0.06514883472975581,-1.080534009286102,1.5510586967658806,0.05287389574108129,-0.13536979881600952,1.2952507327386071,-1.6070744614682981,-1.8675320676675062,-0.6412794057275921,0.28990127310648983,-0.8753146410894996,-0.461410552150634,-1.4779152915063827,-0.5272649907778318,0.2229857644138169,-0.16401956995252462,-0.19626495970330732,0.33528130381451626,0.9939701073806096,0.8665553736919201,-0.620706797039185,-0.05981330455579888,-0.4705726350665218,0.190387993784536,-0.25609780629603807,-1.1269006424670263,0.7045665415287466,-0.9604590315107895,-0.6931351141878166,0.4791686230667462,-1.4100838556477375,1,1,0.7033117914220638,0,1.0
628,3.812108229245685,-0.14992520757815073,-0.9919015939330594,-2.180807788357372,0.260843208546836,0.6697936269196453,0.4035688233377976,1.2971173521703703,1.481701658266014,0.9889259709014276,-0.4761872361689017,-1.4139178791919316,-0.1342011693201511,0.2056407202185046,0.17214618201625093,1.1794259482774674,0.12579845072492868,-0.6780441819180344,0.7624390605025839,-1.608709279466323,-0.590804463692857,1.0846127996192594,-1.6202638326073344,1.510604526431969,0.7856360380064027,0.31286333180880077,0.030209368677883455,-0.3986637977994226,-1.2018007558678612,-1.4461508409347335,-1.0379185687900112,1.1998497021432386,-1.0804817161090825,-1.090487088927454,-0.4937295533388184,-1.4229476067937272,-1.0787228079968945,-0.29853782917622246,0.16458551747633407,1.0048400690076,-0.4905467962608347,1.2753538209807895,-0.9863217162927082,0.2789730435000545,-0.2696837211598304,0.9874447146714534,0.3460353747157378,-0.2805511911858671,1,1,0.9541726053417003,0,1.0
629,5.6047568394056695,1.0762997447777827,-1.4523103555765131,0.6106535481060439,0.2196808369146327,-1.844597354275277,-1.0894328513236502,0.12337400654618862,0.4944330782153073,-0.114666831722397,-0.08601765815988155,-0.09803676643450042,1.0375336473040353,1.9572544651773889,-0.16763517251917232,-0.10662802362815772,0.4579111926500238,0.6860258147472148,0.7945186613205152,-0.38689326183590533,-0.8925103969448568,-0.664793076454527,1.176828277700058,-0.29180044016414947,-0.3068815880128202,-1.6727742534742083,0.326386443942064,-1.3821576904786823,-0.9405212673410425,0.7037896807487735,-0.08037076189211315,0.2744052561529629,-1.2185302930968855,-0.24926397453849705,0.1485935558412011,0.26400230934547764,1.3749984298196398,-0.4134141173947528,-0.4007935078992768,-1.9227124115089265,-0.9252178327916911,-1.0834454552802844,-1.0437047135173292,-0.8508227846488119,0.09614622152644668,0.6722467162153755,0.9150277164481619,0.26382205145365656,1,1,0.9837902958429365,0,1.0
630,-0.19526132873654614,-0.8665182690823551,-1.478517324625739,-0.8061411232467592,-0.04568506932120174,1.4828696951724916,-1.7587528462495063,-0.7528069015837928,-0.5751349524297912,-0.6407493755834511,0.04801619252433734,-0.4759743660786238,0.5856047005238149,0.409132415162677,-0.8396370171937632,-0.2653607936799573,0.13375798740687095,2.225914544713719,-0.19835913992242052,0.36677657962015253,0.474484423794425,-0.08750817777662293,-0.6018122334163568,-0.7862444665273042,1.7832146181234523,0.8430242626343825,1.2444446400139986,-0.1441116776709155,-0.2640131790486781,-0.08368529392785894,0.16154073363660443,-0.6132764756154683,1.5801815874988707,0.4191863115794894,-1.7136636262853502,0.22759283174876124,-0.5615725514616762,1.2255842490505213,-0.1334190608549422,-0.5386508470306769,-0.0632110563890882,1.228053283726532,-0.7100072095085457,-0.06664209308931,-1.344093807433482,0.05256428347531001,0.438718602844085,0.4559951097656431,0,0,0.5422650315137826,0,1.0
631,0.8157590489032048,0.3750115341674678,-1.3027656294930643,-0.9007452069433383,-0.8473085180799473,1.493251514401738,0.18966444613739575,0.7518618145975551,-0.810510431350347,1.1756008829921236,1.028591576451194,-0.4982871121832069,-1.2806732999612864,0.5433609961733985,0.9745028087869401,0.8404857694653155,0.4170712584229867,-0.5555170291295042,-0.3697423372063785,-0.10684480928432553,-0.299560953976936,-0.457787211384355,0.05440625754219836,-0.12195503602212025,0.3172675538503388,0.19336495933397757,-0.791790252934929,-0.013612951349006221,-0.0321478717826712,-0.21932616567536448,1.4288799254116076,0.6572471960920407,-0.5262527338908038,0.9315101014514563,-0.4659325082334268,-0.9795862928652805,-0.5643038183119818,-0.8440305905889472,-0.5209552473095782,-0.06114926463544593,0.2590900870746151,-0.2035971157618454,0.27025515033335135,-0.17811449719258027,0.5739689615991218,0.3603244450470061,-1.4558764880200863,-1.189127296735534,1,0,0.5471609066511564,0,1.0
632,-2.83081161257727,-0.9816035451994707,1.4962459830830548,-0.00393390587288373,0.17520597066727986,0.7293099081691052,-0.272626900705496,-0.26831835824797495,0.30156826031503314,0.3542244441476066,-0.09148630388820365,-0.8956794831686474,-1.1686380082763388,2.9358114888195628,-1.4312427510231562,1.2920431497852283,-0.3966048170945967,0.21483857254268254,0.7039128696696058,0.2078469005052443,0.3706110899209709,-0.7379387133662282,-0.713089853896285,-0.23565077245927002,0.7896125986722448,0.16112077598980723,-2.901494317924156,0.4237245825352238,-0.9293398720688407,-0.7928508469069263,-0.17733447482477935,0.4216592356229852,1.931830905471618,-0.07135970274414244,0.12390773699542112,-0.018616519765299832,-0.825332519173244,-1.1678863448537355,-1.3747658245867826,0.22457453207431055,1.7775502833685588,0.7548450482592808,0.35462355634670234,0.5623052817806449,0.8532117129086759,-0.30815928282329175,0.731555473608963,-0.9491163328064791,0,0,0.8427443492125944,0,1.0
633,2.417341255406758,0.0038332616733119333,1.7398942905737713,0.7949106505984869,-0.025048607314205894,-0.5495966790676998,-0.6340959474670275,1.0171799165902284,-1.8561414148077704,0.5857096655511805,0.24125438340474475,0.21731059572043065,-0.2288593339191102,-0.6759577073605031,-1.213549185455607,-0.9680591230444432,1.37846673099943,1.3803721244696632,-1.5467472621764606,0.050888192844448614,0.17173306370441407,0.15602189532817162,-1.842702376547565,0.35457772429228707,0.001528323296024063,0.5534522030042832,-0.12012749255134683,0.012652762264207123,-0.4437693342765243,-1.5921980914608118,0.3292371834411226,-1.6377194549734977,0.8753800002148938,1.4992057510036965,0.7498486343156959,-0.058866962911615216,0.8473830719737958,0.15783255854461287,-0.30298330536493123,-0.2358974538328868,-0.3532366085289922,0.3080507942589064,-1.506726423924233,0.6979474632870282,0.04930174144913783,0.48023538326221243,-0.04126148580430413,0.6291963244284862,1,1,0.7374742407550912,0,1.0
634,4.788234248152241,0.24568864661946851,-2.096309156470533,-0.8856614116513556,0.02182104356560653,2.1489460767347777,-0.5665019968711211,1.6630843294952384,0.31711013741073313,0.8337732281004381,-0.1851920084763624,-2.249460473783364,-0.15928366776360497,-0.7314453282302248,1.0320073688888602,-0.8871032724669506,0.14440215937244402,-0.523717642528969,-0.005994734893113633,0.741751056897537,0.9648383410008142,-0.1555382672316483,0.1670249910111714,-1.5814808484732963,-0.027223945941770057,-0.4436130995294709,1.0439528838507968,-0.9723827974092253,0.5819271639949355,-0.5259731078292833,-0.19917065099215403,1.6366319074732898,-0.3409112701255515,-0.971398599362852,0.7443582773123838,1.0043511235916067,-0.4812259078628092,0.2580492507686365,-1.4333700996685093,0.3383438223700558,0.5385364602258624,0.05639788667146907,0.025596311764704976,1.1809623204467752,-0.4722771707685668,1.2606734543361844,-0.13392576144434415,-1.7275370463395112,1,1,0.9605672393767168,0,1.0
635,4.982914160196575,1.2376863458358907,0.6970768107585965,0.3069414243179921,2.738272641266332,-0.07190455169816333,-0.8104706929078312,-0.29465662692494327,-1.9464323176201201,0.3341299463996764,-1.9871738078062133,-1.9542741831274246,0.153319190298374,0.12278170391414445,1.1580216020676524,0.6823423283140477,1.2834186942663686,-0.3963918673739492,1.181972270551135,0.15650695474105927,0.7848684963932224,0.8311631342516661,0.8497890836464896,0.6961046087081029,0.37793517644580027,0.05302013301204116,-0.6708456425277889,0.5828997160625164,-0.9301042210627534,-0.006645875288219387,1.2968740932504108,-1.2380545376496865,0.21022724948884275,0.5507930706868843,-0.3192844285614515,-0.3886030442742493,1.7887693535958815,0.7939941985445516,0.49006836785488705,0.6413781941932318,-0.2501721080286406,0.8732378313365088,1.545579862693022,-0.2303375191801969,0.0895758835839096,-0.7843308851796182,-0.6435059677664732,1.0389078415647997,1,1,0.9710371882821652,0,1.0
636,-0.19884211833927487,0.7193105644369003,-1.2431113000703176,-1.3539661571986163,0.12895630959043267,-0.690784633781124,1.3693639091768048,-0.6269517053130368,1.0033564296826987,-0.13584830015455515,-0.7972205989694224,-1.4782404631895842,-0.6492635259369987,-0.1841790376779618,0.6016065914407912,-0.37609159918966156,-1.5376594418369773,1.2750001264948962,0.8366566811802588,-0.47783651112730213,1.2994969624750594,0.05342162125965005,1.0271083692777718,0.5966038622399463,-0.298806559948177,-0.6096626506681508,0.5897230743925972,0.32730624930945135,-2.386088898867801,-1.2255544146576098,-0.9318164792016463,0.08395545856707107,0.4624468759021178,-0.24998412027324188,0.009332309165105133,0.28425553100806444,0.05380291127464831,-0.15771783351423038,2.1966119079991984,-0.18938835283000494,0.050632607971044755,-1.1758890383854694,0.4846111253300973,-0.6722079820036891,-0.09468529005379354,-0.25189499174366886,0.5848404203520227,-0.3428770258063914,0,1,0.742230129844316,0,1.0
637,-6.143535353887313,0.9594105977238604,-1.223577171337759,2.2480565116572286,-0.5936700259875488,-1.2164733877141516,-0.26828773508286213,0.8209483456842989,0.40161394881857654,0.24392827034014478,-0.10551318748924794,0.8479678431809229,0.6456415246301155,-0.12984556824743795,1.1424437266820073,1.0443707816122343,-1.6338581337357378,0.25825599818263656,-0.5320400763459051,-0.43568365667782344,0.43172418559264886,-0.8972667358553659,-1.3431344738212982,0.2110240922911805,-0.4420500923409205,-0.7042055654037114,0.5943116804698977,0.06019755936151426,0.6480600666259637,-0.4338920285222334,-0.3782677209991246,-0.38671482249851125,-1.2192762032381772,-0.14378319913451842,0.6331929868818962,-0.3482117646498064,0.5628408356097513,-0.7626169981462008,-0.8305895956720929,0.27496708974419476,0.3642696446266041,0.3171743124063529,-1.7494148359032426,0.19221791425191329,0.5909786323838192,-1.9227373034897524,0.07299732596874108,-0.6545347003537142,0,0,0.9819428396307347,0,1.0
638,0.18693743303395147,-2.559277517109002,-1.0810449104826265,-0.6162509852876795,0.7856930261136413,1.1549757825147702,0.2997212746464853,1.1220027009224094,0.33805222017817577,-0.8455263065458153,0.7637165585313896,-0.17965764851560848,1.594887305474826,1.7038947804337754,-0.0475012923958769,-1.0705233383358939,1.4128235782457834,-0.18627215854882154,1.767332562296649,1.0391709932677229,-1.1798521831831505,-1.3103881380439506,-0.40379937086445433,-1.6073009427986675,0.07258167554231452,-0.44690191775230137,0.7840861696108717,-0.6154394776390635,-0.7128689414482817,1.100074129702866,-1.551706187855321,-0.29613474309724974,-0.006263257496177504,-1.1448616266358538,-1.0023397412840358,-0.40667359734189884,-0.0658546523361322,-1.729873852576262,-0.024563685365029175,0.49761905887525043,-1.0304596561900277,-0.4361021028491986,-0.34682818993518116,0.2398803203049945,-1.2184886778134991,0.004441934801761842,0.24993464263415852,0.44225477309441996,1,1,0.7278122974738522,0,1.0
639,2.067449152891099,-1.1477115210083642,-1.1049143946014468,-1.281238471001026,0.7012100362422695,0.4525401629082113,0.0985221711921312,-0.21461969314283563,-0.45025763442223227,-0.6177280224959859,-1.7300764696184248,1.746223910110238,0.9804900323689553,0.5482012183722346,0.0924964085346935,0.12116729944872241,0.43897661420569833,-0.4210847940105421,-0.44233255007257616,-0.6270607848126876,-0.014713876889042866,-0.6878188302753255,0.520506542270884,0.40632796879742716,0.42624673028715127,0.0009478615995934292,0.35077799509831437,2.0424175555646995,0.6768706431212759,-0.17828654810979425,0.47814030240799665,1.7010831252653447,-0.1330805898552305,0.42381969103860645,-0.7649721413330112,0.8344004913143361,0.10004031945103718,0.7983014010436387,0.19662693707727424,-0.02713418624257217,-0.16932999877693186,0.3311053025863853,0.26311848013012373,-0.9236481254023821,0.22036207468773478,0.5994700097853547,0.882753715772504,1.2688141333061422,1,1,0.6702748753933345,0,1.0
640,7.581555508399291,-2.2235138524139675,-2.1807101965413747,-0.9111039288817694,-2.8129466011448123,-0.5628229901816464,0.2698093781837419,-1.3775696489030003,0.958696693306844,-0.7079104438895079,-1.2579130986609544,0.5601725381872844,-0.059677749965101196,-1.2714678444083893,2.1890080586017233,-0.49384153962404803,-0.06406076385463653,-0.7254603138269455,-0.3026996126827484,-0.1528600110017168,-0.3268277600301478,0.6320649078280388,-0.9482947721353283,-1.0218666554995905,-0.26975670290759735,1.1502406126227482,1.4267918351211968,0.46207112605378614,-0.8482876950877442,-0.41856167396495464,0.6904698371639609,-0.6102234605488657,0.4542176888883127,0.7395969880579771,1.4683456990738601,0.20064054714173576,0.30983408413640257,-0.7532871682686179,-1.308442433962086,-0.6910529770424977,0.3792991734591181,-0.23179016276428827,0.8840127718686485,-0.9209630782164396,-0.5657034056435702,-1.0063877460175075,0.16746914390777903,-0.44013594091748637,1,1,0.9951451878374935,0,1.0
641,3.3168637068566325,-3.1564829194004114,0.47445113975023295,-0.09994297096862621,0.016238510870055754,2.190801538574913,-0.43967739878701073,-1.0531903592946052,1.0699901343406228,1.2301706211706969,-0.545295517379744,-0.27343661577650064,-0.30307802990476385,0.5044635045180658,0.8561903714377712,0.6903218492250147,-0.3244618499385877,-0.4983718717033371,-1.6018926030258736,-0.07897033480631024,1.716024688977557,-1.497195953459982,-0.8597986951800111,0.2084730727532295,-2.2366726498566067,1.882265508932172,-1.8162542919231528,-0.7374326317539284,2.3670183755165914,0.25494531092459316,0.09793867856876787,1.1319508179638487,0.3963319492042649,-1.4473264948977254,-1.0843242215574507,-0.08916231913170071,0.22906146314446268,2.40595073712537,0.5109139766695764,-1.3084477338479676,-0.8746517105133997,-0.6811095536606733,-0.0545710247440234,-0.6747428152756532,0.08503496838697018,-1.065511633789534,0.7990796290398462,-0.42396586915745865,1,1,0.8689528766564842,0,1.0
642,3.1556518619505813,-1.6359264558298174,1.71695942393752,0.6162895809038735,0.6225941855842627,-0.5707275196458168,-1.1803196450958213,-0.19222921743435448,-0.6974497178816867,-1.4044483209424816,0.45841231990275405,0.08781432268875888,0.39693820839099353,-0.24816580604423655,0.6256454926511859,0.33664420260252187,0.3751447438051091,-1.3163050135894185,0.8223478308171256,1.1645006593419311,-0.010986081606012388,0.7067275996492793,-1.2659663400080008,-0.18073051683488334,-1.2014985022175677,0.16681618845240248,1.1135394263741785,-0.3486003030662235,0.8622340940431962,-0.6086243113356828,1.9816245014837088,-0.1775319149685118,-0.06945987002026664,0.20114146948357345,0.030088249858195002,0.5367806383836069,0.4144705075430039,1.1407143214297615,0.5244011096187263,0.09458942210527875,0.634792253950819,0.3660074498971137,-0.501025805429178,-0.017180805470094124,-0.03484781861801892,-0.5258502515914545,-0.8356276384724688,0.1462914365751373,1,1,0.8789171769926207,0,1.0
643,4.560975480134399,0.6394752759922808,-0.5773725038940689,-1.2858415814303334,-0.5042321886635026,0.13108033423245838,0.21549438343273533,1.8389890085942704,-0.6045928830041593,1.3862530442521868,0.12357694002679152,-1.2532543163684622,1.631858345535978,0.3495559196762613,-1.9310839634172294,1.1269903909445562,0.6898774790746396,-2.028511996566692,-0.6038079689599132,0.5391516785885822,1.0997640242903952,0.6152852420229307,-0.2431076318233168,-1.9000330951779092,-0.3464296395934549,0.05849683402266069,0.007469912059313475,-0.3895245173696123,1.7608413377439807,-0.2480290159025834,-0.1240346966888412,-0.25168323938591036,-0.6043641572924738,0.381870209880759,-0.14805133839679774,-0.4900467556668834,-0.38380859433493425,-1.2535647552600637,-0.26129249537494387,-1.1988398761116328,-0.2841538526468623,-0.49508714153207717,-0.18911487218639533,0.3296810319745896,1.1737878950761997,0.6696309587044498,-0.1385990210343513,0.5216858839837694,1,1,0.9733097546738096,0,1.0
644,-7.3450148446988095,-1.1749407369004896,-0.21581752993667105,-0.32408535133403515,-0.6650600526831445,-0.25493431466152894,0.39263191017273835,0.2714698980886051,0.09787829090864066,0.0865376536209316,1.3178316735686812,0.736500866991696,1.1575231089813758,-0.5523552210165044,0.13908861063420216,-0.2687995174176674,1.2980545537040353,0.3871325458766944,-0.8253725597119598,-0.2624495736109344,-0.6158280883560794,-0.4906919891115132,-0.29573604514809865,-0.9949628480807136,-0.6571822857813295,-0.384835456858749,-0.2875931608434315,-0.053393983443109805,0.7333903858055485,-0.4054115421578174,1.102307947279602,1.0439182748971685,0.3026557397180625,0.2868910799971122,0.6972693380825195,-0.8505200794667875,0.6664968506650919,0.8656831230251416,-1.5466423805857445,0.6190285541877157,0.25633894490622194,-1.0005489541536996,1.3908406080816553,-0.8008914288597646,0.737001110733506,0.08860416633359398,0.7169764182306931,-0.03451570911101602,0,0,0.993517676021788,0,1.0
645,-1.3828894978129274,-1.1355886939438458,1.5500384282809876,0.3369354183133965,-0.8537590782422046,-0.6357326357214484,-0.9446271432210355,0.8839738998431347,0.9640685248752687,-0.4858986455718653,-1.312113010391514,2.099385674974039,-0.7486669633536874,-0.04011608577496029,0.9593695195408054,-1.165544024692519,-1.3068514677179768,0.48853266314678745,0.6053523979821749,-0.27883069214231976,-0.1287680201602468,0.4548299788321649,-0.2802646950380982,0.26822465368303405,-1.768819765054061,-0.6699394267942556,0.21377228734756049,0.5210461988078937,-0.16541347701957682,-0.6228684144494644,-0.4535040174287594,-0.4508182126967878,0.5066162743979701,0.30156351129591114,0.5802698027515109,1.578940451541589,0.07260801317646837,0.5353485225423068,-0.47852639079772574,-0.22859317975442475,0.6527467598961719,0.5844519901002334,-0.06536845172363315,0.5309531194753614,0.7700826992124061,1.6450157690593925,-0.7224416331396385,-0.25728029976385036,0,0,0.7881039956422206,0,1.0
646,-0.9809751850467656,-2.607284000132847,-0.44843324169351256,-0.7217628090467261,-0.16271478541080198,1.0617820560066469,-0.8316931206920443,0.06095998366125358,0.9283284333387402,-0.8035413720524351,-0.06647691016782788,-1.4094798979535506,-1.4844618019741296,-0.5462412398880663,-0.49256624019701273,-0.0061823659432361545,-0.05835834655998666,0.7949887848276017,0.6309381115807944,1.091374996588655,0.41088999760071265,-0.1944434440884706,-1.1287463711096615,-1.1191633438173538,-0.326659568109957,0.5460381829623652,0.6972885457294339,-1.3749180373441547,0.5142433815195612,-0.070278268853878,1.273470961375885,1.50485726750711,0.7174311265820721,-0.04140191096277965,-0.7575223845797173,1.1280206854727517,0.3643943464219533,-0.36352766082212856,1.061422983184078,-0.03860297133616844,0.7009343435376403,-0.4531183334608249,-0.3000138503099435,0.8741748464679716,0.5513609399727242,-1.7239666197501409,0.5165015550459666,-0.22528122652257934,0,0,0.7200028537417281,0,1.0
647,-1.6171320522341446,-0.6087192239605882,-0.9322309627307842,-0.7605850703778535,1.2717207844900278,-1.6242164653172535,0.5102740176084172,-0.5178310993681399,0.03467407092652003,-0.6558581368235612,0.6737619268495469,-1.013761051137457,1.8342261410507572,-0.6163807702167922,-0.713636864978568,1.203567726053738,0.9590589985036364,0.21565747764265566,-1.1483367124380068,-0.31849338048180964,-1.0951450264817502,0.8541793452438396,-1.0915812065080956,0.8699979925139278,-0.5576467409084458,0.9987981968964887,-0.06009107378021489,1.0597857785680005,-0.579412467114978,-1.9337156650306218,-0.3887285475146846,-1.3887246865831064,-0.6365701907547265,-0.8826190714703441,0.4769887336132824,0.19291196227777493,-0.6976818352503832,0.6788999494596561,0.11409248153861025,-1.2373173149340853,-0.22652732567835007,0.377160180775296,1.0413202088550597,-0.6199842740639046,-1.207843655116862,1.1105228072333682,0.36579434139752875,-0.1817562312245345,0,0,0.7590180565563357,0,1.0
648,2.0770481058554937,-0.688714717488562,-1.3629860350508163,-0.2790727186366698,-1.6435392800986108,0.5174191196665693,0.23601637002806283,1.1087917668944256,1.65124834309081,-0.9152241602510595,0.12271248978662531,-0.7916023272761689,1.013955548911805,-0.18570127236624095,1.7164112092059707,2.0656534762169474,-1.5249361647150779,0.8690050578896109,-0.814466439992846,1.1271136088054403,1.0886852032652776,1.9081340706382954,0.25726979685313456,1.9980599262717629,0.4975060280309463,0.6877382092289407,-0.36819974664076865,-1.6728787586075737,0.17763431240562283,1.041620326529625,-0.7016265526929305,0.2743598115793264,-1.4419838351383363,1.7923282846729742,-0.7212868313650902,-0.1782539749687431,0.1442888094106381,0.3328669497695476,-0.6110369315868007,-0.5743169688190221,-0.9659682031306541,0.9602199838908885,-0.34216135943639353,-2.2093894039626645,1.1845375250345238,0.6157651548209043,0.6149566720108617,1.8235284388881516,1,1,0.9721531685830551,0,1.0
649,-5.657088647487684,3.3229684074995136,0.8139877428109689,-1.25486974840748,2.2042003200249676,-0.08464691667149049,-1.5400984241614062,-1.1166231163243545,0.6108068623812126,-0.4810172415595766,0.983371443850465,-0.5545867076727348,-1.1526883186270267,1.7425919171470805,0.047921386907135176,-1.4501152544399076,-0.7030430459935142,-0.02413881346220787,-0.48166733316163,0.6417942767173008,-1.1180722416245323,0.5087927912557061,-0.6256559250686818,-1.13657313716083,0.36448902234716835,0.09812606193614087,0.5131867282858223,0.30052636098356683,-0.5357861679168585,0.11931712807758872,1.060018194755198,-0.20336734031687892,1.2045249557042512,0.20454191711198527,-0.09045618949458752,-0.18984845217688587,-0.32783974346624306,-0.109221818338474,-0.3514332712187694,0.7554088629336811,-0.22821339898050086,0.9020422517390824,1.194380127584878,-0.026266527924532733,0.804671622711865,-0.7594362482046406,0.23881091303621862,1.3680815742343164,0,0,0.942865285287236,0,1.0
650,7.04512713873394,0.5492218638132601,2.3088558398566,-1.1452225073231588,-1.2826824635613756,-0.3542780789922986,-0.7896369037283153,1.8597680833486303,-0.5777915661639565,0.34320155045967937,-0.6254715745270566,0.013001061626433967,2.0767643089218804,-0.16669330516848022,0.574658419330848,-0.7623719982817423,0.47200174414530427,0.5256940825444215,-1.1130752141401665,-0.49211834661624765,-2.8083285043636983,1.6016113029965209,0.7605905090223702,-1.0922210775697565,-0.36796197166512523,-0.5179922740395987,-0.43330965317910536,-0.45380988372525505,-0.13486971603687903,-0.4714337006347359,0.32551349027839793,-0.30749252486146167,-0.4834787269049017,0.7098969219181472,0.7248562206635842,0.24718595607520585,-1.0142461587054992,0.5895683422863365,0.11867824257872836,0.6975049223421259,0.13385420033342857,0.7261091258929306,0.09208622570164361,0.3207012158263365,-0.335712065158514,-0.42559802489862675,1.0302974252922021,-1.1694001789899668,1,1,0.9957262780047755,0,1.0
651,2.338566763300467,0.42153129704062187,-2.7893292837198502,-0.7365241816220646,1.2128383679063504,-0.44253346703833407,0.14349033800710614,0.40730000699512664,0.46336715459831923,-0.6808643741603623,-0.7207544975953584,-1.4013434489407186,0.23186816443746602,1.4708269035305037,-0.6516357221096847,1.2590641461335497,-0.2351504922060621,-0.8047377685874902,-1.9440075139370228,-0.6325638791266737,0.10808226709825608,0.3111547105944879,0.15591300162129498,0.526552946066039,-0.42475131559776413,0.45105548365594805,-0.7149889636336313,0.2145474159665375,-0.8686278773627905,0.24825063734079925,-0.3694394122116745,0.10205547476696056,0.2126706363846336,-0.8669127821342874,-0.04959666168142864,0.7867521684718666,0.02416499336841692,2.127522875473808,-0.20863568429888932,0.4166168069024337,-0.7426091031316007,0.44576570885340633,0.45166281109025647,0.5295185888431353,-0.4222578958061911,-0.25856685248760614,0.16410967940792198,-0.5738007464426027,1,1,0.8012732380059773,0,1.0
652,-1.1146352557684622,-1.6979736504895313,0.9189467071090625,-0.38239999948656894,-0.6215055384769761,-0.6734829452784131,-0.90734658256707,-0.5675241163640565,0.3491853152868204,0.5807980159394351,0.48869724982560997,0.49356256448958075,-0.9888548061160485,0.6242977240625966,-1.5788879026982914,-0.0917699401160258,0.9476498971721071,-1.7190159114774441,0.2863222043980122,0.3416356716862397,-1.1788692084802812,-0.2591157661809529,-0.559599816998788,0.7796215993082088,0.0379474661229447,-0.3279897457222433,0.25173762656228293,-0.05720975725060615,0.6713639074385443,0.43440038883903853,-0.09351239814645684,-0.877985118227499,-0.29513954441527684,0.34662959738127386,-0.036473741011490105,1.5041286324648397,-1.3887105509367073,0.8331938133458704,0.358280827844566,-0.8473693198569436,-0.10417025915711073,0.32033224689192397,1.0334826520279046,-0.11975994592441697,-0.14318302460100493,0.058594809417842626,1.2784556748115343,-0.3559129225955617,0,0,0.8439813063251653,0,1.0
653,0.5418062541998047,-2.6776407816496075,0.8329800307068208,-0.4793236432738879,0.7311019277168563,-0.49668861085430904,0.5147505217994764,0.36112084414527257,0.35196343886316095,-0.14806209344249618,1.265240086381793,0.0622569711853869,1.3412041563690282,0.17428149505971946,-0.10953261099033589,1.0492753495924894,0.380980283670316,-0.6380980950034917,-0.3443710166301839,-0.6324924459521077,0.8454189158063288,0.01689640499795022,-0.7510914379550163,0.18337863438389093,-0.47747531669981697,0.19146629006179405,0.9206978724667924,-0.3509426277017069,0.2596146911322987,0.3652500335326716,-0.429658691618432,0.4324865774813589,-0.28497111347493453,0.2309152627103337,-1.372727463090011,0.6124954280417543,-0.9092786516262094,-0.5412098395455346,0.8124522465521372,0.45567872305310225,0.7581563613793422,0.1877084827412862,0.9320080773642425,-0.11926428758684994,-0.4785089598422318,-0.413031786466897,1.0264157446209583,0.2433543672245974,1,1,0.5052796543028135,0,1.0
654,2.9469662534488914,-0.33985135570461406,-1.0255308723191834,-1.2324158055849521,2.6677425488384365,0.11699810684916027,0.5300731310357452,-0.0684540947390297,0.2570976896265909,0.7172021619256158,-0.3835607761477455,0.2822982152937954,0.6913123510522087,-1.0932778781701582,0.8995337054621724,-1.0830543303187876,-1.1275938264894487,1.7611708640004258,1.1395090832003782,0.577339230164816,-0.42711669724313184,-0.7785012425380913,0.6001247193262486,0.2585493189220184,0.03934116682634241,-0.8195185649250315,-0.6744886781979577,-1.6062982720399144,-0.5626210001418752,0.275648595763839,1.5635778638358457,-1.5462308597983707,-0.13665063891229282,-0.9070440975026022,-0.04808761335430757,-0.011811233643198239,0.7742160629225694,0.7677762310984072,-0.8435835029538882,0.057091018787952946,-0.6235414735997773,0.01619120398627592,1.427305675214481,0.30532670504253695,0.5140115615131535,1.3486602003131156,-0.23434351497300407,0.7965457785368034,1,1,0.8607512747337692,0,1.0
655,-7.0794397164471015,-1.028357121937447,-1.0249117265174617,0.01847198049234315,1.819962660740281,-0.6752099343626263,-0.2661669762952546,1.6524120159060187,-1.989404368811371,0.06317466456214947,0.20418827580056778,-0.6387254627451884,-0.38670605538687247,-0.17587181436191607,2.3194051936933,1.5854791596656332,-1.1643525739064278,0.8807093221268589,0.16519591357454227,0.007588772183405779,0.6640135358641751,0.28238618057092774,0.30524793500863157,0.19373148861525713,-0.006741088714995379,-1.7557322976875875,-0.6038329631630533,-0.06014808792816714,0.8531975530746027,-0.1203226861492321,-0.14098109140040302,-0.23297326872038093,0.21578724305893204,-0.32436170851572943,0.5147706218479307,0.03143090133103418,-0.7327698698637033,0.0634494977848751,0.5805166170602659,0.3684527676409082,-0.5680791956894854,0.7291426209339653,0.3615964789594223,0.20229130386066818,-0.6205111506767109,0.9560579520452905,1.5750823349995315,-1.5914369155715413,0,0,0.9961406022848769,0,1.0
656,1.4979278344445095,0.5797417310361854,-1.9440465856227964,-0.9030252126053658,0.2850133007733541,2.6712941035667015,0.02898535734162958,-0.28066625074056134,0.23930247853226191,0.0593629328442143,0.4825887365897131,0.5249747767591506,0.48421227798097716,-0.69185127589048,0.011371993663281517,1.292637807083184,0.8059803069181435,1.2704284966904549,-0.2168021709587666,-1.310815975835625,-0.8730319807478912,-0.16875215347136685,0.2783333667089754,0.33733287827583236,0.01694740081789714,-1.7737698636235524,0.11560027599969812,-0.2519206576158309,1.24156754156425,-1.2723561390492921,-0.7398910469510867,-0.7347823618039123,0.16650998558017663,0.1545865796831157,-0.25331130341042535,0.7837353183498321,-1.1271215292670378,-1.0527885463489874,0.9719931450533531,-2.4922857011601067,-0.49199480067051427,-0.6215253091608075,-0.4839283289097272,-0.21926347268531526,0.6027869658471677,-0.9991939138955829,0.6803079643055671,0.5951705360019575,1,1,0.6760608973271086,0,1.0
657,0.4238496375222903,0.7588824625472486,1.0722602935499044,0.5614023459859759,-0.7012077703168235,0.2266341532645186,0.40932717723450696,0.2955885821087759,1.6511115932519693,-0.14645756984129324,-0.36323556946307184,-1.7665286489616472,0.29405953303582383,-1.8627599281631633,-0.020740720490169527,0.5230088897719916,0.8042560350203406,0.02862949239915473,1.2098430730233254,1.1894754461867791,-1.0986441473735742,-0.7146470396439675,-0.9670472075025788,0.3507439101113375,-1.5332225344489279,-1.6510048594593107,-0.5831448442022948,-0.15823484597399526,-0.7270319439713675,-0.12473197314795396,-0.29244446830534426,0.02183035829768934,-1.6210588070309033,1.4716739668111165,-0.5761914523083865,0.09893321917242344,-1.5872559955585226,-0.29109822946404246,0.40331154205578973,-0.8745876841811661,-0.8575216789614426,-0.02607886459792832,-0.635537903325263,0.5282834048602764,-0.9100921608379571,1.1538936434294598,-0.9869399137241609,-0.6199884124010504,1,0,0.5478131862023062,0,1.0
658,-2.9731011107349303,-0.4471933234475936,0.7914535329375433,-0.7965543434001132,-0.5021430309019461,0.5354850521997857,0.340691681045241,-1.904987283902404,0.15021836978681802,-2.0175828784708236,-0.9394735107260465,0.5608453511861147,0.013576445903019626,1.5642869196818456,0.7583011516809923,0.11391504027635486,-0.37269095098813443,0.19423974737242683,-0.42421216009048046,-0.3741925476688455,0.5195417361929368,0.6458809977981754,-0.8440810141521278,0.2863686095175769,0.953179436320484,1.0002945527433502,0.12828794845259314,0.6817037475037302,-1.5757091781725612,-0.34248916694148807,-0.5025082167340873,2.0560095795252353,-0.4585101963727076,0.9035851742352018,-0.7173038170634242,-1.0197367148851078,-0.4507794277250489,0.01759013891295766,-0.2864788058086549,-1.1128325302686115,0.21187875473078707,1.645636167671527,-0.13716758104660726,0.3589944432138583,1.006774775700956,-0.7434463926865135,0.8968358277994306,0.04701499716697959,0,0,0.952337942216521,0,1.0
659,-1.9981690510595638,0.572753161916128,-1.0068026473375788,0.4477587800589537,-0.7534146629431445,-1.974621945975991,-0.22671437096432911,0.20830068704021104,0.2235223336848476,0.7882652562248587,-2.114772361724862,-0.9172049925395843,-1.1303713628539265,0.5546374259876754,-2.675042146392989,0.2116522363726436,0.2508755677583606,0.18348224789242523,0.44824955093375873,0.542749754619232,-0.07731534615787124,0.16896928242372045,-0.7206048344185234,1.7119564662747302,-0.5084854997283468,-1.3111865155721167,-0.5037881758644365,0.9423300228387012,-0.40955349248519984,0.6532600092140829,-0.6032410507106677,-1.116900175418514,0.6995943405145578,-0.33556387445494346,-1.358035908040847,1.991767039706974,0.09205417029925533,0.10026459779511195,0.07237115676420981,-0.1366107287215306,-0.46259702195795815,-0.4267465150679495,0.813738870215093,-1.4160821763980855,-0.3786427885591083,-0.5652341460602158,-0.6482930278091161,-0.4285095612470082,0,0,0.7651849662587349,0,1.0
660,0.45969400818743816,0.5309161506352704,1.1507394496150902,0.02018825174319812,-0.24102379477184477,-0.1815785526423333,0.29996492886239023,-1.3418953410454677,-0.5077401561505311,-0.8443162270797296,1.4531346460795662,1.6295360890553086,-1.139518711825189,0.6665111712995279,-0.9384877818012664,-1.5066599731937327,-0.21348866374180328,0.7868844426967208,1.1273065837949787,-0.20505443185001312,-0.685381933232219,1.755939312218284,1.0820700389232973,0.43571843276035566,0.6275076295395742,0.5777704411325653,-0.11044361265390072,0.018546412170595706,0.9466111523975194,-0.35334572461072516,-0.09162308429675764,1.57816973829794,-0.5172722503020797,0.1716648360174253,-0.45449002795054533,-0.2389727539895213,-0.4247789329501203,0.041752257264393335,0.09273444358892702,-0.6621340338161857,0.36391069505190526,0.4618758527437033,-0.2580256995064137,0.9618019377386766,-1.129244015681024,-0.9013803966808975,0.7006701109143243,0.8404757578259708,1,1,0.6727027759642848,0,1.0
661,-4.573084040419618,-0.8016407283227084,0.8625140980455176,0.626443731366061,0.9125154495843972,0.7221359595299708,-0.5264127364285092,-0.6080671665549945,0.5179436942650945,1.8637522195023986,-0.041245196626399167,0.2978160181219312,1.1388893227958645,0.2972559710591453,0.5884980697243415,0.270402757467203,-0.8688887938060735,0.5640438293503834,0.9332000662318266,-1.071247390986577,-0.15843721730195962,0.9467116634035814,0.7690938281420454,1.3107090966448023,1.430488908684245,-0.5996600160804646,0.06878489455359323,-0.14142797054099154,-0.9023369047782663,-2.089573916343845,0.635280521453828,-0.8323972257159296,0.12810709403653636,-0.3161150935723638,0.343834139778513,1.2297163108445937,0.8507867183840898,1.3939134440249137,0.7644835345742383,0.17939678788906233,0.9325444206120561,-0.7343009604807894,1.7105251777670845,-0.5855878842100081,0.023468072557604937,-1.2870838105026712,0.39397847601954206,1.1342716058125615,0,0,0.9735318472130512,0,1.0
662,-3.7884759045668592,-1.2566067226391873,-0.9439751188072462,-1.378512291762541,1.142136359077436,-0.32679092753552114,0.7015775763024098,-1.1616066474469944,-0.41403721555232104,1.6621239592039323,-0.9115165503041655,-0.25311083950987656,0.4825302114572457,-0.9430774991090206,-0.0038120225647635497,1.5855581704280384,0.13306573756448267,-0.8647758031213347,1.7909477710356991,0.09245532320817704,0.020716407201085384,-1.3151807525885257,-0.8993838727420872,-1.192223004530222,0.9928183355078698,-0.05749012370299717,-0.5090351154797144,-0.8764763981851196,0.11154804108234787,-0.34889644005019027,0.7882916992961964,-0.11868281764143698,-0.12511426754636296,0.21701614001001693,0.1614892648438263,-0.4828474231114469,0.18895689953107664,0.2656839896442292,-1.0671525688455752,1.400917793491261,1.2112822035435422,0.3130451951383178,-0.5444674478337865,-1.1080455699143041,-0.4695594256513939,0.8451544601370267,-0.5612946958973941,0.09871311190945976,0,0,0.8853896409793626,0,1.0
663,0.0319973001584333,-0.5808688510850522,3.025351666098916,-2.2460797071597085,-0.17453140751308555,-1.342447084767117,0.9166020471595947,-0.2246158929668447,0.9596111684281337,-0.25766031827996694,1.0171515523176713,0.7289257691724831,-0.6559548706849793,-0.2599146861070056,-0.12618898484582455,-0.08250209837175,1.050477697813415,0.3779591185839717,-0.5204588424345976,0.6765081337536462,0.2828646110074023,1.0098412153561034,0.7338597836366737,-0.47557801011316825,-0.7807229374533082,-0.12778020728693798,0.5695145572728497,1.1067210650842279,-0.5768097529882098,-0.26219056764017173,0.39035051992389685,1.179785443537767,0.2732769895138024,0.07222271175257905,-1.4231903784692503,-0.40839095288919164,0.21402878538465828,0.2981089044298304,0.073906239997894,0.8272477745535739,-0.8668197141619505,-1.5338107148681572,-0.5114767141334895,-0.4653744564820481,-0.6557898986326858,-0.08647694949577259,0.9848113852128515,0.08675336969787878,0,1,0.7151472215511852,0,1.0
664,4.0350322832107,0.5125174804003146,1.2348484496472536,-0.31580163785365556,-1.6331576187667416,0.11285156855738898,-0.3150603167038544,-0.7589138063335743,-1.2988884414550343,0.5861992022221495,0.9913555095370234,-1.672731686756525,1.6494342466921825,-0.2298184629085688,-1.1359396775332056,-0.11385002327764154,0.3472202190371177,-0.35521445522208045,-0.23960189886403022,0.8069471604667077,0.997317329658858,-0.21431581401795993,-1.484657687667673,-0.2294441863392169,-0.3535484063430489,-0.40113773459464397,0.2565326900875413,-1.1462153066230045,1.1558109113553625,-0.14200871525428835,0.5480504318107255,-0.9121810034295722,1.090471392655329,-0.9927327012048632,-0.10618002373468094,0.8749768056950357,0.6171657434871819,0.4593279666340253,0.7896016604987651,-1.5038638860112865,0.36001629030271404,-0.3780692035199238,1.1693645809332176,-1.268327974593667,0.9546377221216885,1.22949966122787,-1.0375392243470871,-0.3674571564387561,1,1,0.9468178598557111,0,1.0
665,2.2320091247113942,0.008112115024967278,0.9308837666883806,-2.432058836961812,0.019052069771560185,0.9383831679012405,-0.12353661592664282,-0.33651874539199095,-0.15037214920149838,-0.8031970591463604,1.7412020326885433,-1.239515909276931,1.1183640855016688,0.7342126306544109,-1.3414828448241711,1.1142440120270658,-1.3271075534185837,1.0867507274532862,-0.38407805132604955,-0.5189235701167546,-0.38312511115447184,0.01858512388175038,0.5137702589908228,-0.35335370772327007,-0.6516272974120625,1.7653110627536972,1.07222624017769,-1.1154351496032886,-0.8503400660895333,-1.2598886486639387,0.8704565106923831,-0.7527374902245237,-0.5915602031342496,0.3795918954097979,-1.0328042864446647,-0.0691989876395621,-0.19948695920342455,-0.9237369291030715,-0.05658507036549457,0.9994904820919238,0.23739049818263622,0.2259839616621272,-1.394370824136996,-0.6644809158583491,0.3060292121052586,0.3960848996025195,1.0166755876989049,-0.45800662519943364,1,1,0.7840973853581444,0,1.0
666,-3.4273252074743805,-2.9149616281079154,-0.4282046569092376,-0.6257347493775672,-0.9094460959405953,-2.010581615915618,0.7410043930966878,-0.6310079605037842,-0.5697809813131558,-0.23800503923627692,1.412928959536304,-0.5087961878845526,0.30615882133539774,0.36949681112708177,1.5209241854316815,-0.07012662149269612,-0.6041230283810315,-0.3472542791444089,1.762952723467555,1.0929023414091956,0.3323833930840165,-0.06998742259285524,-0.21733468805325662,-2.1973501522138528,-1.1175102363732945,-1.0176840882895681,0.8345109719428552,-0.184622216311822,-0.06502745931300158,0.3767364692588233,-1.7606765034904441,-0.8497725034796558,-0.08865595479241738,0.37500234310626535,0.2598675433782556,0.8225950494299442,1.4390517598866206,-0.3309340661144387,0.044754846296318804,-0.6984825910857235,-0.9990345341883964,-0.9919689307031919,-1.4017257013397837,0.0024517326070212487,-0.8381184598189738,-0.12138341850607673,-0.8731581968807716,0.8723058673907458,0,0,0.8278434405017461,0,1.0
667,-0.6533641929359941,-1.9527035451541161,-0.2500333648848083,0.5885295982686618,0.3980459141229046,-0.5208751050994758,1.356325275900428,0.04547905389316163,-1.3961859162457961,0.010739481311330625,-1.858650107122691,0.0450733506665485,-0.4419730880209173,0.6968914904996559,0.9897679627851517,-1.6816520319544699,-0.22759227229914464,-1.264723398435466,-0.2608534393857652,-0.45967650239918156,0.15023616066139334,-0.9543323209616015,0.033049099575485845,1.498101492977895,0.838588716831487,0.4468103927542457,-0.18147271588981548,1.3168835039842899,1.47259665782603,0.28949516190111657,0.23421076058837645,0.330613526611751,1.3606695744388981,-1.0215929984626249,1.7885155471232645,-0.3509202257806942,0.40563129093097516,-0.25269167363404166,0.47546153821787096,0.7418314293681643,-0.35611154600516276,-0.467369899928869,0.2534301468762596,-0.0658273433500116,0.38322694661925477,0.014084580304360775,-0.09391434340344978,0.5755616283662917,0,1,0.6978782901126677,0,1.0
668,-3.5829261066602767,-1.3417501404609762,1.0949144972167941,-0.49239949483758505,-0.5047883573854902,-0.22139709157784526,-2.5367973531926094,-0.11335180320237365,-2.613955191928218,-0.4789027776039365,-1.1984946430358165,-0.6162699877315083,0.6732541499112851,0.15188533772129642,-0.40765552414176637,0.6161088836889235,-0.49619725114450536,1.2117424076571623,0.8095404804919714,-0.5593984315496404,-0.9060111166800718,1.0445007839324898,0.532529153310274,0.6411973521528851,-0.29220030704282585,-1.043049811716736,-0.1820294153823529,-0.9897969646596827,-1.306079568904523,-1.0955795851080306,-0.38141682575842406,0.6546586630494469,-0.4511506237295577,0.9103605627383098,0.9119734570356911,0.3858814603507835,1.5434230250474037,-0.18724424247199942,0.7423836326944068,-0.5437908478918928,0.6064131640107677,-0.4796179409918021,0.8692270885581709,1.0491364646476848,0.5721325665927218,0.4438289446267775,-0.05883090800335512,-0.5418267538747915,0,0,0.7842160874287718,0,1.0
669,-7.23188926863239,0.6119984953395202,0.656638255322971,1.134900192126095,-0.2663451168255835,-0.08931777936500918,0.3737608105152909,-0.14632970968925052,1.1218444954306828,-0.6377884562849236,-0.16181744073872356,-1.246131233448981,-2.1886354491097166,-1.0461019871649493,-1.26411442029332,0.27736066529950537,0.03326609025869907,1.8885152157003469,-0.04349391696842675,-0.3515703320974293,-0.04803970770555321,-0.6863585541320621,-0.7765172346690525,0.47098325357880116,-0.2665875950330429,1.4633876681091167,-0.16062966950398375,-0.04222301045015571,-1.3661343877856573,0.04452340420353759,-0.7660270613544072,0.8726934144627772,1.3120259542913082,-0.16890776913353944,0.1399278490878801,0.9310884727522365,-0.6598925591343627,0.4570110763612583,-0.17813485189452385,0.232978572825439,0.19728714257459554,-1.171151338841754,-0.11477700804449298,-0.059263387794104554,0.3783514839039426,-0.504665922675979,1.030066956470838,-1.940278872122176,0,0,0.9947654231557524,0,1.0
670,0.3025800207437767,0.41372045854167894,3.206882756825128,1.5001984726032007,-0.3376787594600141,0.007621106555059533,0.0022007182358534058,0.7902906717239754,-0.9961243235150145,0.42013739475084755,1.1462168634683423,0.7207652686624838,0.7136929394224856,-0.9829017088436156,0.5687842951419575,0.5022929431130903,0.054614744201246845,2.0962153961706873,-0.8148510151055779,-1.8515618814041004,-1.660502864740584,0.21590872023344373,-1.1209005068766875,0.9148240665460384,0.034957084916053656,-0.8453719638636711,-1.3299827360657008,-1.5951530240047764,1.1719703960149628,0.6917597501692778,0.9510530155150155,0.10666377605391898,-0.4129747190508841,1.8223865076312897,1.011566229784888,1.9896917297113543,0.39634811211303816,-0.2765990179708943,0.5395771649339948,0.9713779279523578,-0.7749529434820636,0.11533932481373187,-0.7365698486449808,-0.8411584810037522,0.01974486092903617,0.0519382424993687,0.20541078202177637,-0.29032519978439025,1,1,0.8267813778896977,0,1.0
671,-0.45435017799638594,1.8925901314589537,-1.0308412952136505,-2.058837087159596,0.8579283779827063,-0.7851853790404689,-0.46428864732028424,0.5956545273373031,-0.31544122234785116,-0.015125383934148886,0.48540729991146536,-0.5410125058083294,-0.04772186899653458,-0.8710569448268638,-0.13401362742845546,-0.5925959993275648,0.6948655197163827,-0.5764229017635951,-0.37285415795340626,-0.9774992158836071,-0.02481430232968685,-0.901604217715874,0.9163075968524926,1.3934761108015739,0.6959910198478682,-1.427896762873296,-0.39007512538058975,-0.8230997482570922,0.1080899185175433,0.9362943167795577,0.27878048769641617,0.3279600692076804,1.057146496842731,0.7602936580502047,-0.9611744279419678,-0.6398657502014988,0.4086637921956072,0.4859098313779852,0.013345432516966734,-0.03761394419087947,-0.823977511387495,1.1273106329190712,0.7697918045380882,-1.2322802932595935,0.444706736890869,-0.9041001817825033,0.1903826333058551,-0.38012906295847654,0,1,0.505334333553738,0,1.0
672,-2.5527679315476486,0.9402144788146969,1.0407073610913835,0.7054219900331029,1.0479445505526497,0.4272669444127187,0.6671414043478414,-0.60146350643973,0.3509442203099904,2.2622224225539913,-1.1859773283729154,-0.6372147757575062,-0.3917473217580581,0.10279942745245643,-0.1743091285184078,1.025703263011847,-1.5644874033343519,0.22182297899370462,-0.9893307662982382,-0.5341105094542267,0.976363385620765,-0.5508277617573005,0.016557887166434877,0.65343373665284,0.777524331302518,-0.8104233057951267,-0.6994473116819978,-0.6711801873985896,0.26031938225146417,-1.904459755193045,-0.11151070017425686,-0.24021465137442627,0.02482582030677251,1.1536341273405342,0.21711176479469546,0.3364295341131528,0.1774620320497059,-0.5074729848173924,1.06700074434985,0.7181709197541009,-0.9717404464537708,-0.015451396752235173,-0.15502780909012498,-0.3666815806993267,-1.1357373791540144,0.827670793579893,1.4072834968334176,0.1794950691154578,0,0,0.9350667501996947,0,1.0
673,-7.689732938264169,2.0955393101615405,-0.09018692256053926,1.3028488830629843,-0.6306222868505963,0.034287040283751104,1.8572025523548703,-0.39829366084764667,0.10290213297278393,1.5148528820357912,-0.12639711518104546,2.6275641285541638,0.6546482735350142,1.616805614460235,0.990512910962045,-1.6972824772231463,-0.0029832666003353453,0.8142939437889706,-0.19759168421145504,-1.0397970949537667,-0.4991414994310481,-0.27412086918213646,-0.05657985408845908,-0.32383133911936945,-0.4257184309033736,0.14968005694890055,-0.8118857926091517,-0.2564144389496498,-0.3256642189897556,0.1021260410496294,0.1838268556311762,0.5393468524982964,-1.1813799736683321,0.7652760573789665,0.11446872164013906,-0.8781631358284397,0.586478800575709,-0.3275492469033915,-1.089369792999628,-0.3762477849889662,-0.8478410645071851,0.3867798758969465,0.3059201062937643,1.1849756995154987,1.058026675742268,-0.1725247002464342,-0.2583907664874965,-0.5033061358775811,0,0,0.9874656602046039,0,1.0
674,-1.9079577815673645,1.1330975499446694,0.6333746103744952,1.6934193740105712,0.19362183345821454,0.168441698774726,-1.4574402236371569,-1.0111193683555877,-1.2045560083477211,-1.389397762950859,0.7024465241844206,-0.009269440424462231,0.12835324979323087,0.7933206594377883,0.38451631236485156,-0.718847316800067,0.4052035228893625,0.807702363577896,0.7346410606817417,-0.17710658328545462,0.9460418140188547,-0.2839491900447638,0.8716511570999851,-1.4948296664629237,0.36872481299754023,-0.8677575048386421,-0.13774172290263462,-0.9329476035616441,1.7239799486846228,-0.030754908992163852,-0.08704778094669997,-1.4517247727024696,0.8004021366157801,-0.6740489280060613,-0.6917569794161561,-0.6544369232244274,-0.1467246036301992,-0.5814186253175607,0.6458179949109061,0.22387653193868073,-0.10163725411694735,-0.038925256621402796,-0.6273501814250592,0.4047954695065092,-0.5169707097306868,0.5070737322249553,0.5025417693003826,0.06396855299549144,0,0,0.8094124571491856,0,1.0
675,-7.079187068091944,1.834688283540171,-1.3713289439388638,-0.5736804952444985,1.452647543128163,-0.42477386481252316,-0.30108456002519857,1.3082344127902301,-0.22354682445073998,-1.479676548641793,1.7705328066694297,0.09096748565453629,1.2969893872728364,-0.23253997444335534,-0.732252418681158,-0.7019543407212684,0.6672490617413674,-0.9500093588752568,-0.6485352176799117,-0.7980839975526484,-0.20678840679454516,0.7318205593443629,0.6392874521253354,-2.4942273256411527,0.1941358040983087,0.828471472754649,0.4655462905428589,0.22074957085963834,0.5263393285654452,-1.1943490953125222,-0.4644580510038787,-0.11133526876944488,-0.619459438821828,0.6517172022234863,-0.19894335079256373,0.9843057596834813,-0.16939227907292337,-0.07717248002965257,-0.8752076208520583,-0.7926279780349161,-0.9260116325648573,0.09671661813168374,0.49592550023615295,-1.2192966848037434,1.0503996862139406,-0.9042669560904162,0.3405987240211194,0.5921071512872348,0,0,0.9820846293361147,0,1.0
676,-5.950311695081416,-2.077320497953695,0.5832940121103843,-0.44805128402356803,-0.05173802823421827,-0.5940071369969953,-0.49336215064671424,0.8597667778448135,1.762497025483946,0.4748738182923057,-1.7508751156323072,-1.4825318778982544,0.7841424227858488,0.5450234459130067,-1.3422059700108235,-1.5022549876166351,-0.3223730763160184,0.9525727432581143,-1.8604379873394783,-0.9584071348175208,0.29369536998800405,-0.22195348948931076,0.3300165995639592,0.11913454958742405,-1.2491340441150058,1.060787416546022,0.5810639863982041,0.6425877679084375,-1.1383000835307024,-0.31874939044755746,0.1902385122548643,-2.3968013278593276,0.32361717413602303,0.8898889208633248,1.0834859106100296,-0.6904690603428739,0.06499850026820718,-0.502643277806676,-0.0026929660796801125,1.4402620587165942,0.8437197836779734,0.013528254751427169,-0.3499558645770155,-0.1451539993027355,0.3021943730969639,-0.09125381203938529,0.5189422712889358,-0.19924258080850787,0,0,0.9890200061681496,0,1.0
677,-4.498241541248083,-0.10635843368783872,2.740134846110422,-0.2908371460469363,1.9688931355000876,-1.2220727986887943,1.1918670723931697,-1.772125676289076,-0.445740772070665,0.22920433067587934,-1.1999357978740566,-0.003208481039426086,-0.05007677477040808,0.9616631841081745,-0.3084166071271028,0.48346511112059565,-0.7534560264712132,0.14131857536443243,0.6170171054240087,-1.0211177553865298,0.21649170389919323,-0.8219958282610428,-0.49030888925598665,-1.1337988743551037,-0.9572102634720164,-0.8024633613290066,0.01907847135018599,-0.5777282392980707,0.4328537575101493,0.971618312473906,0.07486173243822052,0.09671083181989062,0.7142377694164185,-0.18800061211177202,1.1186617062127817,1.3969302617262245,0.48592500978165953,0.7067179928678681,0.6708077251456707,-0.74883714688101,-0.039746658841375716,-1.0118507526127696,-0.1479657866409734,0.10934413655954746,-0.6224987191222279,-0.48164513545942117,0.18540495883478209,-0.40826207641800694,0,0,0.9563691898307249,0,1.0
678,1.8298923331192434,2.1827968679617653,0.4089342189490831,0.18288172960468677,-0.341197088287408,-0.6244275883271599,0.8854100132260966,-0.5861412477363143,0.5666440690234402,-1.0588939460598497,-1.0487118356336393,-1.8553987315003362,-0.6884058254577512,1.292710688084632,-0.6767919924591042,1.5017387093135837,-0.47242589563154036,0.19755776590388352,-0.10442070151758584,1.017966686452529,-0.977415149837887,-0.6967693549326708,1.6328923500967167,1.1005892821023984,-0.7862629634577206,0.003308722422444587,-2.447071364548049,-0.00409009377860245,0.7429675516562564,-0.06311874862889033,-0.5429170253510618,-1.40698460509189,-1.6102286385540887,-0.18419521059293212,0.09869418823089748,-0.34695938456108977,-0.0343778625526458,0.6643863554875805,1.3030238975689297,0.17686240431484754,0.8670817490641342,0.07194400976115872,0.050803218608389995,-0.6732889063223686,-0.13649255988684283,-0.2522961620080457,0.5354780009701111,-0.5093448049437683,1,1,0.8069963270756886,0,1.0
679,0.4022253256508695,-0.3275259819177927,-0.9344162714033662,0.603563988030139,0.03185453399492484,-0.3969023698353698,-1.3996184056521501,-0.13448418184026467,-0.4112274024796609,-0.30139887966965756,0.4288009029950788,0.680420116828067,0.33061131283367134,-0.5335580398358702,-0.05108481812822851,-0.9586668033642397,1.754812985451117,0.5208197818399324,0.027574934336621258,0.8964211385360702,-0.385680843207291,0.5036555993905925,-1.6936057276067547,-0.29524867138387856,1.382289581177306,0.9470253189768544,-0.5286747366572343,-0.8047759204920173,-0.8318611312733214,-0.44628246463687815,-0.2959852645620783,1.099513817964245,0.7183254086548106,-0.03575136294323036,-0.5535831581885157,0.04424328717144542,0.004328540318545189,-0.06343641510144651,-1.4181719291068022,0.12730099926424743,-0.06243266452324777,1.165549627882892,-0.992235101126682,-0.24755132442422542,-0.9787767542600233,-1.0958237433671698,0.5842644394939741,1.1218664940738583,1,0,0.5472550856283276,0,1.0
680,2.5329901684179768,0.15336926902821812,-0.6749606358103176,-0.7158510937963702,0.4724037091817991,-0.2879559470446336,1.160633556558524,-0.8399768478727927,-0.06869035079526606,-0.9072839551816221,-0.7733238639830718,0.30209599586872266,0.06310317222897804,-0.13972360052079946,-0.18985437958351895,-0.21814929911368144,-1.8514863413158007,-0.05577172965275601,0.8207831339986351,0.4938345314876999,-1.0212218936627182,-1.21584692506843,-0.22137891415975172,1.5611986707274246,-1.1377902194540994,0.16834511120196888,-0.4584384791557177,-0.1414348934301918,0.3620023859298177,0.37771797786499167,-1.2339068413903023,-0.3566215583212722,1.8347195829736167,0.33985407672030843,0.8617113630718586,-0.3298863765490739,-0.8772140720990317,0.06755994018126733,-0.7337630388539447,-0.9733315445178666,0.7322950946689024,0.1144124045869849,0.2506652482698362,-0.5988270775183747,0.5156209966230149,-0.6066380208129415,-0.6359336759269199,0.2907939739075135,1,1,0.8755948919485163,0,1.0
681,1.2188781532285626,-1.595363869616634,-1.0526670478823763,-0.19321619170560758,0.9700984115372893,0.4745990416351515,-1.2607048599600574,0.7586301511580557,0.4869864370126775,-0.48417120245559153,-1.2063712540587619,0.07486059387955628,0.029155492202530206,0.4414740949701405,1.253870916520911,-0.9779967477391324,1.2838203451019485,0.15107028466090128,1.1061251061513584,-1.0232286466391236,1.1604746908994363,0.5089171178312477,-0.05927846868523659,-0.6797712009220703,0.24432787096296626,0.9665203653368505,-0.07334135333410928,-0.07239017546791515,-0.8968002645495194,-0.5479994878437973,-0.6715319803406713,-1.0909618071744291,-1.069293715927622,-1.3714488746893807,0.38531314813504947,-0.45529491949288997,0.6702661549449529,0.7304116487741629,-0.5468679317330346,0.2978221165188734,0.25429989799667996,-0.24121927052898207,-0.17143044879250421,0.4129299810059948,1.4834772952146846,-0.2555665096433098,-0.9373410248901443,-1.2035395516417013,1,1,0.5432420607006873,0,1.0
682,8.301415941504267,1.9100014295233083,0.44297048502714176,-0.021804058735089723,1.6634203789330821,-0.598204557111053,0.23880591069543605,-0.7179552818789899,-0.7899108047586137,0.15497264818359716,-0.6947506443928022,1.1522689688848633,-0.224863585924423,-0.1550119243930992,-0.8863471578679941,-0.8853733419763338,-1.1884841307183152,-0.6718556139251273,0.4584340732430762,0.8518729824669075,0.21690951410907963,0.4754995241410876,1.4406182148045807,-0.6839987865767095,0.173847725241961,1.0130905461802697,1.1594595565581853,0.946075860231352,-0.012180478582910244,-0.5626086679727247,-1.5963987338821561,0.9025931127527203,-0.17624196825956412,1.2063256256526818,-0.06629011235934433,-0.5744427421035899,0.575800971873919,0.3823396164198957,0.5211120887348382,0.37731481367644165,1.4872531578023127,-1.3783368617342384,-0.11075293899306209,-0.2241987065996708,-0.6636896492684257,1.0113807925609168,0.2579040567843705,0.7064884479542725,1,1,0.9951936969372508,0,1.0
683,-1.6617168686012616,-2.5410903406973437,-0.20193449695600604,0.0024544654984529003,-2.053059389136061,0.7481612992003086,-0.4352043782702185,-0.2209108122964833,1.437488582132157,-0.3454272856559443,0.8932242262479946,0.6246057008685638,-0.2636465328209654,0.0022263753039639465,0.872255323126914,-0.12735960576002484,-0.5892011291140445,0.43219203246243965,0.35560669220376023,-0.1870183314673356,-0.1713827261043487,0.3502640131865001,0.3743764048006611,0.4495414610006056,-0.20391676249834173,-0.5882721239172896,1.017475918934474,0.30546333517821034,-1.0835060771608598,-0.20398324225979106,0.0017725464904497872,-0.32767521190297916,-0.2988910790563492,1.1717920792772316,0.5029831190132229,-0.923288351924039,-0.8130967810828476,0.0992696556526758,-0.9295961210685953,-0.551607447297969,0.9597774159952748,-0.27468613152399063,-1.105615549201277,0.9687128751290967,0.1322610118886682,-0.5113220663399353,0.15238912619045553,0.41490587139152546,0,0,0.7860448149881772,0,1.0
684,-2.5670751927016293,2.575714026876692,-1.7422680300078275,0.016513752298606937,1.4323544161296355,-0.15312837928543493,1.13151992443622,-0.7651116583752334,2.212716573237098,1.0386351356655852,0.31634096499724057,0.3848808830070039,0.14366921720921674,1.0072433106536944,-1.8585076312986493,-1.0300640834022012,0.9096096137057521,-0.9066070472212042,-0.9105291590971584,-0.6381241419747629,-0.35189649686914587,0.07594793267916221,1.7257188726786137,0.14489524582895755,0.2947299337048059,-0.658602741784553,0.2071079104693218,0.20626478298649853,0.47245194397018203,-1.2564651514002507,0.4052460672972976,0.5921305198232023,-0.4693301204721221,-0.08343070476839295,0.26183231559447767,0.29759772839902143,0.4697405519612259,0.4634218175281072,0.43945926747130454,-0.15700767446119837,0.8357924152869619,-1.2996611342612048,-0.1841801040353539,-1.3247314500526393,0.022013980450177578,0.9444099950370066,0.05119035705229693,0.03983206343707841,0,0,0.7717751635802417,0,1.0
685,2.361666820211807,1.1823188350788505,-1.5242702278471956,1.2847171199870009,1.053715045453106,-1.5632761051912238,-0.15855478240443077,1.3431359779574341,-0.6153370229433014,1.6685891766107905,-0.802973694812862,0.0987209810922343,-1.2467479568180928,0.3233793186857171,0.249874671708353,0.06834930206479344,-0.14604819783524706,1.2900718263272244,0.8949367506882318,0.6177812306805419,1.4262278926420375,-1.4362052439751674,1.3342035530163288,1.7916994251254992,-1.1499030766880833,0.19098918489210115,1.0694327411135218,0.3221884290551775,-0.8462982865189946,0.15812926399489782,-0.4112744483961075,1.1021551644129872,0.7654312228824145,-0.29122962217817194,-0.6896830648735801,-0.5448146308567995,1.039619284395679,0.9722454892263837,0.20395612196954255,-1.2502334098261876,0.6063246845666322,0.3506735158333566,-1.065978133166624,-0.45253693213656154,0.11516826379770279,0.7953688156672107,-0.6943251411200195,0.1044724030496518,1,1,0.9238452487226207,0,1.0
686,9.130001487113507,1.1382822838341005,-0.10316881769109758,0.473580681010658,1.0977188410811436,1.2429202675295468,-1.314464723646282,0.8880647930847478,-0.42150981937541737,0.645056157550561,0.9458461974278729,-0.7067880010500549,0.6795358267054944,-0.09072650645033051,-0.6961016701005518,-0.3511042804428205,1.067480603307478,0.8742319832484003,-1.2970791787467413,2.3589937973917525,1.562333832416102,-0.5236679578971409,0.41418416682838705,0.16773151524914376,-0.37941915414922,-0.20964215629434071,0.2631635743022393,-0.5341629625047103,-0.7744794555659379,0.07059404646771604,-0.7966936165766944,0.06847713276840069,-0.6352050296911335,0.18111361216018004,-0.8155833258815285,-0.9170413306753762,-0.9319760373007567,-1.0125980224824707,-0.4816759045707105,0.5794127728818828,-0.31170559202875353,0.6275477302141059,-0.654999600852438,1.027745311331451,-0.3398923480379062,-0.6768578496247156,0.13031114915076134,0.18776093143574715,1,1,0.997054023740835,0,1.0
687,-3.566756681409302,0.535016335484742,1.3639191994357187,-2.2537609064839765,2.348911422006207,0.45336611621129874,0.4865586378091435,1.7384910536188458,0.9003924947917585,-1.4079500607408244,-0.14678709979510512,-1.631282978633628,0.18552322546749223,-0.06888072047550182,2.2503534881274168,0.597019581831168,0.4665277469177706,1.7825877336498386,0.7502731403656198,-0.6031061691722328,0.032552024144112075,1.6934800123581844,-0.23625981499765955,-1.8774932980279888,-0.2524136598118531,-0.10275092646158672,-1.7385638120763214,-1.1752106922428884,0.648266072184019,-1.6056744361720565,0.1309104834565715,-0.07557608967113397,1.3543561971990403,0.5187860724654243,0.9749243207710141,-0.9836734861153063,-1.1617275601962744,0.15775693440446745,-0.5310282309424802,-0.564302425796923,0.7156883716630142,1.2382966524226695,0.5355837701924057,0.6535578858240388,-0.7973060783595627,-1.1844305869765652,0.6399016235736532,1.1740859591589785,0,0,0.7824644279924259,0,1.0
688,0.15896155835991002,-2.3677552515226523,1.745447592479369,-0.09862589038848746,-0.28411294800945613,-2.7851879702644786,1.1459156687448695,-0.4006129373363107,1.9511233990138246,-0.19985999122820547,0.9819101837218452,0.17270271398442527,-2.3534125995166697,1.0280657642033173,0.2931353111730443,-1.979201691180543,-0.2515247632730807,1.272788995338656,-0.9741377196160669,-0.7061454906744091,0.027809070344624622,-0.8453573414177534,1.899426724217439,1.262984825340175,0.5522282596624454,-0.8727354021829881,0.25914874333227605,0.4050068740131433,-0.8847860083627281,-0.4342494916214222,0.022851522278016016,-0.24621993529525635,-0.3174874621554092,-0.3638621069818004,-1.302508981780684,0.5998759820697454,-1.2237906604378253,1.0486003300704556,-0.9998416089894228,0.2898259004858475,-0.9402294247331312,-0.04471529379765962,0.2541209902241979,-0.529135735508501,-1.682236912730424,-0.2360557247636107,-1.5763961430856785,-0.2508324514938969,1,1,0.83811869552723,0,1.0
689,-0.9521279232137021,-0.9056115270369778,1.3269222341097562,0.9554340250819866,0.3868793709995994,0.9491829486500069,1.4828545685271814,-1.0254319537057086,2.0304328553086592,-0.014997621471967012,-0.17974008470298955,-0.18582611344118155,1.3286592653307627,0.9723587969024223,-1.24965139032116,0.9460270325698378,0.7976904197190601,-1.0353795684112865,2.0276150168129248,-0.7639222741480995,0.144090146433843,-0.5688811183494619,-0.15015501853633326,-0.19332085826505238,0.3532303749195568,1.63909418304518,0.35391734489535537,-1.1887124235126116,-0.06832330400453696,1.6761811368670763,0.153260811486421,0.6201197754296921,-0.5527323426014858,0.3633818028387944,0.03713201729941822,-1.1493658739555594,0.17272814584815088,-0.8380555313184869,0.30053790961251314,0.7012652790816278,-1.068431702929827,-0.6164645523575791,-1.603984276242424,-0.4726645657747265,0.4486845871165632,0.7842550461484894,0.6629583710916176,-0.18018840077792814,0,0,0.7188802685937071,0,1.0
690,0.6768828639789131,-1.8655960152536823,-0.48528099014940657,-1.2884711838649203,0.5899274846161889,0.5902056171469853,1.3514019794042682,1.2422220140381435,0.1373575199552925,-0.7434388097500664,-0.5312999183058843,0.7831485854116996,-0.6701563566547271,-0.7495551872857872,-0.24580222311327932,-0.6711126073673295,-1.9850435356890577,0.538572017009773,-0.3159058080776202,0.45075751080034415,0.2568827449717317,0.6601827857179877,0.3816323490535524,0.23856292055686754,1.1436107583433393,-1.16069458567479,0.18129609858615306,0.6860910581174943,-0.8969035397865,-0.76175643076778,-1.2395522561432428,0.5464377245125845,0.4405386374482608,0.17995802321602147,0.42632777964799035,0.12668019655102167,-0.20103999492890862,-0.2606428008194827,0.33070257569862915,0.1760242640878639,-0.19450339823564594,0.008106511555086808,-0.8326097935424701,0.4547147840961865,0.7492218307847403,0.3450715855097982,-0.16359474216876466,0.7584668385316109,1,1,0.5133301430406075,0,1.0
691,4.038734220884405,0.4896715588591602,-0.3839901716547015,-0.7927802256574782,1.270867155215323,0.4209858129004835,0.9400985440754462,2.3293890707904725,-0.4594863571592568,-1.6106507296100014,-0.6672152902254398,0.8993747861127374,-1.7524609104892899,-0.4273471842470674,-1.8986949824257136,0.529234903359665,0.8399653607561204,1.1841645604621878,-0.547008923396211,-1.19879035577596,-0.7911093953762638,-0.46205285095752463,-0.39645568268348114,0.645613727070877,1.7612663089299818,-0.11038590569074745,0.5396047904571122,-0.5280942719384972,0.0024069486287660925,0.6874516176638191,-0.1388110824685241,0.5747077929608849,1.7428060071317202,-0.08883795651142985,-1.1613851564538176,0.7886216481458822,0.3685083009396439,0.2675267765240794,-0.20049793195792245,0.2987634651455704,0.15565223449144847,-0.4798416987189463,-0.24366468988712076,-0.43657662948015563,-0.10726720530939501,-0.4269269001397013,-0.5824794494054726,-0.346853982110046,1,1,0.854314106997698,0,1.0
692,1.5211910032937037,1.670265550386708,0.05749281452127334,0.49790974044638114,-0.6720867156143305,0.22985976445659737,-0.31201533553884203,1.69433453534281,0.1469498769195223,-0.5275634702931888,1.8988572135481623,1.0953483126546866,0.4742101316031947,-2.384394047699442,0.4691204805745554,-0.8508355086797225,0.13427072274086094,0.47669141601352516,-2.294862984073175,0.5129555301817893,-0.0307606396121358,-1.2188823772004647,0.20268689805150894,0.3880072952858082,0.23283538385213118,-0.49660938590639303,-0.9166135823183669,0.36405789431180796,-0.4949013233206219,0.34706926973150887,0.2544526119407089,-0.3026950942496641,0.5022973259616001,0.8698726646717819,-0.8529640189634967,-0.4949622134328168,-0.33108047305985683,0.47510691722959764,-1.3322297343039844,0.6486299080424244,0.06982185612648106,-0.007369909699441404,0.6060222258796926,0.8490441662632165,-0.31901774685674344,-0.5258092911201645,-0.2541719135126741,0.15657376141666846,1,1,0.7602756054000431,0,1.0
693,4.909563083734307,1.9092281344120121,2.8972436404766624,0.902423534828925,-0.9503727149942305,0.10958455579573424,-1.8396264439450718,-1.8151135240317353,0.2010093233019697,-1.3007915136977888,-1.6208144726288902,-0.5681961200362483,-1.0432191013176586,0.9767820490251378,0.8024174360157997,0.10318621687916697,0.8227586251286516,0.2653209815610742,-1.1910657118069221,-0.49034752651133556,0.2693517128941346,-0.4796107120492772,0.28084035353543907,1.0338654763959452,-1.6267275089855344,-0.753150705936417,-0.1801789908888504,-1.2226519831278928,-0.8079677574165812,1.712542121274458,-1.1053290809321348,-0.9479470703239619,-0.001371269557016797,1.4970063289929443,0.16276583038548434,0.3379745283271447,0.08596603634481158,-0.5195800064905939,0.25935952774832527,0.7407014126414021,-1.3161761173576094,0.0837737424692356,1.0501006504343318,0.1276983903599962,0.9079365890618182,0.4678957526896415,0.22702276925495715,0.6544152112586047,1,1,0.9574705639150163,0,1.0
694,2.1903374528627064,1.506011785400012,2.3100544400057976,2.119728367641488,0.21358987587466594,-0.6600136143108909,1.7492177115200476,-1.3575622375380247,0.930169642265321,0.4097043345774389,1.0528992750484543,-0.6768250801686839,-1.4581197281123066,0.431079055526608,0.936038117906949,-0.7285248397376296,1.2031427416920053,1.107075597583335,-0.8781642977633594,-0.8449409044908721,0.03268327866255192,0.6914395409567076,-0.2520250601260793,-0.39711238317428266,-0.054449412576218215,0.3881078728091831,-1.097326310939414,-1.0642531950283682,1.7057784245423926,0.25770084443396085,0.03402091824549064,1.1766608468277968,0.6241350407479398,-0.5190372296599577,-0.5898959806253561,0.5412807498264396,0.35342026167242824,-0.27848959654387806,-1.580071222996356,-0.16297894207943145,-0.03998617351791384,0.39087216162983873,1.1411793430179564,0.7081167038927815,-1.6411858295492308,-1.1863074741737802,-0.7210560114978111,-0.13549266750462177,1,1,0.9382740973640801,0,1.0
695,1.3425096457813925,-0.24909258726663847,0.43768925070619946,-2.171172575769987,0.44100697382905674,-0.5319748793649952,1.1395545252848622,0.0370754958852424,2.01817282178565,0.34020235331033877,0.31338310088562416,-0.4401582685394456,1.11036101346886,-2.172097757041341,0.20854554701957284,-2.3764603039593606,0.24319640820550986,1.2216219454486135,1.1332916871660608,-1.6858376595862894,1.3667615843564271,0.12764923837566908,-1.5130668119951551,0.47368303455038946,0.90254675374558,-0.5620720557135613,0.4857743109519541,-0.34197611039511405,0.532648168212672,0.9332202279164087,-0.022346224481539095,-0.17305512225929812,-1.3589023477367295,0.3037224672432296,-0.686497789925616,-1.8706683701032867,0.013715275907867561,0.06998398079045293,-0.6959084096992338,0.7424501926484567,0.5483383678327589,-0.9431004687362778,-0.028629744300690447,-0.2641671304728413,-1.0623948726159267,1.176726397911084,0.3517125487338326,-0.3316004699829946,1,1,0.8478920367072126,0,1.0
696,-6.044747413052921,2.7520173632793914,1.5450031966381919,0.897935009713554,1.0092178444833901,-0.3800268786507243,-1.797522056193126,1.4180546737134945,0.8194459024560555,-0.5154594192990689,0.7946574241269896,-1.0199948764671192,-0.8044476863360867,1.0079733019223576,-1.341318979629252,0.01984569535458874,0.259196766489045,0.5401962982692865,0.12395583010029079,-0.11811756985121585,-0.6033524755685513,1.0105562439062188,0.059180096095084206,-1.1028683593084276,0.0328146452026438,0.25895743095513174,0.43226589839924834,-0.8482845947195853,-0.3726377471827898,-0.35047287763370366,-0.6013510667965585,-0.11154494326716385,0.16357551730011885,0.21692696277606588,-1.3876541451529634,-0.26016811191455713,0.1924722560891847,0.43480460401567544,-0.7723718384914993,-0.486659320301743,-0.5368539595902634,-0.3475581230992945,0.7985174443847589,1.5884085921424749,-0.2759089915616472,0.1886468320886062,-0.023523967940506117,-0.29836571758339353,0,0,0.9399053170479424,0,1.0
697,4.9705339330763225,-1.941214854367933,-1.6720370422560888,-1.4212306828773287,0.27432252989112327,-0.24149925316597906,0.8757283186741947,-0.1040846516758506,1.118730648350529,0.359811866922834,0.8439347613846665,0.749111089283267,0.49348938334553627,-0.46881977024468824,-0.4754739153716298,1.2971475783595188,0.09129403797616853,0.47823299776115563,-0.015881711250745816,0.48548550251122663,-0.33037995867999487,-1.5919458196783292,0.4222695683906636,-0.6458915331126731,0.3315942750048617,1.2475793798231338,0.6766619666367324,1.1621252623548985,-0.4732087386081028,0.6073368945901916,0.05138803772791946,0.6847939009465802,0.39452545510218995,-0.36011061687568285,-0.6510324196450197,-0.1805638859997027,1.0957305134328097,-2.0501096791644624,-1.2097777480759617,1.2054389450973781,-0.4512828535529756,-0.05334874787643109,0.17748243063232674,-0.5172721741068055,0.24096294651083147,-0.3127536889275391,0.5416004875630137,1.323902950034748,1,1,0.9555021259419896,0,1.0
698,0.08297780890135205,-0.6886960946891733,0.28384716594120063,1.2559568512969517,1.33510688457938,0.2998920778539565,2.122198331233382,-0.050402161223054326,-0.434763546809737,-0.4990247609668247,-0.9733381768282807,0.4044241742353952,0.23994463331630508,-1.6368826853244858,-0.0890379947653274,0.5150312852677552,-0.9348421278016104,-0.0824148453760042,1.1004034130595217,1.2099856135465115,0.17206908108105895,-0.5935949311247688,0.7190674451070794,0.3699490770472306,-1.6698835363349993,0.3540531026489105,1.5641920622918573,0.627581164258689,0.47308957824091713,0.6479314874051376,0.6033610252945797,0.329444576087196,-1.5214119510319464,-0.5730488978739682,0.6472707041423718,-0.45830277079511517,-0.3027384130048595,-0.2344241037788032,1.6474901245773732,0.6004898829322256,0.049933719872055526,-0.37140592616914475,-0.49790335595283536,-0.7737650117155023,-0.9586415094692426,1.5663308927053934,-1.0429446105126812,0.12724503987407454,1,0,0.5135960074064239,0,1.0
699,3.7778885343091044,0.28172369376132333,1.4148192229367287,0.5072493398124558,-1.449898425162426,0.2512610793005258,-0.23300832386058642,-1.5660883551616875,1.3590146844300954,-1.4288787631420443,0.19568836353159866,1.436156688025247,0.5827488358461888,0.44778349374694343,-0.3118642591399265,0.3891411488445045,-1.1718913517805556,-0.6752431113775315,-1.6075855379661073,0.8306008158012245,0.9153679137880202,0.7048506159253282,-0.3483724924237365,0.20145759469914287,-0.031102315879737087,0.4462803352421996,0.5606371793402716,-0.9223904787037831,-0.6871265314444831,0.44398053110245045,0.17789176960613737,1.212291363486764,1.3762094436969936,0.9998521496816296,0.6734828575520707,0.713677591407255,1.2860827934793886,0.09127449214973114,1.1360798493016793,1.9978431357470197,0.09045304754104531,-0.2709621459024651,-0.42389669523555124,-1.116820954563984,-0.9675802618757846,-0.057038292939040114,-1.3141090282135606,0.5578887373723841,1,1,0.9149434685868805,0,1.0
700,1.602179482536135,1.9502964397804459,1.2446116233709346,0.4106342839997805,0.995740153487877,-0.3504143381635017,1.1025831931671595,0.3628973005940224,-1.0953588234178824,0.3067083440530531,-0.871700041390803,-0.12997130758862252,-1.2836419580045038,1.0777203291882722,0.20468662722667533,0.6468379047191217,-0.1838662245994356,0.23770854799139987,-0.23333163376943833,1.3079838482383557,0.785094365226875,0.33425493140490653,0.40636037287078974,-0.16633185313205995,-0.7879172930480952,0.7051281106828485,0.39247252611800837,-0.33257466009335135,0.09154676680266373,0.5180210764060308,-1.1150488898897006,0.5316484352216045,-0.26491615745538144,-0.3615208155331326,-1.4500472532039745,0.219755047051167,-0.15474149349093066,0.043244646058532586,-0.9553562617902343,-0.803267061504438,-1.0263305797694262,1.6481551261945535,-0.14500917925735793,1.3440978957050669,-0.09308771103368653,0.016661584300905596,0.08096106285116188,-0.896131580339012,1,1,0.872154749342574,0,1.0
701,2.6457569991822965,-1.658562459795029,-1.0778119899596565,-1.1022124713378398,1.622778518417627,-0.9602528249961964,-1.3559885605915083,-1.7719352583329226,1.7341568690757083,-1.1824548713278233,-1.052276996672641,0.5580349487706038,0.9917645496251155,-1.695102714744178,0.2548932606676417,-0.0005103823824582854,-0.05085891665098401,0.3294483198387329,0.6480837535843752,0.20132340982649394,-0.22570285823743302,-2.15636058746377,0.6331391212260732,0.5200189489170853,0.5893207609740748,0.3097702892934859,-0.5431787831601357,0.41616310466158,0.07819477885243825,-0.7616425248068968,-0.8557963961166752,-0.45704562821936734,-0.23588248035318163,-0.23453387753203184,0.1581386918405759,0.844069981817551,-0.38256403680224593,-1.0395612088097244,-0.18113197811361365,-1.0161363698097008,-0.31008079602551036,0.18510179239050914,0.25420053582960017,-0.2930884182124299,-0.0020006773562278087,1.6866957110010203,-0.30396489445657665,0.015069111867454622,1,1,0.8912299398180603,0,1.0
702,-1.34389537986318,-2.1514197767583942,1.6007245708322306,1.1214031443181183,0.5373033490812616,-1.5902891402491632,0.23586713783802418,0.3805097552301752,0.5131219113542884,-1.1560642117587485,-0.16292642905217283,-1.081393847775294,-0.2271594964556687,1.175639954414976,0.5958231660496386,0.17991487521175617,-0.6255162333911546,0.5664696678853504,-0.16149071949829807,0.9616530339986618,1.1424348226228866,0.8889312639566345,0.265471281294615,-0.18919232477671857,-1.1455632470216237,-0.7925209093522211,-0.6331427076386328,0.14291610096332882,0.4448790837280708,-0.9793204017386997,-0.1409768480246873,0.23392622545607586,-1.09739355901199,-0.26550552285415924,-0.5484618922143192,-0.6592115642850346,-0.331370386730077,-1.4345500119524857,-0.4820125959405178,0.8211745871863488,-0.17686008479683546,-0.7930170458615723,0.14189405724759807,1.4012595372960635,-0.3372689716685402,0.1771221831685814,0.40688111826742646,0.5783726935979677,0,0,0.5950986491900307,0,1.0
703,-2.9305145726040993,-1.3916716213912825,0.9186468856361395,0.7155487029467745,-0.06794122378331068,0.07646930336163915,0.6176176957496122,0.32744209212071285,0.5220949745851645,-0.20701793438910981,-0.35152952028467094,1.0077880267652137,1.1729805587348916,0.06085090489415514,-0.34813311382865597,-1.1261595685205188,0.04222045279816542,0.8007814354828774,0.48683983565915295,0.3326942670129198,-0.6897601283196825,1.1184883362014024,1.030863121137898,0.6428158195858742,0.5517185061502449,-1.5073994633617702,-1.4335093714693894,0.7153992438568596,1.4046238011267547,0.5653752258833861,-0.7647169544887735,1.4336441851650432,-0.0007250544145339837,-1.1874443834407427,-0.5546931074005713,-0.5470835700462686,1.000510091851391,0.21666963425200358,1.04142904763822,0.856726296025096,0.3742038682063624,0.1538900902969203,1.18640187421725,0.23300877806285386,0.816022916356113,0.23394374984881003,-1.3997725209631133,0.10955563064722217,0,0,0.9078494302438618,0,1.0
704,-2.0969409353779405,-0.5955935387483352,1.1606423792319265,2.0502556866678714,2.142542664634799,0.9354320537914317,-0.8359923805610603,-0.3033947400435938,0.5217886690893068,0.13744852124889664,0.09704721861284664,0.24709008081911785,-0.43060920472297604,-0.2516848984099877,0.6590059198490859,-1.6878323356039444,0.4462854188558219,0.5890254511830523,-1.5579701176437168,1.5639052666249915,2.635873488524406,-0.32554886779967285,-0.09835895352621117,-0.21864659165430886,-0.42988236587163164,-0.16261324118968953,0.6275596604067007,-1.203458927737773,1.2516163803178404,-0.4360721060364265,-0.5351806631094059,0.6648265649663319,0.08916312406830089,-0.14238469654877722,0.4466396647141776,-0.8535298891554793,-1.001809704321673,0.48795276707793617,0.14407108785799883,-0.358856489971629,1.615029748644478,0.3388893403757187,0.8850921235803368,0.4585860245830221,-0.26625592214998006,0.07473726804893065,-0.4420361555380591,-1.0344148750041773,0,0,0.7261038075304268,0,1.0
705,0.3770456982149991,-0.8844648026233751,-0.8103290227143886,-1.2277595223669417,-0.9359592125898766,-0.3511696186408807,0.4358318419076938,-0.2850841530391437,-0.2693181979766446,1.3635243490193387,0.7226907032058706,0.4949760719067324,1.0519010053993276,0.8524777595280301,-0.00251752001331459,0.9578777214916177,0.47615478722534815,0.2880615759447826,-1.6982020030682479,-0.4739926355973135,0.28308925393054546,-0.5052421297391952,0.7924939613790086,0.4887338403712917,1.8265906712510562,0.3682838214557521,1.3229103418894865,-0.5172721813880927,-0.6166244164790686,-0.007269123295056802,0.04379457137107115,-0.245965262350303,0.2718053740846116,1.783913534743484,0.8375845224547127,-1.3321050858452521,0.13226469163193535,1.011427731050763,-1.0175530599255702,0.3030736100659216,0.3980593444972479,-0.9541837833525563,-0.01723294893601154,-0.5001484908530041,0.4290248922389487,-0.03021308182621818,0.41658579331704054,-1.2912266237612724,1,0,0.5849371403605862,0,1.0
706,-7.583256460039126,-0.3795050922754562,3.895570973169378,-0.10908356971775034,-1.5842566297774006,-0.7500080714639208,-0.7549096979427286,-0.626729618055345,0.3218528724293748,0.30017873360361996,-0.2913906227818602,-0.19670585180342856,-2.066543892554615,0.19458612031453956,0.4972051896258733,0.5381344966594593,1.0787439340963951,1.5618787968471286,0.44618014831039743,-0.35808195191621683,-2.2457946488123333,-0.10244729581221522,0.17621442611575855,0.9168285183483991,0.37258297987720335,-0.5798524156594425,0.8442248548903218,-0.35859216484704787,-0.2796336677354413,-0.9578060539493204,-0.18149041054677226,0.2312298007055457,-0.6480063029229295,-1.6601876959007096,0.4304413331198104,-0.5441835148444232,-0.450720661502549,-0.21199376471789536,0.5897196857337916,0.13565088488581695,-0.2429804646687008,0.4700014686071564,0.2579944647362112,-0.0621729576955333,0.8692202483162305,-0.728700982891535,-0.7298085122955256,0.5481963706468271,0,0,0.9765002093621723,0,1.0
707,-0.7025383689293211,0.4303867627694418,-0.2592026772751607,1.9306842655831518,-0.09644458733155697,-1.5273825646074253,1.4601795376001918,-0.8943610220286864,0.030920739487465758,0.40815326525133305,0.332071229191173,0.5220308988298095,0.07674387088277675,-1.086399837417344,1.0201084984795643,0.5805289913510179,0.5534573988901086,0.1999271074863036,0.2158068033137132,-1.841921366715525,0.6035665428785629,1.0974131325690684,1.6254420257614255,2.8917919188487575,0.8618850882769541,-0.5332104340311755,0.004009338715593401,-0.5692721559982922,0.38841652945104155,0.8056538384308802,0.5879365947509699,0.9765965490758336,-0.6666646608032648,-1.0259529856784466,-1.1992104483351012,2.1233654164290874,-0.24435532759919712,0.25330258193657723,0.2809739191969234,0.2805871823086843,0.4713469402530807,-0.19603051025143342,-0.1657855864845272,-0.27273596313943244,-0.8232107225876638,0.0968584473264978,0.16362845231986609,0.2545712334606263,0,1,0.5695409481482586,0,1.0
708,1.8019898806820132,0.36786295001624425,1.274589805258908,-0.2914223845383412,-0.17270427621321344,1.8026883622734213,-0.488529050685307,-0.7786167292609144,-0.8169520567659508,-0.01902207910208806,-1.5443965814777247,0.3567641550060201,0.6864454526216908,0.8449103531559099,-0.4378463700551723,0.5199858422663732,0.1535131789080212,0.31187454734134257,2.231188934644818,-1.775902316632157,0.4067098358994915,0.7906914903164552,0.4828083574641386,1.9102352753142733,-1.6574460402475688,0.1383563912030895,1.3931675452016106,0.6901725528390235,-0.5736914454713702,0.1014297711297144,0.3752164632847814,0.5495807746516145,1.1253457468103494,0.07094260812437717,-0.516216808870613,0.7123079189408729,-1.3874105045218332,0.13123155213732657,0.33671315276972824,-0.3728321692624169,0.6630598836758864,-0.6623326116988849,-0.3354178693368702,-0.30710598063314876,-0.299229180238771,-0.7602544545034479,-0.4037479070143822,0.8942908446969756,1,1,0.7822101162918107,0,1.0
709,-2.115889140660402,1.5074743851826145,-2.417100980599714,0.5819854772864975,-0.1740409439913751,-1.0377236871049276,0.2413959626148014,0.5982414705429782,-0.45401007098325435,1.1768720827832377,-0.05505642009423285,-0.4856426558142027,-0.2163394819124187,-0.7239087792077468,0.30157133097017297,4.116879065676201e-05,0.9314236837509066,0.29301530529101727,-0.9848283946562844,0.08362652900225054,-1.1391694551257165,0.04201479411498609,-0.4975300345626989,-0.3646126470669429,-0.058633755780257105,0.46723947872155697,0.5109207392326162,-1.6890900663316273,-1.953678050422243,0.02934619932805613,0.6799552756943866,0.6094744016101287,-0.4150975321618764,-0.7923265984200838,-0.6500011590168926,-1.0158995496181158,-1.0086550663459826,-0.07994010359822355,0.4699550798788074,0.5842283555291758,-0.06826029945945053,0.7393179870200431,-1.0587053665782815,-0.025379943993747992,-0.7315761887344753,0.40654311206065746,-0.5629584905883778,-0.1990784753376919,0,0,0.6498969826314493,0,1.0
710,-3.8921308677457134,-0.006561103700703642,1.4407134676297892,-0.8053621004559205,-1.4091818089944745,-1.020977075456267,1.6645733033057994,0.5371528189840415,-0.1358826921953589,1.603177174571197,0.5490030476240964,-0.2733998760809489,1.1319712037201113,-0.014999938882646174,-0.713278874166613,-0.1122808955082343,0.8628886685951027,-0.879087882858545,-0.7327095555427963,0.28990913085588876,0.16434766836986792,0.8269557049946035,0.11152624723080806,-0.03652310286054961,-1.337336225375338,1.1353844518002794,0.6257355435122834,-0.09280565322917528,-1.1034989408235507,0.5975506841910884,-0.3273580749732815,-0.32625783862830626,0.8204434483286848,-1.4086758212605137,-1.1254628067380805,0.4850976777416527,-0.6940239907901102,0.026341801262531394,0.6720912091202216,0.45853956195434314,-0.7783078077533975,0.8922744957128717,-0.10747648124827028,0.011135660745195793,-0.7473578211000476,-1.0031768513974069,-1.7050372646310499,0.3387174019131998,0,0,0.9590235833820056,0,1.0
711,-0.9880091973188947,-0.8944516020742456,1.3148136944508813,-0.07970774077939424,-0.6721014125898498,-0.3364588928849133,1.1967198161041865,-2.0430158266049037,-2.1539215540091785,-2.213991915984413,0.5638881275884895,-0.4383663229508829,0.15505345269454773,-0.22246702069423877,0.8129360294604078,-0.4415484848015047,-0.1774517687148876,-0.126313520034947,-0.016908981675992047,-0.26605704536416047,0.4547291618221587,-0.42506914433386866,-0.6374512118760111,1.0122429081164857,-0.5515631978829083,-1.218242814325116,0.3953875697185223,0.4014851634765204,-0.46188899205047973,-0.18214887779633596,-0.6500368294472044,-0.6369051232700406,-0.753588947679449,-1.6939699012132274,0.6484190390075864,0.30903175345973466,0.35961278974224115,-0.8035834310478054,-0.7358293515387158,1.6370625024261916,0.6352740953167199,0.21156579335480097,-0.5459659020154684,0.391128833582878,0.9577134987352485,0.18623887589705182,-0.8321992696970755,0.7856194817595338,0,0,0.6763673372817828,0,1.0
712,-7.14987824701337,0.7726856463429417,0.6200295748447666,-1.3745005403655282,0.2464826257285788,-0.7473309756123443,0.11098289353420196,0.09797887543797724,-0.43350873847821425,-0.062219912307001544,2.5874273761625686,-0.31653801565596534,-1.213437798007816,0.388205335957775,-0.653150886119248,-0.18578675418454502,0.03650148928340041,-0.4922313251376269,-0.35490991627964485,0.7788046276912123,-0.25512446023394103,0.48882641852699454,0.04016536767498404,0.7177351905406982,-0.7002958031069328,1.9897221790676787,-0.10140628580301193,0.8979366270698791,0.6941263905155151,-0.3269039916904661,-0.3212087777698097,-2.62619732661352,0.481082524529873,-0.2809048695169922,-0.8883041435444585,-1.114651342524221,-0.0911197968737974,0.445228144169648,0.2592231577755894,1.5734186675518054,0.10576417428893765,-1.2817066840765114,-0.5837924578566176,0.6451571676527937,0.02917657381646444,-0.110727783114769,0.17722758324001406,0.6434396037317011,0,0,0.9975529641462468,0,1.0
713,2.8431032003124335,-0.10510944975412861,3.1688102070262696,-1.409711032690395,1.0951716311156663,0.13629369699827917,0.09949700864617848,-1.5735031789666143,-1.6559149426253092,0.5208454230444527,-0.7168983528862839,1.984889328864154,0.6475673050801007,-0.24514396309868525,0.18209367050318465,0.6078846401540668,-0.5407284737284862,0.7972364281581387,-0.1356086553787425,1.5127176570372791,-0.0792232378347921,-0.5961438183552156,0.20925185846058167,0.5193003952563717,0.30070489273624634,-0.2551823775069892,1.365790464521775,-2.1615367354710053,0.06424748028159122,1.757739012974685,-1.1181932597355417,0.21869595691375948,0.00930477911152758,-0.5088084192119122,-0.04402901406386463,-1.6506782102564344,0.5190799531772201,0.5205049059474269,-0.14278857620801494,0.1374555792277106,0.3438881804138328,1.0488578522710978,0.626761711112527,-0.6353873292012882,0.01442858423720563,1.0025685361182963,-0.4806908591055056,0.2208607475765945,1,1,0.94129259779052,0,1.0
714,3.4322815816139336,-1.2808683596658483,-3.8812630505322914,0.022514212513289222,0.008892758361161442,1.8260630433629144,0.3376579571916687,-0.2922493809119523,0.3108194954918807,-0.9030751994370331,-0.8624000618257864,0.1495285883610225,0.12174113476270176,-0.42275403339126993,-1.8178118859074117,-1.9127945810620026,0.5445951730175618,0.949181531093858,-0.4212619899333006,-0.7769897807499203,0.3702582480565645,0.4867362838934378,0.7361026591994962,-0.9007992841711095,0.9587822625796291,-0.620729888757611,1.2955717835561256,-0.00361424902095397,0.5781320001742034,0.46046412973825335,-0.6480440927942019,-0.5473912926294799,-0.33225611721785775,-0.49038149111293045,0.49504339536591807,0.050863798079626744,-0.07692619469073413,-0.005368309984252363,0.6209296865878616,-0.6049397151477597,-1.1842983515953314,-0.6687983395454321,-1.1155284712415774,0.44031339920609414,0.8609754501236412,-0.006678647058076688,0.008431706344751247,-0.30584983825482387,1,1,0.9481466081142981,0,1.0
715,1.9739250000881996,3.497867101629288,-1.115275522229538,0.6168984077498884,-0.7533052234622839,0.4949161917832604,-1.1492325706129058,1.2104862782884442,1.0997414575442261,-1.9662334378200488,2.321899681774735,-1.2759240776557086,-0.3050329626154009,1.54633071711719,-1.1969553208498813,0.3133469840819768,-1.5657499302453906,1.9660878224692222,0.4568480561676588,0.06622616242097978,0.6526001824315659,-0.2932918935639375,0.7426978581350595,-0.7952620063082068,0.2706959740320916,-1.4239503328473908,0.6770820600543103,1.3675456078685746,0.41717193432671784,0.0015025807886191375,0.1310193399315955,0.217577789346756,0.04789517094348339,-0.3390881408121793,0.047517553398435664,-0.8425705033109154,-0.47133143358461743,1.5354792291594346,-1.0413883765286773,0.4197882914813491,-0.5611213688226836,-0.4102905170277188,0.06639110636321897,-0.1867715534795722,-1.6552231835073985,1.0675666930847445,0.17408138084476246,-0.801421850816894,1,1,0.8485069320517935,0,1.0
716,4.011430563079421,0.13727088756694142,2.3734134294236906,-1.2462245607232822,-0.5538600500922045,1.4399230344914835,0.8988128864020157,0.9498865506142302,-0.13520705711372505,0.43903401797760616,-0.2457840398412974,-1.8556340385892465,-0.9754198924911393,1.2384184973724046,-0.17813884225938748,1.493690723347266,1.4723547881254555,1.036273670455114,-0.5318356495841965,-1.847233657452864,-0.24602181924876354,-0.7779127094206495,1.2556860580156617,-0.8596470204336969,-0.08189759560437967,1.0464783183316344,0.8890788463315492,-0.22270916637874583,-0.5065650787869631,0.3988579946666205,-1.2129203892011533,0.07495104139289896,-0.7286399810373664,0.24157480896046807,1.55888986949998,-0.030149696436196884,0.6762632149153445,-0.20488925085061302,-0.1550441519726362,0.572129765114849,-0.47147457974248874,0.012982985024714584,1.4351107552575275,-0.4862935914249921,0.19576150714037366,0.32980055435784666,-0.163300015938455,-0.46882546719136736,1,1,0.9838036854549091,0,1.0
717,3.2341797843762974,2.1726253058620544,-2.361245284391767,1.2427012084127573,1.9912172913913475,1.5879728320861797,-1.4342854813688255,-0.17787443243805506,0.7406319738539828,-0.11370290366645396,0.5546214537101722,2.5533493123648037,0.7547140501223835,1.458905853426908,0.13572463057034187,1.223195164750141,2.1640690723248937,-1.028787326234747,0.623151609129355,0.1364786487255806,-0.6175534161322463,0.8038422294981776,0.3753055783465527,-0.058470086126551975,-0.09366899995855427,0.1670002859844064,1.452700165259032,0.9008478768749414,1.324435962600437,-0.1756032899578863,0.7445663386532181,0.6595348864638884,1.1117325026771345,0.4851299590452583,0.5919385757999425,0.5964401601324947,-0.28410692373804064,-0.6333528824871328,-0.0781929596633536,-0.6950958066866149,-1.737329005139915,-0.8757252739862583,1.0597353858907228,-0.7194991674626592,-0.1438978548851623,0.7972801400932948,0.3614991149868551,0.6773187991734791,1,1,0.9728783019326067,0,1.0
718,-0.7118372337562645,-1.9690444074751685,1.3145566662860604,-2.3895800616825515,-0.4065941910229009,0.24101849070373269,-0.9944956522078744,1.6398162822084257,0.8289584771733437,0.4158810659274292,-0.5413004762359616,-0.134059846463804,0.9905508902320541,-0.29430032318083615,0.42511899402397973,0.20680570577843596,-0.20172076907993394,0.8583026963500602,0.09120300538595985,-0.16128702695722885,0.6547104038626195,0.4615789042338311,1.0907498584174593,1.263694975284206,1.4299590778368079,0.2570949842408972,-0.11693903760066152,-0.14150673422287904,-0.4964012281412887,0.21357519926141863,-0.1825878963803074,-1.8399194697565477,1.6194398920132247,0.21873677457099625,-0.3801085949673685,0.03055177799231508,-0.6116909283829722,-0.4030356478426586,0.8769651723113573,-1.2131069256301923,-2.2786266239021624,-1.0325727174903783,-1.1939596292706034,0.7814560283154068,-0.2516388583003714,-1.3426830511934609,-0.06579089304193264,-1.1863062958355497,0,0,0.7605437482712284,0,1.0
719,-4.939092805164373,0.5294227633126355,-2.4512278089133357,-0.7712354954714664,-0.5507378353750191,-0.27041967254761734,-0.0800640435016001,0.9766780614911272,0.20098627637570515,-1.2086088339531538,-1.0601658615232608,0.21497192029865766,0.2698473202587235,-0.23891792166434653,1.2448227810313792,-0.266728962639228,-0.1412373078889129,-1.399591255583289,0.15191107601107667,-1.1302180874634833,0.46397337262680516,-0.08347749835029075,-0.9362969855369491,-0.01030738923276899,0.2434793433711522,0.6247180088675437,0.41740252540923267,-0.40434622919002394,0.9919872124805246,-0.21340389254336206,-0.34064719496632656,-0.7965939045022641,0.6418413549103476,0.3792609880088652,0.02762941569202132,-0.8084826851372262,1.3021888994675976,-0.06047557105010009,-1.149643206523968,0.28421345195133635,-0.5031147566987219,0.9662205837023937,0.5855246022067517,-0.5051476557149338,-0.16879908833606763,1.5830294108662315,0.24679118180638365,-0.7872101217117581,0,0,0.9783672239141658,0,1.0
720,1.2931172100272266,-2.6319364526735303,1.1110889055176145,0.5750648058383352,0.3420350068907085,-0.9421820935358356,0.11035284175642134,-0.10366637062720752,-1.051499147544379,-0.39593757816958514,-0.6362313811919613,0.7715147400615051,0.037913471542512935,1.7238046269021607,-0.4694776983710876,-0.7203618717446838,-0.7554977657678538,-0.0669999167985298,0.5169165349978835,-0.9768596054646297,-0.47433799098780255,-0.6158170450434539,0.2109593986036609,-0.34713367787230465,0.933271382362135,0.6910899967941166,-0.5217909521550635,0.19049863367607028,-0.8103392854945799,0.51542964577575,-0.8975660923482577,-0.05362512463052442,-1.4431020632444682,-0.518503386122881,0.38439641021261567,-0.46672713859786286,1.0422895311157105,0.5616688135760115,-0.3375706173115376,-0.9957517349020135,-0.4021899414095799,-0.39733941079188884,-0.8230515148337236,0.9406013673706883,0.4182795856110706,-0.7884559303562307,-0.23564037530219883,-0.8783984867946384,1,1,0.7737185223697989,0,1.0
721,-3.1027052593285744,1.4982032419615545,-1.8409506160312747,-0.14867620408100868,0.3578538667480984,-0.7544597947853656,1.6587572146450495,-0.04519612345142108,0.06121926742415813,0.3033025045948161,-0.4215216694559446,-1.5322386024341632,-1.748054751118518,-0.1234068787241204,0.448088520126762,-0.4811289320204989,-0.2681289016125552,-0.6656082217883732,-0.12425294919194739,-1.202201396987004,0.0653028561311935,-0.8227432860339262,-1.1236004385797431,1.2732959846987044,-1.7723732261025804,1.564307779308306,-1.0921384583252012,-0.5715906190565075,-0.22367783109071762,-1.0006153384949197,-0.5292250881293803,0.8089427602081788,-0.3988136772226878,-1.1404491798523255,-0.18469575662480275,0.04275737335925723,-1.441504879663352,0.26281319303872264,0.9696436630924091,0.6953728049069696,0.1984524135314696,-1.402563313281401,-0.5561092597628302,-1.1541275803110984,0.3510666017780971,-0.4937164761792833,-0.5305269473315908,-0.4945340838346385,0,0,0.8798193681440882,0,1.0
722,0.9619615249197081,2.2812019284215284,-1.559757501938954,0.15864091225468058,-0.5829953342266628,-1.1856343170167014,-0.6590095188229697,1.4649632958164212,1.5783377426265197,0.3436152690721622,-0.8297958897725559,0.3711680716318606,-1.5725108582733147,1.110500489838925,-0.6882225444408655,-0.486856038354408,0.3478776617313975,-0.9619111587706317,0.7127055663017179,0.09559855315937955,-1.7856039091206135,0.3317617022678929,0.6696347952887882,-0.3362470787122362,-0.6849186690494367,-0.20172446602005517,1.1702334308281301,-0.9527095892432051,-0.441168969802046,0.5130783916698509,0.8049384953558167,-0.38469924646761156,0.46897200620710805,-1.382640383802215,0.15604245024087746,0.7269679118967807,0.3935254873617749,-0.5047534036794223,0.6073299077479584,1.0835257105042408,-0.10693846517093374,-0.7710866379259608,0.44137806721910045,0.20997856059248368,1.7334639516602535,-1.275961803623127,-0.3523120534737276,1.231377198174547,1,1,0.8722007527235565,0,1.0
723,-1.5564722168093177,2.030973299762305,-1.7640669214736895,-0.4622338366837684,0.9561312962008403,1.158773444861301,-0.8936186576883564,-2.1549149319382996,-1.042342785268447,-0.02313622901309272,1.2481306955433908,1.3132778397742682,-1.1518724053050142,-1.185515082885957,1.197157495137437,0.5668885055822794,-0.6108251098488108,-0.8316065286297675,-0.1479602849806624,-1.6721489514986076,-2.095287603513569,1.189447347867925,0.7943041173147628,1.4880407616042126,0.4210325199025927,-0.14827420677635794,-0.2843442561122849,-0.0075668015315682865,-0.20192624792415478,2.117949613352244,0.028532076082499212,0.021475142927919556,-0.6062153904612768,-0.4810952062781216,1.3683888202948746,0.21023509325087605,0.34580987413920883,0.00042113632930633536,0.4788574475577367,0.5281085785783168,0.6689969909382942,-0.9089271966083905,-1.6516409631043416,0.8678305664455751,-0.12267827316742473,-0.28241409334720846,-0.19623629153335548,0.5047174190839614,0,1,0.5611782437060681,0,1.0
724,-2.223182551599297,-0.7651207111126219,-2.477729144338488,-0.3912782801888112,0.044841219333557766,0.16304013882933427,-1.182946936662009,-0.4676035089989153,-0.4785840427365434,-0.2769658991230444,-0.14479600250035357,-0.6380364792955676,-0.04119584506976514,-0.2792540816493481,1.1339898216661242,0.46343835372060194,0.08258715183273586,-1.7493649410358212,1.4660460177282468,-1.1278826433834812,0.6099857051080438,-0.12818564279503195,-0.4599018229759946,0.7722904809709703,0.6190957966216122,1.1927950491853947,0.8146019164496031,0.1271571846805437,-0.6584017133376764,0.43400901950178034,-0.5648546558612119,-0.877194168998041,-0.35216390461839103,-0.3566780055790729,0.9539712731840038,0.2777995688848161,-0.6958815889029271,-0.7769189011111025,0.044205765885546866,-0.15104248679112137,0.838891894206786,0.1727526578694315,-0.19091001376915723,0.7458253122973836,-0.5392325965891935,0.11560728948304393,1.0271274302231201,0.4117762513508384,0,0,0.8440374647704887,0,1.0
725,0.1840853743525538,-0.12079426951150692,0.5654028750799067,0.35982484242788815,2.741204272639864,-0.7992561939219058,2.6493786801891317,0.4053347016912061,-0.7469183301952109,-0.12961614579511563,0.3210759081391734,-0.6642146865885783,0.09119684746391273,0.26887345580300975,-0.37541388688140315,0.5675623100360508,0.5324879462836031,-0.6196282324917778,-0.3170199872486556,0.05225504060425248,2.0343434077681377,-0.029065246573044556,-1.1690126348778325,-0.4188469087181945,0.11999608023177176,-0.03000700694747844,0.07504509134618743,-0.05102133117998823,0.051349880873945104,-0.5078222208522489,0.4467223628388055,-0.3368190690083787,-1.8102248901044757,0.9637107821878708,-0.6492353789838475,-0.6640411458816285,-0.06337041139724484,-0.14556859176764872,0.783350451711792,0.1206055877796361,1.1648207434368993,-1.0666749866736436,-0.7364234746178514,0.2977188927223743,0.8807123775447822,-0.11843806566769154,-0.21677330246480994,0.8012882635730901,1,0,0.5329753912511412,0,1.0
726,2.129156769391059,1.5536192032258453,-1.5399474119319128,-0.30287570358966087,0.2137444754321188,0.3610989786124382,0.550875958735702,-0.4472466958358033,-0.07434572337827627,-0.37835558232278743,-0.3734461895886058,-1.7670486047985867,0.04518194253886739,-0.059694574303615126,0.7699298544057468,-0.3754811182963408,-0.09228109493529955,-0.9235461983820294,0.6051787609147219,0.9644822053890103,0.36728206557740734,0.1776849004666439,0.5217761283007569,-0.655284124167977,-0.12529665015837793,-1.0489450694836573,0.4331543035254527,-0.3502696842504891,-0.22018154732903303,-0.7750997955082594,-0.24433893650111055,-0.004448966091324984,-0.0955629938313367,0.5101709251514446,0.0804652772683398,-0.43122477168623174,-0.0016379224369959485,0.24829694508820074,-0.7069934873896564,0.0823865228082065,-1.2365707143666727,0.43606499283306505,0.1686869220261648,-0.28150861384137876,-1.117401980609901,-0.9111068167149109,1.3864395008371129,0.128818095207069,1,1,0.6863023904713419,0,1.0
727,3.245283511823254,-1.1425019073873464,-0.43789101679085773,0.18061534969072732,-1.7414344300983873,-0.32048865114695463,0.7769397661455378,1.1658069647564258,0.4819762933167782,0.18305052773484665,-2.310798850125857,2.022570990341653,0.9358972730092028,-0.21869679715470539,-0.05139713964741367,1.3021248555071894,0.27655922245661174,1.8224533353065004,2.0017688713893027,0.9889947272068489,-1.7788757364133319,0.03706276184872334,1.0792217650314075,-0.9525353143462325,1.217368544743655,0.12927206253204085,-1.1710489315567458,0.22784168596626603,0.3189967431849352,-0.7293530524889226,0.9150337299775639,0.9285817111900362,-0.5786763612913062,0.05884411751123551,1.0482594579570075,-0.8402626070600725,-0.030396922437120163,0.18651699790706694,0.47604998401033966,0.43101035200276727,0.5537082768001893,0.6692802850272468,0.24495938209826612,1.3660284682822994,-1.6860394138949117,0.08806436534901578,0.8074859470982599,0.19151366918104426,1,1,0.9684298899968407,0,1.0
728,-3.8227728434343846,1.5392595889695044,0.9757630546862212,2.1259641733232044,-0.7334901261785599,-0.5122828163265452,-0.2950742279862158,-0.46995783522490925,0.38169906538804593,-0.030076022282538053,0.08208131392315199,0.7182497660094809,-0.5650638925822584,1.3954384572074845,0.3518786487854927,-1.386517446760567,0.9596104200194145,1.212495824005661,0.3094979456824262,-0.2279699586495757,0.9828763026539497,-0.6105716742277727,-0.36170825374288657,0.06280982519435718,0.537087925060709,0.23632296486992413,-0.9051391410518068,0.5357775421515876,1.788901207852077,0.5779790560100923,0.5666464949613232,-0.6969604029393894,-0.49821002697622613,-0.03828772301524771,1.2910953347367338,1.0213985568353372,1.9758425803285335,0.3684441814053268,-0.5587946316189856,0.010519278913121776,-0.3952025280563542,-0.08134141394188878,-0.29296592578020697,0.5307449043643705,-0.8024269458297099,-0.5199479784326851,0.005565795857720238,0.20446814678040928,0,0,0.9388761256475385,0,1.0
729,9.271156215153598,2.6937130020306874,0.044302835784075005,0.6027781215334247,2.025087393117839,0.4640274706778297,-2.197220742954588,-0.9819094532296144,0.08157097292175318,1.243085382652119,-0.16597831470330474,-0.15096249482188742,-0.5569312737400014,-0.8698124039901107,0.319379807319066,0.42247999259284363,0.7239405613185987,-0.6370361592960455,-0.7136286792204081,-0.8104652862907992,-0.7028748931503013,0.7224659405422645,1.3462290057378508,1.046125554298915,0.13609694808053482,1.3312012204213006,0.43346464055336653,0.225092797549907,0.5712279086734638,0.5901715860937189,0.9591946345103999,0.10625549454492705,-0.202879379266595,-0.22440240015161336,0.03695200763170605,-1.1134645681615725,-0.5684244759726093,-0.23522882374139747,-0.1642343198048051,-0.6148812815501511,-1.453379641285914,-0.456601689032698,-0.03976289722764041,-0.03970042583941123,-0.4207661131658657,-0.4445491062526553,-1.2829626231542655,-0.051764172805868966,1,1,0.995192728241112,0,1.0
730,2.641408948322471,-1.984302158721049,-3.110211246730477,-0.416637843142476,-1.3363162199499417,0.4366681996408436,1.260875148246954,1.3365016814887605,0.02316810101606545,-0.16309265752289254,0.49717330461796766,0.3416330313153959,-0.6364784081494623,-0.48474808424043175,0.6458302866091,-0.5193609481941038,-1.8722869142399798,1.831417431349721,0.5936811572601538,-1.7535929500794296,0.4211649815610408,0.22256695459908316,-0.03384477137194653,-0.702638848620303,0.06493497765133516,-0.43529757713885014,-0.3606847599219549,-0.2905777622185121,0.2981380285113481,-1.6011117269668176,0.3606411540371252,-0.9146583711459112,-1.6941264038782224,0.08350875595295026,-0.3158424766248728,-0.3634650021448572,0.9433034907508806,-0.013655304393672636,0.22467826381308018,0.4037036156720571,-0.17846935271857117,0.1751805155013094,0.6557255337625099,0.04142520251702029,-0.5243995175176168,-1.8437424279621677,-1.168559846635136,0.8835238976017075,1,1,0.8614246901842089,0,1.0
731,7.432216402450126,1.5692358719288235,-2.526608660562019,1.488494429521897,-0.10059388471003294,-0.8002574440034342,0.30208597220341726,0.455492338220255,-2.0504877045783387,-1.1860553770618194,0.6264001471271258,0.016133716790405057,1.0432097386765034,-0.33323100967065944,0.1983852901327757,-1.2444009827433218,-0.05718510580080452,0.9408374254709931,0.3939153101688017,-1.2229586694971062,0.34039538958929516,-0.23225258743676988,0.4620794329825655,1.279479104118053,-0.7821924142443476,-1.1723291704841554,0.3893185520474087,-1.6410884382409614,-1.4346068042095639,0.5759476222753651,0.5764737546441724,0.7645036703639244,1.1822803334399827,-0.5213347460325182,1.9686192732103922,0.6215131743972525,0.07705021616161446,-0.7040885568384947,0.03465707513720039,-0.3076821858308694,-0.4568682283659013,-0.29057866588308057,-0.829545818194874,0.8127726987343943,-1.230137615464399,0.3923592062926144,-0.7683520164714615,0.57120059558743,1,1,0.998477585306913,0,1.0
732,0.9612837795779863,2.10840344830679,-1.177562603251736,1.0006316541301377,-1.349932625845636,1.4539698347631673,-1.3869838019848864,0.8337016927824015,1.3810793598821327,-0.8536395673465779,-0.4247051831236054,0.5411323669537836,-0.22844463069420287,-0.6028702286758897,-2.510523655523385,1.0925298280895954,0.6862241868723444,-0.6024188076807435,0.44442177235974256,-0.9156671867938078,-0.5045874279078979,-0.5994502814522585,0.30588191810465787,0.29681139510763627,0.14995141978609716,-0.4698126664387858,1.0668780287454123,0.8452234878481197,0.24645457261575504,-0.4645445114754565,-1.2341079711680278,-0.19532147437665606,-1.1725606093775884,0.8169879964974744,0.47616254945821135,-0.08766379634542319,-0.174484673251597,-0.9074393604305919,-0.8478350746803175,0.6838237026441072,-0.1798595942925509,0.5487126069740926,0.11561040762649084,-0.5982261838330182,-0.4410162719323642,-0.917090029567025,-1.4515965529662378,-0.7400274071771017,1,1,0.596130666917943,0,1.0
733,-0.2659553806766809,-1.5267414834485047,0.05371476684995422,1.6263605885537973,-0.20111403555874888,2.2427578151483014,0.6759025666810983,-0.16942672941658518,1.8441359194175644,-0.8433313598258949,-0.6328118343403637,-0.27218812991105773,-1.0169699393588725,-2.106094150904215,-1.7172641283735222,0.9758913863378562,0.3954493963393015,0.2792934121579158,-0.9190698857950979,-0.32856947856242946,-0.2468916307550323,0.4157617964833063,-0.21720394649281916,-0.6582285925122726,0.24746036624910553,0.4013947363219704,-0.31849925602088586,-0.318654468470787,-0.2374240554319459,-0.6787452726689402,1.0181002498489347,1.259735983926011,0.019202078239445343,-1.4692542040001961,-0.8707561811661056,1.1179871802960268,-0.08886184361223827,0.00643932889542954,0.4423317572105495,-0.5427923173032948,-0.3417306931846888,0.8370586083312098,0.9025068541300706,-0.1769561213223911,1.7444377225000005,1.2139022507861403,0.20667018882685878,-0.9214415383475122,0,0,0.5395919055147974,0,1.0
734,2.361207224070409,0.9911665606839332,0.7630917678949565,-0.0836849225128679,0.4313394750913967,-1.497406214529309,0.6131065499846152,-0.46106090337226757,-0.6146179725906329,0.5308296557756815,1.1260174639376725,0.6546711722254229,0.5516975663725151,-0.6900253329399092,1.6372995694553962,-0.3824320539010198,-0.5997320753199892,0.2615728710688221,1.3125406618738638,-1.051776414495143,0.9401553810484111,1.2282922979382336,0.07422582128794038,-0.8846981629837563,0.68101590747522,-1.0664465298599688,-0.5384639000990517,-0.33063157748835087,-0.486057637910702,0.9488831731293123,1.713263564967491,-0.2688981068502152,1.5362511990177867,-1.7086583701682552,-1.2761480849058713,-0.1491243188635936,-0.5729118256050961,0.013000222933043114,-0.45822926047686324,-0.6500088325140726,1.5252123922349605,-0.16915600902856506,1.790498794929142,0.5447864850180447,0.17287343981093634,-0.3132211864264737,0.40187329359383656,0.4652931756672185,1,1,0.940362414058471,0,1.0
735,0.8665840953932742,-1.6886433726307695,-0.4899572200866287,-2.186456047519122,-1.1942050278055232,-0.6567459834032364,-0.08989845368282483,0.24475864805801043,-0.04423797665285802,0.37216179941857386,-0.34593645890187313,0.0768398939806134,1.4809874980597626,-0.4113150974628085,0.66389027362782,1.5206342824604497,-1.5201363116578546,-0.5199208068477635,0.47675987120773444,-0.028023003381065583,0.39488191304546116,-0.9842151090437239,0.9953991809523223,1.5526144837571674,0.017159991441696037,1.0673903217061091,0.676477389554333,0.7104318733732117,-0.10212390455383617,-0.8353686623029122,0.6487507159805308,-0.9917879290479177,-0.3188771154446506,0.37021658335195173,-0.6949477214050098,-0.2185145840577011,0.04523985083390521,0.3216836861530627,0.6099601073808817,0.6060392368230626,1.0753439799003954,0.7230721560937925,0.33107340610036323,0.268053129803016,-0.24996980064422233,-0.5248577983473667,1.3454623739113365,0.12016176469693533,1,1,0.5666451250144672,0,1.0
736,-3.652301169530755,1.4456860732517098,-1.6731797429428314,0.904354110743329,1.0413047429807802,-0.5885972056896075,-0.2487192314100076,1.116913259652448,-0.5976791047659246,2.0583841331763177,0.7542181110009692,1.7929617140179936,0.39280757325404436,2.1593685457988587,-0.48217655752416494,0.9537155937988014,0.5481779048524207,-1.4798720029859271,0.4463557197092533,0.7181282635269552,-0.0054277484746986454,0.4010302617668346,-0.752019479486583,0.8896995767976813,0.48852565669349246,0.5122690046393819,-0.7378936613587952,-0.15776928886296046,-0.244865842423115,-0.09461511306588104,0.3805824672313225,0.43402186167354234,-0.3142475485597672,0.47353412138378814,-0.060054960796224056,-0.27009798620454095,0.7269720727245135,-2.168940583245808,0.17959132702833644,-0.07327910709617559,0.29807760985783716,1.9710513159203435,0.48979079058171326,-0.08537116941190528,0.6766867300271072,0.13120391905441103,-0.48062560052309033,0.5612524355917139,0,0,0.9034378208835256,0,1.0
737,4.112460356074341,-2.2824222793138538,0.45057838867935174,-1.0498561286493404,0.4323291498869424,-0.08140546560940844,-1.6044319697019747,-2.1020708906936143,-0.23952201826258343,-0.11091401560298657,-0.4279075739572468,1.3734752688837373,0.25061284185815846,-0.9904444151524214,-0.8939901651170681,-0.43361731504986556,0.014823271281752438,-1.7619753742166644,0.3322410513290922,0.1442061084538706,-0.2618308378083245,-1.4391201178664044,-1.2144620801076693,-0.05849378654903519,0.1824446090334914,0.004237167326007336,-1.3041765369542435,-0.5724457822558358,0.9538327771774704,0.02654084557242754,-1.1175325447660978,0.6008300391708894,0.8502035213488826,-0.1685813109784666,-0.6729194688319114,1.2173773283223455,1.3016582680606303,-1.051342216381095,-0.7857757017859418,0.08468346514382266,1.5801083082416347,-0.7895475558234932,0.502923490745448,0.2832747372798619,0.27520431140864166,-0.34590160370024087,-0.8320307562805285,-1.1697665945254208,1,1,0.8766363417597753,0,1.0
738,4.753583919715753,2.0481200688772487,-0.9048002264974703,-0.7640364923682812,0.9885333710411195,1.3318482833766634,0.084933781605855,-0.056099636334671237,-0.5024171777942938,0.8046459145230556,0.0538350621557781,0.43851827698647267,0.43606964506097146,-0.12496282759020408,1.328296571366445,-0.66063722206355,0.4398555858266566,0.21869619238546276,0.13278179278237656,-0.808055707208331,0.22570256251361367,0.26847055974895057,0.9132553000452156,-0.1154787218319297,-0.47172013422074915,0.05966860222394545,-1.1944443372500715,-0.14847350010838004,1.1206579227819744,-0.5130704625977217,-0.14248737652855262,-0.4462616878348107,0.15546750028736672,0.5514787676015254,-0.18025513915172672,-1.1697158283085018,-0.9213047143707778,0.9011453942025128,0.5627662991739321,-1.461517580934178,0.19726584496225075,0.4812457544752282,0.16536460885194704,-0.8007583541539947,0.2653368341730011,-0.340279465165429,1.1041568969838116,-0.8044710273336562,1,1,0.9125007441877409,0,1.0
739,-4.422307726664047,0.1873789984499138,-1.3002829745763644,-1.5360008264221536,0.09345232121551245,-0.8273328717817583,0.366607697600117,0.46404798143861936,-0.7769698888913463,-0.0855206422803733,0.013632346884341884,0.4932423796245517,-1.3119695680126109,-0.516974862317344,0.18805832915009396,1.1364720212369055,1.053646806205829,-0.6157948585211335,-0.20224560085636098,1.0697399619402206,-0.8195049149004021,2.0018787971192076,-1.822406868522972,-0.23014729239217505,-0.47233924936390137,-0.06161460737696343,-0.8217691500254474,0.705824532083816,-0.2958737573308437,0.8321005147836394,-0.12721523215789457,-0.43528916053888445,0.48742977484391853,1.1251250527268688,0.377611847834113,0.3186791450818337,-1.0957316737454785,-0.5062056045371924,0.9424302054133848,-0.11307915103703334,-0.3778766055721231,0.3094388886857526,0.3324860146767737,0.9126752752274049,0.3168317182813399,-0.10047927085928939,0.023847350695065484,-0.8903230902856688,0,0,0.9312141101162582,0,1.0
740,2.3274540457915567,-1.3060469572121107,0.7704989593407022,0.3580910480334715,0.40056059682982703,-1.488041941325518,1.501015024028559,-0.5381628941810948,-0.4674747586433504,1.7827506442865555,-0.2206565958782641,-1.1376796938064184,-0.08473922885527678,-0.36722446073570264,-0.20027332452044835,0.1661060842728884,-1.1587188334259926,-0.19554644989676492,-1.1853167207042,1.1068304129547644,0.791178906888668,0.22527518182878928,1.0214894050288919,1.5370993732917038,1.8017418643645529,0.14240063353487908,-0.3155784487793081,-0.7361841000536128,-1.0053839286956936,0.6121686209945127,-0.5981046383389285,-0.39596342691880204,-0.13638683232861512,0.17690309191579084,0.38176970021971485,1.1267390351444382,-0.7485997385487425,-0.8575706559312795,-1.5946168788576676,-0.041588876975055415,1.3578422960887255,-0.1496955232327386,-0.46811831420917577,-0.5076410427870072,0.768398934674551,-0.6212754804771405,0.960798761848187,0.7193806616357259,1,1,0.7417120371521727,0,1.0
741,4.183101707673598,-1.2446108351639573,-1.363412145607832,0.24162454888488705,-2.1567306619498607,0.487173307591447,1.4007200922478633,0.019927979062839687,-1.4993811042226042,-1.233379324935133,-0.00950505260471418,-0.7777997188154046,-1.375852584507456,0.08009306712570073,2.354245960131018,0.8076725912585355,0.03680426486521601,0.4267339700167245,-1.1761187842805634,-0.9044376282946887,0.15112666369272856,1.639413900775969,0.36690452923322425,-1.222197390940668,0.37978223374026876,1.488922226356378,-1.755319571070154,-1.3003763478599328,0.14453535789999722,0.10333321834589,0.4165962095131192,0.25420162067074636,1.715884442132276,-0.32830326058807097,-0.6437022313594399,0.49521058400963147,-0.19320180931285658,0.20944437446940872,0.38058061616811995,0.9225997982067935,0.04370290875252138,1.3086579937722795,0.22340969665482377,-0.13306496370012436,-0.08177312666672142,-0.11546613818598997,-0.31837907999061366,0.5228949551511628,1,1,0.9744018766190158,0,1.0
742,2.8504398155347266,0.519841786485624,0.3989401763628385,1.2721172886800116,-1.3690811960657274,-0.18147681316688288,0.5109283847807635,-1.1432785159718084,0.855974155798064,0.35957552674920334,1.110186302639799,-0.5149735736682319,1.0615489574291337,0.23619003773018923,-0.03987002413788174,-0.2746103121458982,0.06216427761438892,0.9129964694823038,1.0008534670904994,-1.2317998680292954,-1.7007862513504117,-1.4117436243003394,-1.9761848502616772,1.10333708059086,-1.0432440684725228,0.15943156037748363,0.9744459179095701,0.5364716315209422,-0.4692368918680319,0.7220175790558112,-0.6827980663814932,-0.09104926697490805,-0.6817266356782866,1.323178197699235,0.44462633990131784,-0.6020332785742425,0.29432107598882923,-0.0024768767541151933,-0.03528276718906757,-0.008857313434541929,-1.2161326496860356,0.16939934567231332,0.3201499150223026,-0.21816186177103503,-0.8799665147177603,-0.07792935441402883,-0.6605271034689485,-0.27810031069063734,1,1,0.9288894303816138,0,1.0
743,1.6516453040287198,1.3775632683397692,-1.4604243640149472,-1.0220086399625243,-0.2194447438203522,-2.564920684585254,0.7885417005332993,1.1326758486248472,-2.1555955444036643,-0.48228296434341283,1.5942046186335348,0.15316925943307275,1.1290358160470613,-2.142329200527011,-0.8261568141667739,-2.5094056826748417,-0.055695663604246264,-0.034796682786562214,0.9226027830563118,-0.4246302768118978,-0.8924476429250628,0.9957411017580629,-1.66800545097702,-0.7649812169902539,-0.17689334980396096,0.5432351522752563,0.353112978871502,0.5368961654000615,0.9176603607476091,0.8384059402730623,0.2525517148276291,0.858754368615234,0.2593648151364413,0.31260681169912957,-0.12941255743616395,-0.957205802601864,0.894053958819531,-1.579848408855584,-0.30962283673481306,0.1042525898905586,-0.3297696100753082,-0.6094424221977432,0.7161089945605046,0.04651753305588116,0.7462127184306387,-1.106867079347513,-0.4455877096225733,0.9635595449774979,1,1,0.916816872063422,0,1.0
744,-2.6161740492090693,0.645534153511329,-0.5978607530314749,1.5168390420021918,0.8471476515197365,-1.2874198024411887,0.07593805094835646,0.02785796203272248,-0.0010123837508838772,-0.10680023842241729,-0.7488546653349291,0.3125611204465129,-0.7731522318274013,-1.232728201239753,-0.6705600095717922,0.7653688802944543,0.675763888401916,-0.4074578948357157,0.9628110109197545,-1.3037951082668264,0.40701885598545545,-2.288206826369492,0.03012449176828605,0.5599591903957659,1.853433605799612,0.5886889600643516,-1.3091259812102591,-0.14820205851369744,0.4103054511416234,-1.2462486915176407,-1.4342820724740986,1.1977626617876933,-0.755273508805448,0.5594347931612449,-0.0678809830856184,0.6595740838162937,-0.28568613229252077,-0.26659385779024947,0.8986818552861205,0.6584519397892735,0.006280547163262508,0.48202504360946796,0.5161823432726533,0.6601578902547531,-1.8386684443595902,-0.2676320175042861,-0.2997777975040459,-0.8262896342850727,0,0,0.7196960324176394,0,1.0
745,-1.0580751000823223,1.0536238970759353,-2.4536524598797524,0.36356538374563246,0.554694795035131,0.3456714601522896,2.177761691202551,1.4810200868833268,-2.226028131299123,1.0397510412039646,1.5313968832685803,-0.019104117163867895,-0.605636421397897,-0.2419330009852096,-0.45636775485722075,-0.5287987318289666,-1.581942236235511,-0.15638538549238126,-0.023092550445385517,1.9226846478188733,-0.47240276127713493,0.21150708177299934,-0.6091691964197117,0.21595120654476502,-0.5727250659404701,0.5897268068779093,-0.5657865190032241,1.198588679195885,0.1871487273157509,-0.06713962972826545,-0.47080355944566366,0.22077431369032516,0.9475210831599172,0.6932786005342754,-0.31916574285561655,-0.3432216271919263,-0.8642117573761735,2.344943957098544,0.8701293543384362,0.20610614972405883,-0.40962963365496596,0.20174674614196741,-0.22632731313665586,-0.003813420394584861,-0.3896744357417402,0.810750473066892,0.13490042627196355,1.7822414544323053,0,0,0.6503817011093654,0,1.0
746,-2.4964474340186156,-0.9485139382178689,0.07484605694533832,-0.32720492319616723,-0.1695107052817771,-0.31487862525179167,-1.6096419515521925,-0.17299547064828177,0.0641615255196856,1.6516352656424516,-0.2648229116783412,-0.019684983447049144,-0.2571380424661495,-0.9512088808455021,-1.1125454841255262,1.4662896969109298,0.04991605490036347,-0.10433418994438369,0.6234921093823378,-0.6746644030616101,0.3541856118491179,1.2983504145927627,0.21095809454303543,0.013849293194649906,0.4087864253312149,0.8687043291119403,-1.2110052466528196,1.660061282105097,-0.04931667329113813,0.14823226174881504,1.8907113310912327,0.24682641350174195,-1.0248614056385155,-0.7750701184571325,0.564589483840043,0.923903649403612,-0.1510590666852982,0.5782710390639249,-0.20595791494928942,0.6337850435693118,-1.0050438842194642,0.03923145916157016,-0.23420172619895196,0.4876842013243444,0.2689305218233125,0.18480296737451024,0.3894237041712128,0.7063813414077402,0,0,0.797206058666504,0,1.0
747,-0.7398610627653203,-0.10910822177425586,-0.009857666554493416,-0.520336625861788,1.300510307504461,-0.6476410984386765,-0.08336839087376878,0.8825023861101817,1.2183475643000956,-0.09474185032711697,0.24816511768573066,0.8059153680449866,0.6816989224587728,-0.6545928375061945,-1.1499093798469457,0.3896482088251818,0.6622921347824299,1.4140586177854233,-1.233356346631877,-1.104478348861635,0.5721551427462402,0.9986090820469065,1.9507423477816548,-0.5153711579687194,-0.5291201465540749,0.5710213525096458,0.3450343502823749,-0.412898967697789,0.4840575545385276,0.7386382750851702,0.9323745581051095,0.7765904949296402,0.9313030496791632,-0.3342519205977628,-0.4506663832595322,-1.5331096421666257,-0.043674131814775294,-0.41921781001362113,-0.03511118979792503,-0.49185106821669133,-0.039058061939978204,1.6021861088003586,-0.6363003077022826,-1.584923706360635,0.12000158318855127,0.18010223714687745,0.3400428661181532,-0.23844341471030012,0,0,0.5026944899640391,0,1.0
748,6.4763433621821225,-1.4075395018702708,2.1695085580926645,1.1809443375526558,0.8843040528807047,-0.04932526859397762,0.1116746610790384,1.0237341651006553,-0.6153514029497527,-0.9953180357621075,0.8330855497365744,2.0934670870757115,1.6440687623353372,0.806289537982923,-0.47370764246022695,0.25184153309643975,1.119317093398467,-1.4130095322366456,0.04999710193006739,-1.3180017407524354,-0.03497735257278476,-0.4028426236775484,0.4382960221415445,-1.533432339527007,0.07386602101914781,1.620541300096921,-1.8358107025197712,0.8078676726306097,-0.7848493688237903,0.4636000444900995,0.7921673561712553,-0.5333541264114342,1.0796444324388121,-1.6523399063322288,0.11805614924935036,1.7765555363323886,-0.33282520783150044,0.17260800853741765,-0.09334847893756153,-1.6818208573070943,1.0186198325254614,0.6944081082843101,-1.8733400407254948,-1.150797161626013,-0.6602343330322228,-0.22565544992939998,-0.4700794764975902,0.2964177565019511,1,1,0.9948283335079744,0,1.0
749,-2.812008770333675,-1.8801635405328578,-1.2014857296640076,0.9587466894401397,-0.3414546239398974,2.058020821680128,-0.9686278138028921,1.0984009190418738,-1.9326374891727263,-1.277710403337683,0.0029450455761648293,1.5686457420471827,-0.43198427268862344,0.7207542036562876,0.5693685033078251,-1.0689692561289914,0.32555747145088315,-0.4188013939619223,-0.6370570774838443,-0.7315975260772299,-0.4903107562008382,0.13755906667158452,-0.32502104465360915,-0.5747184224003951,0.489663142375315,0.33196821390971293,-1.0981548095651423,0.8404998394187292,0.9016502660491759,-0.21802694997167923,1.0415582460026827,0.042796219217938546,-0.32261848336993604,0.2126203429545557,-0.06433313620456253,-0.32511372012525924,-0.2628382637540337,0.9344271047465508,0.1138986483909897,0.4157570493764003,1.570222273590473,0.3632280335704248,0.02666335890620368,-0.8786624585585048,-0.029450932043042215,0.5832175166299806,-0.32160653794519223,1.435527069365475,0,0,0.8239140045698539,0,1.0
750,1.6162609738163978,-0.17897237936202093,0.22992273553189882,0.9018418133136951,0.9732406670392503,1.078421400720835,-1.1379995723330387,-0.698881330142667,0.7230678621955748,1.1057750479864983,0.01785477523930658,-0.48882039632446705,2.050466571223202,0.884568519362807,1.1002712848153013,-0.6051761252328739,-0.04241029422698897,-1.1551355792602969,-0.21480763626738023,0.1898240584656085,0.41021491677496347,0.15396839143543836,0.18317707247680323,-0.6735196650628327,-1.0489352395766924,-0.48855118772024586,-0.6360567503392534,0.47585769990660576,-0.12277648954342259,1.4401564435869842,0.4423839135799919,-1.0112968817888486,1.2405837679051035,0.26590999363029966,0.43938928159085955,-1.4400158531651301,1.5494664266347877,-0.5510485685229535,0.05022522763862688,1.008859539986326,0.1812952869311146,0.20323004542010137,-0.6874964475731817,0.288194529581433,0.8446331824102088,0.3629743939787426,0.7443520838671851,0.8586374233622271,1,0,0.5572915293329876,0,1.0
751,-3.9020955493163845,0.4284961260691777,-0.5018126056271096,-0.8095269908411552,-1.1885426037120081,1.0275051905980317,-0.6925911451468311,0.6170095960172635,0.26505477946462447,0.43799756544527124,0.6986486727233913,0.4520764639057502,2.0376571069357983,-1.0659510737497766,-0.3518368334807751,0.10961212926907288,0.716436942397327,0.723702865299624,0.47923539525961184,0.017891477692070012,-1.2742905914898948,-0.2233387385098723,-1.0482925400829248,-0.7905300127703211,0.09632479406890891,0.125872487630965,0.3350412369723971,0.3189279242267169,0.7061501895535556,-0.05696842749338925,-0.3065154480462458,0.6788960712592546,0.62090782943329,0.05563986352064879,-0.4909482077170815,-1.170002240860858,0.41803451782407863,0.6267130653739964,1.4063335123077154,-0.5299075803079933,0.34166024972331516,0.42766711175216227,-0.33865669145899835,-0.3174630002850022,0.4159863190638507,0.8908715738662177,0.6742529723095589,-0.8171090426236062,0,0,0.9673156380547774,0,1.0
752,-0.5164559949417998,-0.8554265794640215,0.01744819148855267,1.2781404454615848,-2.959541803792418,-0.43822714886109937,0.6143408582668073,-0.6715059101210618,1.951274331706557,0.2918046177138021,-0.08264207135250183,0.7764976707181105,1.0370414186075227,-0.8991564484136486,-0.05060023117191135,0.18626301868823558,0.6519167695731848,-0.8780983865900238,0.2800178100140463,-1.287069623185148,0.8719945670377739,-0.23537703175542954,-1.2354504932785282,-0.09713330280735485,-0.6385978426670469,-0.4381839933136556,-0.7237098724205743,1.09388716771766,0.47770231956617776,-1.011757591540635,-0.37990205521825493,1.9435420202755627,1.3033126190428581,-1.0976877226169852,0.9962939216326966,0.02960207506215847,1.3776055779712548,-1.136323606174206,0.2920404584896985,-0.704000250294813,-1.1393263627387116,-0.17964115883432918,-0.36106739950472744,-0.4498617285316187,-0.4631909274284338,0.41500076872250496,-0.13021625400105213,-0.0925694572074433,0,0,0.816951106324207,0,1.0
753,-0.10242738553049627,-0.2786974650329023,1.889013736623187,1.1641704842565284,-0.3741643183799008,1.5470014647710921,0.20520558916592094,1.0972838473877917,0.9736487359717717,-1.911216467453952,0.9611666543870888,-1.1064999669862075,1.0059610480079237,1.2239300812121698,-0.3231457118486927,0.42115827220081553,0.11588708919593611,-1.577975085530975,0.8821750583874787,-1.1131523218882704,-0.37707404569519104,-0.04952588525593747,0.10029624683132818,-1.0433925338116061,0.15291621260676339,0.8972682608921675,0.41776911900393277,1.1660937336153099,-0.17121418573238936,-0.5035647576841368,1.2791004848171754,-1.2728712118042382,-0.2038807700947968,0.06963360119980475,-0.3136777380541392,0.5592379359483071,-0.2336822357313706,2.7630627238911636,-0.8703751860184804,0.7564839451185968,0.20864998041762542,0.4401200303894528,0.1624571768885528,1.0032534546983,-0.0865996957230638,1.1995863464021843,-0.4609612811033067,0.13422298282242784,0,0,0.6737828026471374,0,1.0
754,1.227920631119699,0.41231447795240067,0.6190883332716017,1.4187930524861614,0.3715391705593347,0.6693027545975109,0.9778441193489162,0.012580673048259371,1.7877134397198409,-0.8256550599401515,-0.8168399491155931,-1.568261391563682,0.8488265830297973,-0.24612943779124255,-0.9437898458133537,-1.2596443092535563,-0.5389134353909917,-0.22981042137109306,0.717836792880972,1.8510347938529366,-0.5937150233449039,0.56694873943331,1.3484651877624731,-0.17086656431706224,-0.48305348431126693,0.12566428441514094,-0.8655026628084209,1.481657586535551,-0.03910311418699584,-0.6426923111278358,-0.2825915274012286,-1.1193634314412881,-0.2209845215647201,-1.4707139263357851,-1.0175048921036587,-0.7220531281843371,-1.163697720699401,-1.5998611120359607,0.10992866643066468,-0.3796522383723847,0.46351105656247266,-0.03987737648052089,0.2399487996140245,-0.25089654505850867,0.8366509590688189,-0.2567284206421877,0.28180141442230894,0.42268150902056406,1,1,0.6356198421593355,0,1.0
755,-2.864134740948574,2.4863961834242305,-0.7152703711960638,-0.27016364096195267,-0.040146326392592274,0.9778685315677244,0.019804980529736924,1.1608985811761148,-0.38509251533684913,-0.24990151654090328,-0.6456160534814013,1.175395414188943,0.19582033627814174,0.9839744788984147,0.8903153839523735,-0.05698290155879414,-0.6529632694870843,0.48367051379487114,-0.09433199311887358,-0.25742479044103017,-0.5402903249868437,0.05502563012134463,0.37353506431118955,1.3662535916166323,-0.39021750562719765,-0.048171365350560845,1.000255792597046,-0.4738638025748111,-0.6734731089874673,-0.1105866429803288,0.36999648229350046,-0.18409647793061712,-0.7139257566501216,-0.051338637972051196,-0.8946646883522235,-0.4535451703949045,0.29272627008543545,0.7629237681260432,0.5624549546729687,0.18721703156221858,0.12347439517008438,-0.012624185602138085,0.17869590602850616,0.31657026221855966,-0.6483876170901418,0.1445729351534334,-1.4047794811240548,0.011045921340973864,0,0,0.9010339825018672,0,1.0
756,2.534416581785821,-1.4889093584182163,0.57239335126836,-2.2658888872843086,0.27085770442992624,-0.8563470345034768,0.0730272532753153,-1.2449135643423999,-0.46400395071125494,0.8275301570160547,0.985094412812688,0.2149224032437951,-0.7374330594201006,0.8257178976524028,0.3428453305027108,-1.2159815305684945,-0.886773179452179,-1.4846406287525638,-0.4961311013231397,0.1740758614854174,0.2898816420687981,0.6255506130086476,-1.4305411476993741,-1.0307352889769825,-0.4683490869101429,-0.35435255134931354,-1.2088763179699316,-0.3943714257968804,-0.4761875679308548,1.2268572247441545,0.004025232764388616,-0.08932556285108653,0.24365740928336807,0.7127691511505616,-0.09320576887330428,-0.06073290618018378,-0.13289749164831918,-0.8426795387655192,-0.005951314653990899,0.08606870668071354,-0.08213521116137373,0.27218477959233767,0.29064878223773033,0.5987877963099406,-0.2969261508447826,-2.552053098343856,-0.43085704718587714,-0.5444557842169438,1,1,0.859823791342779,0,1.0
757,0.33498431795610906,-2.315877989706482,-1.4878504077410424,-2.553891761562636,1.073449818469003,-1.5885476536630723,-1.0490008041296481,-0.1721256886963843,-0.516787524326907,-0.44173673951748527,-0.5385752432190367,-0.890526665180804,-0.7042548020460522,-0.008383231124934446,0.035344517449546795,0.08567866158449047,0.8260902300176273,0.9023437496040819,-0.8352121132326451,1.1712644904340723,-1.4202821896171696,0.36445988812889496,0.6254419138889105,-0.8128389225221875,0.46367232275664527,0.1275964186092088,0.6663501454668691,0.8306884375352934,0.47614975580159336,-0.7921251029113381,-0.26202052376257223,0.45970203766847945,-1.3743374002480122,0.28644135042599067,0.7742490923897389,0.6071587926634296,-0.6870758154028236,0.15706825648699457,-0.17735226062685852,0.7857202143691525,0.4594750191932047,-0.6597411059887967,0.6504484298129052,0.5361601155795809,0.03732243058575896,-1.0546029142898283,1.1174337898564426,-0.06402873726598653,1,1,0.7226047467680595,0,1.0
758,0.46899115685609655,-2.0829557805482204,-1.7556105144010394,-0.5497958694705328,-0.12894285383761947,-1.3266562936335426,0.8624653346484673,0.597069419951024,1.0736262550688227,-1.3261434145200892,1.8454174093544173,1.965844981791379,-0.6792454558717058,-0.6897032391766434,-0.22640464410349057,0.24890556748508688,0.3875903150873244,-0.8395030968001774,0.016134496790700042,-0.5569179163584607,0.8836008985232519,-1.110968197803319,0.08059834020913277,0.42297694246737566,-0.11022258241644892,-0.9207209539060693,0.45987987863081725,-0.9290883992457456,0.6700036867403999,0.7429396920234695,-0.2246978421729814,-0.03577853041157877,-0.8402306877449812,-0.5610045910561274,-0.7508208981220013,0.34006949638426753,0.6820853392386677,-0.13138264758068433,1.4313843450592367,0.5778753952815844,-0.051719251432906725,-0.7246452996991709,0.7571354225961275,0.49606616500041883,0.6617896592920214,-1.3675278842460237,1.217171430913528,-0.6718196434396038,1,1,0.6431634127119952,0,1.0
759,-0.9993517253669453,0.9682583524051868,1.7509761156722332,1.1122657484299852,0.7037288816450549,-1.0379533178612415,-0.22873430889132737,0.4645356662233208,0.2750562439940923,0.2339416746515491,0.11569542204435908,-1.0593024418570451,0.35761578971301666,0.5727673809732791,0.5703608244745639,0.7398070437267277,0.26948117983435516,0.8627042293365231,0.6356090876507141,0.7723989454069596,-0.04790689174046722,-0.6512611463369716,0.9100043703531594,0.10297241381803478,1.5191867702887072,0.06901499186909689,0.02388136533864581,0.13868290432971372,-0.09025430934575468,-1.0947711135981826,-0.8968167012125559,1.138884541607007,-0.007387314476289897,1.6393588099059402,-0.880629756407667,1.0935723912182531,-0.4341701686974583,-1.7429309825554127,-1.233664369524731,0.4268761584574698,0.20197704098858904,2.260120837377781,-0.29631256583597637,0.03649289952465078,-0.21165081645558187,-0.9757124618419308,0.38485288494837927,-0.1996006440168046,0,0,0.718450678532676,0,1.0
760,-0.8505089596790479,-2.2203284513780353,-0.20046119649288752,-0.883105020802399,1.418224667675394,1.144423241236773,-0.634073880296481,0.6939283080707784,-1.070801040734859,0.7095646635069028,-0.7544637946470041,0.8129171125645357,-0.23327342151535474,-1.014244462239572,-0.2026845216051573,-0.004382315700453035,0.692731096072468,0.09148492981680945,-0.8596604526758258,-0.9317597248208612,0.03961149463414513,0.10413650085244106,-0.33740620216545597,-1.193881602498406,-0.5881627342631601,-1.3694098618363963,-1.059307778816735,-0.3141426786128598,-0.2943146641958471,1.6147637959626462,0.33944326395802277,0.49112471924255874,-0.8150975996826955,-0.31938513052851814,-0.19304915495634434,-0.027168969358263934,-1.1184628682808908,-0.8001065646138916,-0.40929414288415067,0.9628053407585694,-0.5516716390982558,-0.03367249848007315,-0.8907666742458678,0.7190014013555849,-0.46983975227313457,0.8902552448569939,0.23104126104921194,-0.5567780011869773,0,0,0.7863472460864316,0,1.0
761,0.031163222036018973,0.17028587682705223,-1.1566460477349425,0.09016139996895924,-1.028288356421658,0.20718188687336858,-1.822715900232272,0.5217693945520048,-0.12258697893310919,-1.4042644929821115,-0.6811962783693807,0.26731745450342287,1.4871312156653425,-0.9116407330781758,0.3472806274271757,-0.9392480244002059,0.30451331052221314,-0.5399964701750806,0.006381731452162632,-0.6190323826816589,1.6372623228607759,-0.6643156157182816,-0.7506064716280044,0.826131400882294,-0.7106822708049415,-0.7492235443106,0.17802931637678646,0.9343436465926233,0.13407541379453003,0.35150395621814834,-0.38424417448983145,1.3749746369997045,0.047679661175644976,-0.11033855558503039,-0.8354256782022206,0.9193520025361334,0.9699175724614565,-0.4704562913495569,0.2091370595901848,0.14623855992595405,-0.8659344736213149,-0.9665665809186806,-1.2968149224430534,0.9795657219944605,0.7960242786466545,-1.3805025161694322,-0.842240909793847,-1.0227733272554609,1,0,0.6677470776429384,0,1.0
762,1.9501846038077346,1.5517421977580677,0.5552860511393968,-0.46604472821320203,-0.41758824583209675,1.4069095627864872,0.5408857603198127,-1.194528263538012,-0.2290944007952116,-0.7417522181975753,0.27548602661057175,0.8713236146447533,0.051514233293822015,-0.0066455331001192205,0.7300953719195032,-0.7397372395089973,0.22926088996971059,1.860737178828187,-0.267657686173863,0.03385821500820882,1.6330211479421295,0.47033155909865226,-1.0443960740462972,0.09873004992538585,-1.2854967743089174,-0.9728319059134622,-0.20727794047290507,0.7457343749493045,-1.6212152748130597,1.2811174634947835,-0.09358686492593789,-0.5888315972941532,-1.0339788704099206,-0.338289727766343,0.1670774238019945,-0.27901257080167763,-0.6572684771655212,-0.9809248949902671,-0.312509580631236,0.37879455454871325,1.0072215181677027,0.11925518009033662,0.6938797452243722,0.703293214951499,0.025070075498067435,-0.0015374781513929833,-0.00963828815906734,-0.18936865543310735,1,1,0.6972694821951227,0,1.0
763,0.965470463070825,3.305674180853292,-0.8002335848034068,-0.9773256813638644,1.0073500878986597,-1.1303863671710561,0.3987874425726438,-0.7340803343092559,0.6155904195840181,0.06551796927002267,-0.1352983075284392,-0.6372493993976461,-0.5509183409961235,0.7980997140933529,0.10361169180176372,-0.34636389053392613,-0.6667769519329322,-0.9465542599076353,0.9466944626828583,0.08022807991843625,-0.4578982823866078,1.7019098033196243,-0.7557703012360111,-0.11896454531888875,-0.2983632918711741,0.11664048426178442,0.7369016090176254,-0.4037155146121604,0.4503400719054725,0.8324641733371486,0.20376841332194848,1.0077550434928548,-0.34285079756386944,1.2401170528148102,0.5904942491798406,2.607392046906118,0.5646359532010026,0.3189734029567146,-0.5602578949249721,-0.7122690719985522,0.3245565650267673,0.23874406734311449,-0.6309393817894801,1.0638893403081902,1.9561358097102595,-0.3403787366713952,-0.18264449064537724,0.19862447758844812,1,1,0.668976620446378,0,1.0
764,-9.922171687965541,-0.608475356499861,-2.2378276462956794,0.643506616436391,-0.5347423439023432,0.18564609214048677,-0.8077741914259948,0.014630915260918994,0.4553930432212744,-0.09953740364097137,-0.16938477713888056,-0.07312059684424421,-0.8409006824664108,-0.53316393755406,-1.3353927169867355,0.2607487111634089,0.17918761383279555,-1.7691215021716713,0.2850160159117892,-0.758907692874671,0.6767583630214243,0.6893727952896851,-0.33736150899377276,-0.3388331784758259,0.935859988987435,-0.8168183448537794,0.7893648169314686,-0.8133926593088462,-0.35768214801918413,1.9465128986385012,0.2992001324116824,-0.959078265948872,-0.6906538806482072,0.4093884784559879,0.3780214759488494,0.5715665170009784,0.25126711442241406,0.427800346829014,0.11856427882503036,-0.0803044831599092,0.7510429928764208,0.9887822647726345,-0.8426078868699679,0.39650945300732676,-0.17325736537501074,0.44755297866615756,0.6064504604002808,0.8096111302174788,0,0,0.9994442834201497,0,1.0
765,0.1618202546192663,-2.347167645972477,-0.5638910125187402,-0.515078871452636,0.5198233770350127,-0.8650267330112565,-1.0428188130858198,-0.14596803926728252,1.384286619183155,1.1228850700788642,1.1067718530114232,-0.70550800834244,1.5713195129184319,-0.8651134443340053,0.6191472343029256,1.2246873233290763,-1.9509081239121557,1.2233439643991049,0.4336818775250753,0.6776106915868481,0.344482637563269,0.07281702829830916,-0.32407188832109374,1.1638455001153978,1.007863622120539,0.6821430610807991,0.8025895247776583,-1.0650281328078586,0.2466976107571214,0.9403266826325917,-0.7052611179138751,0.7393940315621731,1.5025458444301758,0.6901595752752102,-0.9228293017489995,-0.7635067728046386,-0.18874817616443826,0.35746520677756216,-0.24746221710374744,-1.2779678799397742,-0.4428967598392358,0.8787477919847716,0.11436901145052839,0.47874765915122963,-0.13375904324228383,0.23829427855433363,0.19996670479979545,-0.4085113221988532,1,1,0.7389942362443847,0,1.0
766,0.3410949636930162,-1.8450514290292075,-0.37211327508837916,0.08967040974361909,0.09752458763059302,-0.5336355075021855,-1.163762414722986,-1.2290595728471985,0.4969767618465111,-0.13481536040732384,0.8457728900825651,0.38184316829845505,1.0020688504939699,-0.618242625828791,0.9040064851675939,0.07189392873019329,0.12332284180809366,1.298749712258478,-0.25136340448628647,-0.06273429023940456,-0.4540129655086523,-0.03768102285488902,-0.10967997425936057,-1.0191398951519473,0.5964404586964572,-1.424928844815906,1.2564247614160058,-0.21303612009715944,0.6314928629585543,-1.5540157406142283,0.020686505517139405,0.0035062086327037963,-1.6498858441941915,-0.5277607995773848,-1.0846360073931998,0.4847857534112814,0.9034038418438947,0.17242286023386919,0.033010588823742394,0.007094995339402255,-1.0995401587021731,0.3489607172353899,-0.12523720707723074,0.12637741424722956,-1.146635921482675,-0.17661238144054908,0.11576925377578492,0.9258989049102333,1,0,0.5333250344739778,0,1.0
767,-0.9703776013823725,-1.3407280983927237,-2.1390537809674206,-1.8167931689830004,-0.11133099658566206,-2.1890523853402897,0.04487235846312947,0.7565241827751267,0.030503295556634617,-0.45131645069551724,1.0121763533406831,-2.0247602650342853,-0.428122642558589,0.9133899453785296,-0.014426920946766045,-1.3066168315950046,-0.757877470908784,1.2464394107126355,0.26723849980393716,-0.23823197416838188,-0.21583238685303568,-0.9853567572427331,-0.18506248514127974,0.35480109298554346,-0.695103076741443,-0.35222738619308663,-0.5699260146524466,1.0690779830380157,1.0601675102700554,-0.15096153449078104,0.7592852636529491,0.3056786166246537,0.7390431311561266,0.7999392791820702,-0.6012216757214606,-0.8131694712943004,0.001002936466054937,0.2694641855325876,-0.03478710153556135,1.6371439216664077,-1.1285665158526628,-0.24990225568961144,0.010576032595361076,1.1992191059996602,-0.15897297429204071,-0.38345214025385865,0.16484204220921705,0.2281865611413481,0,1,0.7784949204998713,0,1.0
768,-0.8655857704373059,-1.1159183394204295,0.7640118414888859,0.1160408990033926,0.47772253570868534,0.6801412357576025,0.4606648530138132,-1.4093925252852906,0.37952306224366394,0.8364835947362735,-0.14702750982854135,1.439191818399951,-1.3592177823330192,0.1930951875438211,-1.7289355715227432,-0.44494582366145474,1.3939001081644775,0.4493295687736337,0.5323963520352208,-1.387688041334153,1.0613579478321113,-1.4171892968354494,0.3233258554666959,-0.9142260399421096,-0.19279713917900906,-1.7667819993749818,1.015183244614861,-0.9850950580046438,0.36170070036723534,-0.8034585116072357,-0.5214008323061912,0.14914303394385076,-1.084079519655727,0.5456464134908102,-2.157152328809735,-0.7151704638005216,-0.6396375346886642,-0.8150766166941855,-0.4487528789526744,-0.3224257775851183,-0.020909707073530275,0.8289652964551731,1.0109660141056158,-0.2858337262430542,0.7422445122773436,0.7809487221052439,0.2452984126340701,-0.4621675547932307,0,0,0.5308895050226121,0,1.0
769,0.6125986416986243,0.4543197428213848,-2.7303705599380463,0.9043781187187162,-0.752469260414265,-0.361836346476852,0.6564867544814397,2.350258478692588,0.6086108022338188,0.3641061959268344,-0.39753831909756604,0.15473802081853125,-0.9653448160515472,-0.531306162394845,0.8485487292874065,0.5189282394195504,-0.8070235915651783,0.9758080994121525,-0.48347153185440406,0.4289706042677676,-1.17426414181944,0.32250857829110663,0.38811680056400216,0.6219012230387366,0.1899626031464562,-0.2491576010136711,-0.21570609920040199,0.5121977664005087,-0.9739979552481015,-0.8191686504971479,-0.16872154890533497,-0.046088140849289194,-0.3743939202420763,-0.4360967213896848,-0.6639556103651946,-1.1969686915133788,-0.9918111802502452,-0.646840666900492,-0.6971395292078173,0.47810412013226006,-0.6695132818445442,0.1788534875418406,-0.289893414969949,0.3510630609908926,1.3341123361807488,-0.954626720290551,-0.5478855300340141,0.6309631181347447,1,1,0.6018932857478382,0,1.0
770,-0.9233848388425361,2.68706871877499,-0.6016766354212041,-0.5423334726382921,-0.434769976425408,0.17727226289510722,-1.6171172659648017,1.0277594382218063,0.5980544593538778,-0.15409365163543196,-1.723715635102994,0.12141931834258635,1.1431754785723067,-0.43365464800289594,-0.1256011849763446,-1.664539562323849,-0.6669195123620827,-1.3865729213196343,-0.5572014482997653,-1.4950044236409445,-0.09688117983286253,-0.2078176980196211,-0.3778243521411773,1.0517116540411322,-0.8154358391147842,-1.0559190678541852,1.4368196795676047,-0.31338900722214935,0.332028606157606,1.2408555052344419,0.5745168555144206,-0.8072083783401927,0.03841123462928188,-0.9898054732978765,0.13695767243801377,1.232323564033632,-0.2573896189362418,1.3344616459080374,1.0541605979528577,-0.20960186350532897,-0.09861822640920857,-0.5089706955757122,-0.6910671128681901,0.6926391436272686,-0.03634452166802206,-0.21446343930971956,-0.9248928659279919,0.28790255202674425,0,0,0.7433021132908552,0,1.0
771,-5.690222330673088,-1.455491156811611,-0.11007421294019755,0.3373644783063389,-1.9588792974200344,-0.38110908775244734,1.9598927781019277,-0.06888971552571511,-1.6140400626777023,0.15251494640334612,-1.1171345468196145,0.3653328807232284,-0.16083460435094432,0.15471692816867505,0.6804055620612554,-0.40997154740579556,-1.1684213404364274,-0.35113975825174504,-0.32655704028514154,-0.6489265460834687,1.248311239246149,1.4165824530618416,1.5331658776705568,0.8991138330399441,0.04980632684119124,0.28423250958423774,1.038693517339881,-0.4876504824483809,-0.3211667798417359,1.1662342245213955,-0.6161292537469302,0.06054114945774228,1.0563556732976984,0.7340038834466773,0.5232950287637435,-1.1524115774374988,-0.47896438762911686,0.3052056005278594,-0.7354824244619972,-0.7333894767942183,0.9176023202599768,-0.2501336195471878,0.22827005249207605,-0.3942411637612652,-0.4160198303152396,0.2558627109236074,0.9918397510949718,0.035430493678031534,0,0,0.9721396922802121,0,1.0
772,-0.5818526359251656,-1.8802661279521344,0.3261303342780706,0.20123822110344658,-0.528613560326708,-1.2359745663666613,1.0679120489527978,-0.2130681224611692,-0.3541336840254079,-0.37947011859200713,-0.6353553982357547,1.082824936656999,0.9071724780216022,-1.5409208237760597,-1.010933327347031,-0.7257777831851177,-1.0217375762414496,1.0345414498525765,-0.5188726339649691,-0.9500674964010534,0.13820045113639706,2.0455530024261894,-0.6126463349692002,-1.239695758060022,-0.15971549682740416,0.7736942331030456,-0.34347597754792675,0.635663935756251,-1.6050616204813204,0.010345608044053538,-0.8670405630435295,0.4363553809836609,-0.9927470045193987,-0.5061880702758076,-1.395591987073037,1.5680911236017607,-0.4812834008805928,0.8675203866750895,0.803743615258227,1.1149501317658332,-0.131013962354467,-0.6865890868695365,-0.975392115694501,1.1745256631773073,-0.3566405907353741,-1.5908251413304493,0.7407463929349688,0.4574430921328412,0,1,0.729133430667368,0,1.0
773,7.883380982429816,1.2968632197084395,-1.994019959134533,-0.6316640500515873,-0.27928068133962547,-2.392876518590156,-0.33188905402053875,0.7385804437403851,0.860841274860341,-0.02008168753111926,2.065825587276738,0.3144948328868632,0.1412494079048542,1.559765639479019,-0.7976981109871855,0.283161922845642,0.8248789488238285,0.6114824901018473,0.6167773359580255,0.5329197918667332,-1.4717923343995354,-1.0347651612616555,1.6038406301655894,0.7491072151477357,-0.7678703636091777,-0.12816760033163466,-0.07319473630386529,0.7482758869821377,1.1431111678544126,1.8159404466607323,1.0081838052854937,-0.7670620650341529,0.24301236066363613,-0.6772684704063126,-0.7094005579852751,-0.23665361684137262,-0.2635570883256851,0.8870220075975036,0.3740023875054329,-0.18940250475182796,-0.5862723531140707,-0.13796063132522665,-0.04467652570810528,-0.22026318371547762,0.25813454990845675,-1.4417190875746826,-0.8796507730219632,0.7955735457513039,1,1,0.9968166294812976,0,1.0
774,6.557653108161711,-1.9470444382825058,-0.2670464967825496,0.7762391068543212,1.0729043961068305,0.39326487972064594,-0.4016825772718745,-0.07894693369144995,-0.9555629561425095,-2.1289889855661825,1.823967992504222,1.6603477818024899,-0.5283440791355317,0.01852734693937798,2.3985340612166612,0.762005901245964,0.0088090836185233,0.7318545058013116,1.2866145959682307,-0.29855268518015377,-0.626361172045325,0.39685951546164877,-0.24569501381436862,-0.22242391004967713,-0.8207206030707619,0.9940807997637153,-0.19682952265763953,-0.40476444421690344,-1.0067477845291812,-0.2609143392291727,-1.932813848904336,1.2225416299833307,0.2655734348756977,0.0170476640769212,-0.052889955210386655,0.9773187107723466,0.17358845966531858,-1.784346660230774,-1.0185384466201184,-0.9746900077653526,-0.23877923412186783,0.18663068305477187,0.2133308289675784,0.34004571220971275,0.3184987330863911,-0.748697894946356,0.3952650930013821,-1.4214017295660717,1,1,0.9829596005733803,0,1.0
775,4.223476053221877,5.2453487175550455,-0.17097490674942944,-0.9031777661281857,0.14502278120755732,1.5391854216622238,-0.5333702403597345,0.6970291952638805,1.462252365758067,-0.21584035832155798,-0.2921320843710928,-1.823915646442374,-1.3374510955121806,0.35313000680527645,-1.2870761132313808,-1.4290974455289986,0.5192097062453008,-0.7098890065374973,0.5494017560615816,-0.10593269395636747,-1.810316248830334,-1.3475163404831667,-0.2333088169544009,0.1644974976989783,-0.41916750199186387,0.07466463224304083,-0.24772682395466955,-0.7169630814075703,0.12744092989636088,-0.23650049568042922,-0.12007514401176947,0.617112555907995,-0.21435386981500304,0.46882074227421755,1.5763501826309216,0.26657864493162925,0.24124746856083898,-0.40067078546222173,0.1097189376587331,-0.20465686512669734,0.658162253418187,1.0018980366459946,-0.21318458695911807,-0.43335855529169715,-0.2077200138015787,0.30976306865400866,-0.22451242378257802,0.20571430031538745,1,1,0.9853093591613405,0,1.0
776,-3.7847490623070192,2.312237873419865,-1.2381185371612013,0.5331696374981121,0.41839067067157987,-0.8690367992314509,-0.9377101925715049,-0.3398985661982692,-0.05450611929825652,-0.29952767102642175,0.05975131388385714,-1.8652649931560399,-0.07685667438617617,1.1116870538045134,-0.39245465297769266,-0.5344983191029667,0.8655591253302055,0.1160930600394938,-0.3582052199376999,0.7582431632539456,-0.14090571660679596,0.9172719117179738,-0.35504188686973104,1.219785858722184,-1.119205416579694,-0.07591976001748353,-0.01191490540391941,-0.7736493448174204,0.8789722856487435,-1.4424326643066974,1.5210841937608428,0.006562845026449716,-0.6886637502358456,-0.5128331588146282,0.1595167984717463,0.9539260764701802,-1.034713490736586,-0.9169625228105621,-1.5881225661501541,0.8406667962970511,0.17352172957309672,0.5521153525974684,0.831360809897038,-0.5597814409763289,1.8771509932135837,-0.7938171066349953,-0.818694186221378,0.268609964855188,0,0,0.8924675739318242,0,1.0
777,-2.9157020080949057,1.648783292455344,1.5064055426231417,-0.38464765272831325,0.5493133723903585,1.1539541574645866,0.5241637516145555,0.3263394979185468,0.6517337531056109,0.684482495017584,-0.15329533116851843,0.27893172505057856,1.9259589688412997,-0.5130150884362348,0.24776773716305384,1.3476787493346958,-0.17427371519486307,0.23443130495033304,1.9919619205866868,0.7673232008805084,-1.043596090921624,0.5425811199257682,0.13595406223872175,0.25157863473529796,-0.19625572415675924,-0.5906839237644218,1.7191838640104822,-0.5380871407874375,1.0208068349198787,0.12974988133388388,1.441439668687907,0.7141699447846623,-0.42132619790618897,-1.5185981523969136,0.2026970819289925,-0.5735375159065044,-0.9745689162815031,-0.8565216908631836,0.38092343851386445,-0.10203568178499076,-0.8628759412440447,-0.112076050887875,0.2399794847155852,0.7178642477535163,-0.8499115783590954,0.4348979399346364,1.2616739004907394,-0.7194933332224964,0,0,0.8562639275226411,0,1.0
778,6.7877364854383675,-0.09724613058209164,1.8374844138510875,-1.3665914354512478,2.1624118815947275,0.08982581292000928,2.928715691257456,-0.5519517451374827,0.1605985389049211,0.6944614531097856,-1.6047134752352774,0.44675825265821173,1.1566792514422954,0.6961400418198884,0.3181467950172326,2.390183425845363,-1.0964894589490912,-0.13605451107868352,0.7274512300659769,-1.535527552629892,0.9402144997026817,-0.4856312935444093,-0.15053699776591095,-0.5678391532507772,-0.07772079547338155,1.1923620077013721,-1.0759524373678515,-0.34457180319435743,0.16108592912961678,0.0007243277180222888,-0.487884004697614,0.019817985901213843,-0.1647569560275866,0.4673219440901941,0.8672021535777228,0.21204926303786076,0.2513103431790421,-0.4867028575958458,1.3517222116621712,-0.15145389213547836,0.43637716340373933,-0.7536373261624959,0.07579940018442269,-0.10082003710878233,1.0023681425438362,0.802412261819757,0.010103286819693216,0.9134018451655891,1,1,0.9903577528685198,0,1.0
779,-0.03131811463800977,-2.512665554952401,-2.405933222676141,-1.1952641398250068,-1.2563017466842485,-1.3690665351872693,-0.38058911019941866,1.7851058301523923,0.48007246536461096,1.7138281172731369,0.1515514307115072,-0.7748790773389718,-0.1721276305769906,-0.12726143318853916,1.0719480123158958,-0.13692167829620078,0.19194845997422796,-0.5408157754269199,-1.1028499966455396,1.4213641683533638,1.3498936288505474,0.17694261027688324,0.20578616577930842,0.9568570042945715,0.9009808162707432,2.182194218230903,0.603972047669352,-0.46177602839828513,0.06385525904125552,0.39735592405742237,-0.48568425854307345,0.5424658572794526,0.6412379238866494,-1.5159549016355198,0.6160974848788953,-0.24152942396222296,0.8151889694548871,-1.4871942768642052,0.2627960997388526,0.14786332200963992,-0.613326077092872,-1.8933562437046654,-0.9520666003099761,1.3657726333770095,0.5139242760739272,-0.3481919414230659,0.367663435869523,0.5089759250643755,1,1,0.5746565495439326,0,1.0
780,-5.108938796429825,0.8884030309935916,0.6689905826497987,-0.3612595012677367,-0.05815246604674147,-1.7306069614644282,-0.9183525213243198,-0.18365649652870322,-1.703841666610474,1.215595238083246,0.2338750791559319,0.6302968453115723,0.19102081141897567,0.5456261301159845,-0.8240393207277311,0.40753460554574195,1.3204935230005483,0.5594302374318533,-1.8013141976393654,-0.39723374148626944,1.3588887351086325,-0.5499585498248994,-1.5355502264616905,0.5663926006660855,0.36320740385408484,0.34616291640038416,0.9447548847452993,0.2640041829171378,-0.09273647037938464,-0.6282918364932032,0.6636989224708708,0.14213708658046803,-1.0928740119598719,-0.29494757755091777,-0.7199502433883352,0.01411300094584265,-0.4255362908069426,-0.8761744408111252,1.8952591405734793,-1.014495307068268,-0.4760925520027241,-0.6879599776353338,0.36270782658262746,-0.5560587089571126,-1.211742282402155,-1.0723996958370958,-0.6008863731785483,0.7294612781967961,0,0,0.9379065889967471,0,1.0
781,3.3332694200025217,1.334089728903454,0.8254182080561635,0.03259133003482123,-2.52951888947334,0.49570907065356756,-0.02768079221175794,-1.3778593019587726,-0.07684485067639359,-0.6140794098354958,-0.2895575537338603,-1.0506792922325157,1.4238245069352724,-0.6112088928567668,0.21253210249361032,2.514017939069511,-0.23397003228043717,-0.5868918620322333,0.44447747971032103,-0.5832908491754805,0.4707232742513084,-1.0565678322022818,-0.42161287796842617,-0.05015441709723973,-0.4858085196098745,0.406308052977653,-0.286423055751313,1.2239465668998244,0.8724639930310818,1.4638057955405752,-0.7924623455375108,-2.1530651327996795,0.46271167600374513,-0.43973939144281604,-0.31966952917795155,-1.133225124186804,1.0791762361575041,0.07557668237961253,0.4048235975023906,-0.008896671913014914,-1.24943906445509,-0.9506305780155956,1.3204652780407333,0.8864928474924021,0.07687572376172556,0.27485443593379555,0.5393257165957713,-0.6165505136195318,1,1,0.7119178919565687,0,1.0
782,2.887791018093201,1.3923234004117655,-0.4173644973864568,0.5062409923847021,-1.0653435849037796,0.39026298685806105,0.6097659309711564,-0.3035156830837716,-0.8745820085865785,1.1683626840884915,0.7379933571035673,0.5368084207265026,-0.0703490486746795,-0.053710719189876105,0.7478365274560341,-0.06581261018419313,-0.4426574957227987,-0.6311811550577521,-1.1189298253351605,0.3296829957137066,-0.9942262702178353,-1.4861365149964714,-0.05395298967741801,-0.5618500745902778,0.26076680439883043,0.11237416987121794,0.44237537207519173,0.5319736366850383,-0.12200056365712629,-0.13082173529478275,-0.535444777187852,-0.3323892103589825,-0.1490101739900631,-1.221767881765936,-0.8252908052396543,0.3028465299764037,-0.8428869847365551,0.7104247905535946,0.17207821491283684,-0.4268617055909394,-0.862402215926609,0.38768991819253207,0.4468489040069563,-0.7757983020317485,-0.8709039398657368,-0.47874823135060207,0.9350721714846746,-0.5580924808409637,1,1,0.8661347662462743,0,1.0
783,-2.0473145873487533,0.23012341624196606,1.7735951927378797,-0.8024396396279171,-0.32846100263275607,1.2470770690401405,-1.7140912201229563,-0.3172154382557814,-0.04945212796052726,0.21177057447085662,0.16689365454358057,-1.07198050674976,1.0897506569149389,-0.8298997638454106,1.0648094661084466,-0.013816308993185058,1.0606160144755783,1.5784591116900424,1.1424483470637934,0.9368460807896676,0.8520454116337145,-0.5737529424192297,-1.2232251382969737,-0.9272181672218452,0.41624791510034714,0.7348861610777367,0.10072932628216458,-0.7044074693323588,0.7002602084446007,0.3813081841702813,-0.983219340250163,-0.4864305171375256,0.20709481247233505,-0.8878283599871358,0.6531301309994798,-0.5579665649703416,-1.3739494856878576,-0.2581987860313163,0.027568278908603323,-0.5715506907803954,-0.25354067118384566,-1.065479405447856,-0.009999558878737632,-1.346851088226737,-0.2009179972810809,-0.5233793244239267,0.4705596507735398,0.8899241804080311,0,0,0.7449474800644063,0,1.0
784,7.474696611501063,-2.943875675709136,1.4794615310263892,0.49707993898258396,-0.39663518938239334,1.2710724804346751,-0.4150154964886855,-0.6033907221974668,-0.9855628218839515,-0.5541285952815582,-0.5027990855995439,0.6469626000223324,0.30505569823584755,-0.3535286011479844,-0.6935989593133102,-0.7569081464413492,0.0625892462143528,0.5305233650795445,-1.5018856676041772,-0.1488214687750032,0.7802243083434761,-0.3476903627299859,-0.6379309879738253,-0.305473163458655,-0.18279714946980552,-0.6249101665993434,-1.1976336322002985,-0.48996445252428383,0.14620105202313696,0.06901120804574248,-0.17288194793961395,0.9462048415996819,0.455355887890749,0.6214652500393594,1.0447323813617266,0.9018605711883997,0.09156021597681868,0.5430395664218198,1.1489296111270288,0.12209563589479193,0.860666571390717,-0.7581280880946144,0.23248622555611553,0.6884411636529916,-0.7834509436262235,0.9817650455332969,-0.6080726450034986,-0.0693260551389866,1,1,0.9868477499081547,0,1.0
785,2.742157676411748,-2.4697528627056817,-0.9679729330801192,-0.8698229074862891,-0.7808203007882606,-1.013942564664116,-0.9177916427765435,0.9969092653639386,0.6494664932339211,1.6663124087975059,-0.10194172864257438,-0.9195290971915493,-0.521162191888796,-0.46551098577918126,-0.9144102899301376,-0.5458176386918228,1.132207812198416,0.483743864806411,1.812059778216295,0.9100263021754439,-0.5651586482629859,-0.18118618763502967,0.0726148150007874,-0.06397332623905211,-1.0842393475556535,0.5242466263948192,-0.43464476111825806,1.0700475307423223,0.01602663926267387,-0.010059737790289023,-0.05996001917739414,0.9463733512300564,-0.15902872303824456,0.8462556644919662,-0.820044186246522,0.08616524996862374,-0.26876628762020294,-0.47476282840993894,1.4866104281839525,0.49185754061231274,1.3414763174250501,-1.0004782051479673,0.3314930795365908,-1.287538964445062,0.3600888979524937,-0.8930163619934636,-0.18054935479770326,0.09937006606681045,1,1,0.8769756241481608,0,1.0
786,1.9596554953050804,-0.2170219278853288,-1.580608688537919,-1.0370351614655822,1.3223638445675294,0.8670605335651703,0.07198310617261601,0.04291191970201532,-1.5107878454497077,0.7617989012766033,0.5675176117425,-0.22651540015232985,-0.7695773015516421,0.11757843215007388,0.10207335751471651,0.9816364457180752,-0.4337717955367876,1.8393887544618537,-0.5601247513601223,-1.0674193891942092,0.8099710913594622,0.5760604088185227,-1.0288355646343281,-0.6400064698542925,-0.7047913107736751,0.4582552242351197,0.058126171645920495,-0.5073233878945125,-1.497761674944679,0.3725429119785895,-0.043677806416246294,0.48486404930837035,-1.9435878980481585,0.5360222384662883,0.02195230119278078,0.29835943565028317,-1.4012769874946676,-1.058298589216234,1.9101692824387204,0.1310137866164085,-2.39150664387653,-0.5301465704919808,0.7833369011021892,-0.8104312170873968,0.8016981150394306,0.2460139792972651,-0.47247050412671654,0.7892366618606208,1,1,0.8384763721433267,0,1.0
787,4.881843903299226,-0.007747439581564627,-2.3540223871262107,0.411640521049741,-1.1209545113237154,0.9386029776147877,0.12230321383412987,-0.996555124049047,-0.858220514098265,1.618688326934512,1.2859454022449681,-0.920629140873331,0.0376185765820695,-0.9167950410921855,-1.1878913817103312,-0.0948258336608535,-0.09961144663830321,0.38941102389784393,1.013922250369594,0.18754041176217667,-0.9204355562664593,0.663205540928559,1.3282189712417913,-0.18406358171448597,-1.9145327566567163,-0.2830993252330358,-0.6743193979770052,-0.9752348138656174,-0.7222925267880609,-0.07859613439297412,0.17789583239449908,0.9637735228041675,1.6093719531350694,0.7981501997471406,-0.23916236899217386,0.7550064629256386,0.5845370093140848,-0.8210052915442988,-0.07610595397594701,0.46294984798075733,0.658949961115069,0.28631441531364216,0.692197132431294,0.2939037285141839,-0.7811283698731796,0.4405757957546202,-1.2201819283387874,-0.16031181478904885,1,1,0.9423829670792951,0,1.0
788,-6.988689735599255,2.585008460976746,-0.6481531386205106,-0.0818643111874334,-0.20852052764653262,-0.02372495598676123,0.504364153589745,-1.1327136035523773,-1.893320255954289,1.474549767457588,0.45740214912357313,0.382745443626624,-0.09067698817373086,-1.080993730415264,-0.8111342593192378,1.28603581324152,-0.11802213285836197,1.2470198258046095,1.125367141406043,-0.922679985012804,-0.3640971559328151,0.528255942726739,0.38467739114782207,-1.0180859488966656,-0.3997298406200058,0.5349889259485586,0.1905554483053441,1.0856430300305646,-0.2974164714540058,0.29005042826542415,0.14424241051708797,0.0425913906311504,-0.4045721816095659,0.9931037060414183,0.5598192192849726,-0.8113542169791498,-1.1188036176563163,0.03764020530929995,1.1747966560331828,-0.4564496038806997,0.44977693058902135,-0.06327831029064404,-0.9190450285296772,0.338996943540823,0.5594681377420967,0.048521306149781125,-0.2839363274555875,-0.9534295493291618,0,0,0.9903942056375648,0,1.0
789,-4.360147918470661,-0.9755176772767844,-0.8106696855443182,1.3983431623687586,0.01734938343447407,-0.9495052119083628,0.03279689425193874,-0.8866085269549787,-1.187286511713109,-0.8389131108410901,-0.5318141689372854,-1.1078513601623443,-1.4266096117552762,0.9571977368793346,1.6259601454421526,1.623654637488378,0.9433413507857813,1.000642367523158,-0.34269077289563016,1.1357796640604387,1.941889282969843,-0.4232900066654648,0.6806713936684486,0.17742473357741617,-0.1377889854195714,-0.8400971803125123,0.7899798939176254,1.511777245930475,-0.43191935837535617,-0.3183309867760306,1.15704223556885,0.40283505313775453,1.561777836779661,-0.18797207171823876,-0.21653724577594236,1.2883931920543312,0.28213222695696044,-0.4265101264865871,0.27469606548904846,1.75004154532283,-0.09929216748751118,0.14707187138802583,-0.273064060248996,0.04281935299478909,0.6784757976377912,0.9061998569314115,-0.7444690718818862,-0.8110584489282741,0,0,0.8866782274013943,0,1.0
790,-2.5485997531586166,1.3153752576325777,-0.4921150199447556,-0.6609177735634607,-1.7865137179364727,-1.1585700287722607,-0.06744165095697281,0.02643497445875831,-0.9059535674356617,0.3784488339249546,-0.3012181028589685,-0.5950370380046602,-0.7091318170532362,-0.5351755991891085,-0.44287358081595385,-0.3615370095562638,-0.9304223813572939,-0.5887436535744793,-0.7789869998900193,0.13180468382316576,0.7424794957964018,0.5424976423901499,0.5497374513637043,2.2455543776560623,-2.4520414373434694,0.5525636171065892,-1.3053543905167813,0.10054447117400146,0.9059289014500282,0.4601885910151319,1.547842546077179,-1.3736125336267588,0.07592924702043496,0.6690736858154013,0.4299381379932919,-0.457343076875556,-0.29133311727757694,-0.7381162070341105,-0.7533665030474725,-0.36738387917313864,0.37878906699162485,0.594553520119548,0.054434437925117526,-0.4042412472414211,-0.36262296131476496,-0.056754794498569294,0.9562728643812487,0.4079793886495906,0,0,0.8914674700109408,0,1.0
791,3.0069507392251773,1.6951207964083104,1.1382242474011495,-0.40202129341463405,-0.13607737788623625,-1.5189535055453471,-0.19268124301546866,0.8313668533777894,1.6197108820388437,2.267836888522336,0.17760808330610225,0.9811597830413706,0.946789374040049,-0.620081347363034,-0.0012061703618946559,-0.5263189213694432,0.6565497340644479,1.7081347136270872,0.6298431027603567,-1.4969902732008349,0.5958707618032882,-0.8070194510914867,0.6273895919990717,0.36187629728566223,-0.05750934915435422,-0.06942692883420006,-0.7588047657521282,1.4387956039555039,1.2397135932664591,0.4609658659289182,-0.26729647515332033,0.5653495999689776,-1.9257221049914985,-1.4585920453179544,-0.30382126139916676,0.3612296476346671,-0.1304533135724521,0.8674134488013292,1.204788973674127,0.46137365887125786,0.4319956025608578,-0.07222226468664897,-0.6317404526102484,0.78508471182149,-1.1597555299856,0.7524085590502056,-0.3437083986079483,-0.4481545865528653,1,1,0.947043883262813,0,1.0
792,2.3461614063001837,0.08520545642092786,0.6358185671759173,1.3656224712624228,0.09660765395490535,1.8361413573727134,1.8962603668788478,-1.4576420101715115,0.25712131746137573,-1.0827970058359724,-0.8590850534514523,0.9548710150707563,0.5765375472849733,-1.2756801826145687,0.5615898854863384,-0.9143829803742667,-0.36584617019568205,0.684524249884491,-0.0003909054754205123,-0.20494300024221102,-1.3773668573504412,-1.0490074101789504,-0.17113340979742753,-0.3308031364824542,-0.3859219029042622,0.15592794942073673,1.7494573258085504,0.3820777785181866,-0.42115973861924766,-0.9710208819830101,0.45539031246832096,0.33798231437352216,-0.20324930935590269,0.10625687511146896,0.822617499730087,-1.5116251893050319,-0.9990201734775951,1.0980570593063654,-0.5653391261971031,1.6440864611920838,0.49754252119365316,1.4628845194405884,-0.6273511050035097,0.007542419163553709,0.232306952956648,-0.9619463630922224,-0.5458399220683982,-0.40994829506967334,1,1,0.8703055333175397,0,1.0
793,-2.2649649315496845,-2.375394938104953,-0.9854997306949186,0.22886322591974198,1.0197362003689945,0.10697584601077804,0.8729548587223855,-1.4868024592476878,1.8028041308295473,-1.3610529336717134,-0.5283997278309859,-0.26393232863400007,-0.13288551615767452,0.9847559796525898,0.5979345797291857,0.20665608398751484,-0.17867996903115588,0.33424404216357,0.8153329805444332,-0.6754017356738204,-0.16144420680772065,0.10303649116715155,-0.368182082966925,0.03922566567226873,-0.5551983761575612,-0.3372844081612524,1.3874555004251734,0.7257201022090187,-0.10486669852114934,-0.5260276557005364,0.23920265355083783,-0.338033295162572,-0.8394148674291674,-0.7028855746995598,-0.14457681488109003,0.8312690227657364,0.9108774477147074,1.0791711002964561,-1.006790042542122,0.3560199400650693,-0.4233441076853966,0.8433356635073539,-1.054898663385821,0.09176066166959483,0.07114148000018791,-1.0063559732089837,0.46471276271308687,-0.13498594230420521,0,0,0.8806959063119553,0,1.0
794,5.077447848654585,-0.34753592053969684,-0.9601536371402356,1.3473883778468885,0.8408852821252921,0.9444295075856795,-1.4032171013442156,1.4556948805075132,2.2061515405662235,0.2819941914113249,-0.7363165558505247,0.8549285547723874,0.6143736780572648,-0.13890917930178848,0.5180766513582261,1.8234008855331179,-0.07653573174208095,-0.11620194210742456,-0.6516043709069594,-0.43171342382564754,0.18579630552796486,-0.20106851999622244,-0.12096032507319067,-0.3282476375191273,-0.11270647335522901,-0.4433125549349436,0.256539376736834,-0.09129323078960755,0.679176650906189,-1.174728156019495,-1.880119797729852,-1.0160311035664324,-0.33269575707122734,-0.404639145689205,-1.0710776283878833,0.651335766770957,0.23226018757582625,0.6709889723691593,-1.1215671373893579,-1.0010708843287583,-0.05239887823199193,-0.4487718464901804,0.21404823706907863,-0.8739205128482522,-0.09771590504685806,-0.9200710331317914,-0.30205177871043193,1.1099581920752757,1,1,0.9755597909589352,0,1.0
795,1.0615274645725663,-2.024317525813372,-0.0969773458006617,0.5044646642983988,1.8313170991661865,0.2638315212068646,-1.8273682401559457,-0.12056779771033191,2.143249598234256,-1.4856310736742662,0.6450199421821229,0.7308066523307404,1.5568553955752875,-0.9612639220845286,0.46280693439862103,-0.19978146463747237,-1.4725731980091006,-1.3279257125167339,1.5885785655928297,-1.3313290288239679,-1.0732106192901956,2.288174779473722,0.04579129188282649,0.8151188162379682,-0.16263390986915882,0.33095553427778207,-0.40651334092107516,-0.40337230297360527,0.20939084524880489,1.0962539061486736,-0.38974729178106265,0.25193747332236033,0.6197748133871854,0.7626576959690189,1.032038374868687,-0.17878403983968685,-0.10075527740518957,-0.3196190374043276,-0.5287394697234599,0.23677109703200738,-0.26838985430976386,-0.8412940503339482,0.9042102675963953,0.41578340648897194,-0.20225870907980084,0.9190136013109521,-0.13851986983558215,0.2691081173861697,1,1,0.9353898537332959,0,1.0
796,-1.0464315115759422,1.5695465678286498,0.42587127682370696,0.7031850084138794,1.8715742788368914,0.9896323088087691,0.21952028230755816,0.4766027123006043,-0.027097227911235464,0.23420118239732207,-1.0245550064430682,0.9956354651492171,-0.7138792635093786,0.030908836917561997,-1.1104385400801717,0.6186890381553317,-0.7987529472083397,-1.936071525459739,-0.7873290289092606,1.405854047063514,0.4704051186960519,-0.5348928056913623,-0.6393307266868316,0.24000387156217196,-0.09700605742994338,-0.9086113108335063,-0.06089010620883598,0.4515037904971836,-1.0984472936548881,1.060948623446877,-0.5681745106254653,-0.18140277150300718,0.2249806602711341,0.9665814139181473,0.43199282416647433,0.4974915562431462,-0.19140792864322503,1.0668610315498295,-0.13675995337572366,0.003916391755256783,0.13121411676313147,-0.4365030945743355,-0.05592733780109314,2.57515253149553,-0.8905995649013463,0.15427468834619126,0.2100204310486557,0.3906894038121952,0,1,0.545606948096131,0,1.0
797,-2.350103823682459,-0.527904714242831,-0.6858781495505296,-2.2559041417892844,-0.5968513947334031,-0.30052854888567127,0.1020488743465042,0.42646426573160845,0.7221333841394558,-0.9176666581319562,0.29748327640580646,-0.22310126998515942,-0.2385835690406756,0.8010743851255816,1.769500041036225,-0.2621645429982224,0.9112088768811657,-1.4779247135113924,0.12618530803908096,1.0787824655404514,-0.17819685003781932,0.17489766686741792,0.36283904849953297,-0.3828251057815264,-0.26454543540577224,0.08256152665649537,-1.1818238250667774,-1.4738154287306242,0.0066266241981100225,0.6439015980073624,-0.7304450490790448,0.8542291266243228,-1.029261494974658,0.2713215935347062,-0.3391681619150855,-0.9569484719897294,0.08600551576091868,-0.0266522530111363,0.5729591897227935,-0.8913077282568602,-0.1596162393952002,0.33294696969600895,0.29839710279051007,1.2482074935595862,-0.3611695173314996,0.6995860033351171,-0.47149573621732455,-0.16091621054893837,0,0,0.7672891494238009,0,1.0
798,-0.4101854371949723,-4.800873262443621,-0.5676782773472782,0.14805343275847965,-0.07617659532337438,-1.557190409531697,0.4635023569526274,1.3584827495806897,-0.7541017065770719,2.1978195193311456,0.015957045475894924,-1.0506572565587857,-1.5569509937179344,2.6211354034684837,-1.448010552442852,-0.6076155131074826,0.4475975073453055,0.5664902818479305,-0.4148467618091353,-1.0507766400209597,-0.24182114350905784,0.44780106147550364,0.6340762022268678,-1.1280268667242028,-0.19830448945528292,0.5866970730146573,0.26982980714591326,1.950067614192925,0.19661554243008228,0.044645072150842756,0.09644228049908801,0.07905892539434814,-0.48109490906792185,-1.0930884860573788,-0.06197802744403108,-0.6378855505277655,-1.1386806885049827,0.19695252394654744,0.9147077041540658,-0.5363000267461905,0.09438447092487119,0.4204574718223402,0.88331637570934,0.491981356928001,-0.9145714384449254,0.2893176238141922,0.5481511692580247,-0.8648369643720293,0,1,0.7007258468313436,0,1.0
799,-6.809022077248557,-0.983047056142577,-0.2576366509911264,-0.8263267939722087,-1.4663782927724658,-0.4009774806831886,-0.13572830465670568,0.400478893190261,-0.887005089839982,-0.015496335686750492,0.03992076965595366,-0.9381050160009945,0.20056593279004484,-0.10032610474043858,-0.5537251609224643,-0.11147128753677024,-0.09090013067693727,-0.6147139889753983,0.019888531343053035,-1.5209505442470543,-0.48454538583802675,0.3331505717063113,-1.0612722432491495,1.2710204520683013,0.9977108643493059,0.328248630516639,0.29864257377460074,-0.6326392100689178,-0.47856881080567526,-0.10552503580037946,-1.127655583653639,-1.0681359931185883,-0.03802282556724977,0.0327376292189859,1.0332056220154155,0.43898993322555585,-0.4162136707059441,-0.2539867414118866,-0.2556811967809618,0.2492423278219824,1.1456489796615112,-0.458839845015831,0.031960109999937016,0.6156512578763171,-1.275089409788469,-0.15045905283566133,1.7085401072134976,-0.23932399552049902,0,0,0.9954884410144863,0,1.0
800,0.09962782736596565,-1.436664064563793,0.19857194889140484,0.6875280361984356,1.0797824607563065,0.05464376723327683,0.12314254979177099,-0.7213786929899878,-1.2572098002014045,0.688838582615271,1.249305914941025,-1.9559134113774619,1.026155042134359,0.9948906641299466,-0.4656573369557663,-0.1700335749474612,0.5931523644187473,2.3054582961566648,-0.1476222375717107,0.05862014584846308,0.08116295731811012,2.8786270488928465,-1.5472765796291137,0.44401796355947826,0.4459854677478867,-0.5843178635183809,0.1526064111816778,-0.2084094960986429,-1.38339642544042,1.8328341661089447,0.4922680213300513,-0.9105053558920999,1.1675714887322077,0.147277372200148,-0.4768596024669145,0.6595131188807374,-0.40435529104701273,-0.08177259661752834,-0.10728018723956508,0.47320616616163125,-0.21005812735281382,-0.15338247226021046,0.6353858318969712,1.3996842805729819,0.21292534906939106,0.14712041946710688,-1.1728872778791624,-1.1643710846165825,1,1,0.8636583899111371,0,1.0
801,0.6696860087083943,-3.0227197916554527,-2.2032220566057137,-1.6845421767558468,-2.548951782087295,-0.4556675286183548,0.11275678865386439,-1.5208503885885467,-0.9193389318892005,0.22885965967736746,-0.06433325731897896,-0.4181716319977226,-0.2951457628623535,2.0697398710924633,-0.3190620511587121,-1.1079920627567483,1.713787644298927,0.3278273600845453,0.66914852748646,-0.6162065459919671,-0.5190731116658465,-0.38072400037356896,0.5993041230183117,-1.2119472168100875,0.022530220575196998,0.22734190859908895,-0.9205933502954577,-0.905887397349972,0.06396005359368313,-0.7977680472210594,-1.1007487844514146,-0.1759893536659923,-1.3905657299416385,-0.183620257118983,-0.42883437714104106,0.4156863688150887,-0.8417624210849659,1.7997078719225161,0.0925244259420171,-1.082683223562915,0.5902128029290689,-0.049419145977892515,0.7453405041070021,0.7291291775766758,-0.6062950078488443,0.5190271678633153,-0.2275427536336479,0.698986743471235,1,1,0.7074576454906821,0,1.0
802,-1.1330296117052827,-2.1463914482009665,0.8855534394900436,0.09591050011110586,-1.2093661966888543,0.18249952920833426,0.3986130143206313,0.015739576404856848,-0.5475264410414838,-0.26448690637479894,0.5011149657153731,-0.8571017860497216,-0.5552679015197912,-1.2152853080127823,-0.03253885976475941,-0.48776615534314266,0.9901910589921384,-0.2529974557761785,0.810128577095234,-0.695982554446309,-0.19948110596048274,-0.5467839254283757,1.1753361284664603,1.5089527666374654,0.8554193999255665,-1.6084022082716563,-0.8410186323959546,-0.34205710476977136,0.25115334851008864,-0.6226244053533277,-0.5074186018778025,-0.6586427686992345,1.3889443244666397,0.601431140010348,-0.13111252825280584,-0.6490479231557295,-0.2955079063630848,0.8009652232535087,0.9150377573758884,-0.12042651962046202,-1.0598915861077134,-0.11406981568881608,0.7150987569241237,0.9143716617305683,1.321793812328086,0.19831170104509419,0.44263945927991305,0.991544920713564,0,0,0.7634485951430202,0,1.0
803,-1.5424088342507998,-0.9060273432932157,2.0452061278231835,-0.7508602389845388,1.2756293825866014,0.641673621096627,0.5789338149632118,0.13745880530973487,0.622953922577296,-0.9917041961364812,0.9483301103364064,0.09101951094416957,-0.34300664071346953,0.316116623456428,1.3063963225350221,0.5885049771573017,-0.3932638804656367,0.3604891269572745,1.560453036088236,0.5495912232583968,-2.200382439480101,-1.4619575541866443,0.5226447993393429,0.27466358481900455,1.3869855555366664,1.3436089933907247,-0.5655220810078789,0.48124197803582874,0.5530309448786677,0.2472477636827021,1.5861851512550915,1.1523525646097295,-0.23472232055343056,-0.9579259711808297,0.9562081555235336,-1.3518115551293857,-0.2540700227069688,0.7732699064202718,0.8015418663118367,0.3359393301788145,1.004026063673111,0.8243074513290446,0.8677666007269786,1.4522925149373005,0.8987195163282601,0.8404363012001259,-1.253589191601435,0.17186390814126357,0,0,0.5270382299191277,0,1.0
804,-0.2837470971609784,5.961555659659614,0.40659729008794654,1.5997620868208233,1.2272763673870555,-0.8406443005879085,0.3959100641091213,-1.979583696302862,0.8461562656270976,-1.2730807488696378,-0.9111389314268248,-0.692845078630572,0.6765632055547985,0.31619416288382873,-0.4443154588054115,-0.381796371418513,0.5666038323363486,0.6184101721735444,0.19556762373640615,0.48261834139363413,0.9147414289194864,-0.17627482705144218,0.746163333892838,-0.7087134327977038,0.2380824397462195,0.18844496046341316,2.0337606492340425,0.6121985879577723,1.9773226281583625,1.3375831870247554,0.41494575738329387,0.12793313829498404,-0.04178063563666544,-0.3197646439374709,0.19186385516595889,-0.5010246858514215,-1.003856796370627,-0.5984192229408529,-0.3205694882950414,-0.21208345253930294,0.49708452394357205,0.0551822704767346,-0.10334552117983266,0.00794362187001925,0.08946897521205271,-0.9095559707144113,0.5832034585130698,-0.1394929224062337,0,1,0.6194092952016055,0,1.0
805,4.048042094841305,-2.2473929354081355,-0.17874056660493187,2.1250276930508085,-0.12652433690339904,0.6249997656185683,0.012331223714712866,0.9161697650670352,-0.8224139999174885,0.1435717395459402,-1.1141446238189257,-1.5088917263170283,0.23369538439764653,-1.4430811154384513,-1.5266468792807955,-1.179208639882426,-0.13072602347915233,1.1555758894015136,0.036952197136907,-0.06928982439179439,-0.6028913535121022,0.07586049519057582,0.44535617975729097,-0.741290215205718,-0.9550457856553815,0.42129901037876477,1.6787464605140723,-0.8972928527890927,0.2682201548864665,-0.12197276912945365,1.0482443272766335,-0.4190414154043478,-0.8922026532978622,-0.24887044720400847,0.317919174953006,0.367074683988658,0.32263152312536775,0.5562102688942301,-0.17232222049534088,0.19611990995846024,-0.06325210759077622,1.2195933221010125,0.046544317798956916,-0.6350986688236525,-0.259150842442078,-0.547678522568098,0.5659105258177705,0.009092513467909166,1,1,0.9651040502054996,0,1.0
806,-3.2352647498172664,-1.479966277901781,0.1972236891226256,-0.4108581859669735,-1.228348912624296,0.7837314592097803,0.5374898492724444,1.030280292299626,-0.5153386704153005,-0.9680146982754385,2.0851402734673883,-0.17628862727470976,1.3610327753326281,0.0948275832152626,1.4503387808891544,1.1690913433795413,0.2130342203673844,-0.32828902284155936,0.4401343817367269,-0.17701186631159133,0.8209254232474767,-0.8706298523343856,0.09947094519508466,0.36699493569074376,-0.35494332934020684,0.9634623722618086,0.1820993996679557,0.38314614948368747,-1.0458601235109342,-0.4150413475953559,-1.359766128802487,0.21260318685315654,1.7364929080367018,0.5552087059960353,0.6457682790219852,-0.29692734867211806,-1.694004522297767,0.12670303419643233,0.6570834336642455,0.2968109774226754,-1.3016106809471155,-1.1260290774385535,0.3231723400951351,0.9576276727008995,0.11194311357251738,0.1864474851001206,-0.03609654628502459,1.7076999451641264,0,0,0.8982932084231899,0,1.0
807,-4.348894974577947,-0.8414813614351349,-1.146069688460811,-0.349439348293457,0.5856076097660717,-0.4857584552572619,-0.11097338600738611,-2.525134118438514,0.6933308323584331,2.0074992566529986,-3.2237765235348896,-0.2719915257591575,-0.6505788947548086,-0.038618290884938816,0.5102685100734593,-0.12343444741135651,-0.23339192278614615,0.8194431137631858,-1.8434509760656326,0.016352502840211162,0.4375632005085439,0.7172132871350864,-0.5231548197712255,-0.6236597511859623,0.4406232271158952,-0.04704885790116307,-0.524546778643795,0.9802538273302304,0.23182248855505738,-0.6172899402583998,-0.22034633264764095,-0.5066162682962153,0.3714669058042984,0.07685135500874066,-0.28004151843869074,-1.5724155618436872,-0.7025007242806666,-0.1899126222651242,-0.36926279923101996,0.39014779798372595,-0.7280316012874102,-0.0710180443289444,0.5703004625092716,-0.7366260582209501,0.2214261529325238,1.1011808903248979,-0.33863438047774985,0.9331149035984264,0,0,0.9588640665981634,0,1.0
808,-3.888815250433992,1.8032424174684678,1.164811129378885,0.8381244188444432,-1.3283207196475726,-1.1934926621007402,-1.8105810625216365,1.0616234124085977,0.9497269781703508,0.6575886794126489,-0.10849198816744364,0.6641818906944686,-1.4441799874417867,0.6514428476076033,-1.1877220932526644,0.15451556459241747,1.411950545362608,-0.019190777098324365,-0.5899173095127783,1.5152685006276116,-1.1435837861125409,0.03960322619232573,0.0778303411760575,0.6605867142001303,-1.5250844895237792,-0.9614595264183601,1.7539763008575664,1.3442400027626207,0.3284355043387123,-0.9241628786439311,-0.3074325907850574,-0.5387065768723566,-0.26535004341419605,0.1261099280153131,0.0876726100572332,-0.2731082801019243,0.4975678311413821,-0.49057351747025923,0.461453596767024,-1.0660803545834332,1.4635527827906916,-0.7973492797428099,0.6898109462585141,-0.11949725057793206,0.23663168412270125,0.4516659039696652,1.1733652444156526,-0.6813500772299299,0,0,0.9362140965473522,0,1.0
809,-1.6133287240590473,1.9696328788604307,1.3836318272635149,0.006603099767772171,0.004580498340944297,0.39031556237794013,-0.5485991647171111,-0.07867019956826612,-0.24622054133733112,-2.125127157072184,-1.0214401439469591,-1.766258136382644,-0.6150369206060314,-0.872883029816153,0.5635272701651103,0.7058765663585814,2.807737707335228,0.4289355839616087,-0.08434848104597044,-0.5271198885813341,0.051469541584005234,-0.8920726815606079,-1.0467285317977488,-0.9887578876824509,0.045895224277248264,-0.7356903464076624,0.5960846738289429,-0.23457720977990698,-0.8595360557665899,-0.21749288998580502,-0.9491855156516728,-0.7518264614177396,0.11111720191239077,-0.6642431421752356,0.4972751520493777,-0.5854570588622311,-0.6656980859501653,-0.18062509856534512,-0.08668282675244443,-0.004683977889236733,0.10516184079898788,0.37223502121310853,0.09849841260652055,0.6045719910608411,-0.06333185777059823,-0.5436423326228996,0.4969199564743848,-0.4693600524426435,0,0,0.7382216176388328,0,1.0
810,0.8937466066789609,3.2468113035446082,0.6457687349477835,0.8850908064782942,-0.26237506482826733,1.1432751349237946,0.1908151921769264,-1.2043651009126546,1.985248055299525,-0.15052448354571865,0.8926707295268231,-0.8414066749111097,-1.5120153756551622,-1.0112604895023731,-1.2384716463074592,0.37919524247235853,-0.0110197372878345,0.11303762589443848,-0.8441642365675464,1.1842414010166349,1.1857855383175333,0.5994051321448525,0.42480568479518543,-1.2692565913450455,1.3633077635338637,0.33573810508375945,1.2937628203922498,0.4709969585345292,-0.7869364416420014,-0.2098855343540763,-0.7127434480837644,0.2156660677790626,0.5098707850951059,-0.5283128847539639,1.103089357707795,0.8863149214006492,0.0033076157043110616,0.3757159474360517,-0.20611361941567052,0.4113703965020821,-0.824290720213004,-0.9876410770816318,-0.4769930470791127,0.848088877308352,-0.717517120721985,-0.41119311898263283,0.09698795638685566,0.3307041904145899,1,1,0.8331533381381884,0,1.0
811,-4.949136596162521,0.6510641626067315,-0.7212619801236954,-0.11006997672676934,-0.2950484872379544,0.1645311944882985,0.04709289689363543,1.3054122014162564,-0.29014106757790054,-1.7950437367051624,-0.8773430403676268,-0.3100264646920694,0.7515696670454084,0.5402126705589326,0.32586302238498577,0.37657241188907326,0.00015848435215376282,-1.3416539651841068,1.4443381154681851,0.6842857345625422,-0.7523830911376793,-0.7411308124734405,-0.08483053954107125,-0.8591191619242992,1.2123836556086962,-0.6743062316111118,-0.5689973044589789,-0.8054959990621167,-0.1527995280476167,-0.8109793845254889,0.4959981132176031,-0.09210566477389961,0.4775421812777116,-1.6354900799289172,0.027913489631782796,-0.6440002211334133,0.6044954813851707,-0.8355859831853808,-0.5121305957546372,-0.12877913540043479,1.7161164589226752,0.9775862789719778,-0.5842750009093678,1.1482079411938082,-1.3243926045318917,-0.28409171519817583,-0.2198231239374532,-0.4650461090954941,0,0,0.9765708361255319,0,1.0
812,-4.8143433840186765,0.13241725488777237,-1.0661869900140546,-1.7601757185870854,0.43749613457465203,0.9543861717410206,0.6139942312175484,0.8791734139156014,-0.4880491971403088,0.030402523125220234,-0.55191862804876,-0.69513985661388,0.40375352370420153,-0.6680342547037943,-0.3695260351786507,-1.223438442181067,-0.26408665400230297,-0.4806522577871943,0.15585602108145039,-1.2435480358455089,1.931875930902769,-1.0542373130526421,0.4437719321146286,0.17906322420919987,0.0031466526231550894,1.1115115625663927,0.5240598328765246,0.15957210354190093,-0.4894065052271667,-1.945395161230599,-0.12586988563538964,-0.678845390470973,-0.006331622743325041,-0.6671219888835748,-0.1640971492675962,0.19317030036494273,0.05971342799189271,0.43985226545050293,-0.17830451761919364,-1.532697896084013,0.60946680725215,0.4606504068624337,1.2288421968472014,0.5742345610799979,1.147594630280638,0.3397793488213833,-1.900818232129162,0.018077200650048263,0,0,0.9687904263491863,0,1.0
813,-5.006186092253438,-0.5726343875491456,0.37664019734240234,0.7620480854286558,-0.21874914301297546,0.41054959010394354,-0.593070609180922,-1.4310945900117673,-0.20886494469935774,1.1698385352101928,0.0855784490472849,1.4566010997106131,-0.2627292180829454,0.737993424104297,-1.6420078960847553,-1.1272416173833582,0.03015970165651698,-0.1348537095222353,-0.6597572402660064,0.30169723302786516,-0.6149283559286338,0.013893659014980487,-1.735067518343158,1.120580034782592,1.024402419227702,-0.35439078218941705,0.48156627805959107,-0.6616678468264607,1.1791428476616945,-0.1370981953019908,1.5245677002502722,-0.43077257084952114,0.47588867043255195,0.4920999738104472,1.1798640819230546,0.7507440282898301,-1.0836905350883006,0.9226547265891859,-0.9099433184857414,0.46447121957474696,-0.8056673990428542,0.6240911828837361,0.33314361664556624,0.21519315450460366,-1.4486962565218815,0.5496235721020765,-0.11880928022066548,0.07815799127350874,0,0,0.9681403967374809,0,1.0
814,-3.863254484667486,2.5937692072646725,1.6551686127281515,-2.2109326080953906,-1.6824733549507702,1.380864918051618,-0.22489407938532335,1.520744601613868,0.19353747941640687,-2.062092772575115,-1.750892079894132,0.2266826088778708,-0.9420225156423747,-1.0465587372226983,0.7593497693895779,0.8918022801005476,-0.5280371152827952,-0.0045238760526413405,0.2417089026904876,0.5602848748194087,0.5570421990176897,-0.6630484554078463,-0.8514061907645291,0.4643401345534167,-0.9540852859334605,-1.0017718331883232,0.5022841739036886,0.7390026517078793,0.2873947162385617,0.6635369330058178,0.5243853338508041,-1.413835720032783,-1.7639214715067333,0.5663025176484439,-0.6117512508270107,-0.7240510025358259,-1.2322907741705014,-0.07511536868000668,1.0480416340384435,0.10778991559776366,-1.2241579531237452,0.33602800585051557,2.4689218472495322,-0.4699546829803816,0.5636336854369778,0.007293557123939458,0.3589183527354688,-0.9604302397429622,0,0,0.9467633724459856,0,1.0
815,1.5133752212977525,1.2139558973720057,-0.3530227366458549,-0.4749799808539589,-0.23471751107516914,-0.7451293163965953,-1.1828623691634912,-0.014565587878174961,0.6175035233274205,-0.41857188565425946,0.03523814816895999,0.3355048647250605,0.6331336148518737,0.05799946120502372,-0.6831295571751375,0.9932189522786369,1.1610689491410937,-0.017609254513910436,-0.9498487753115704,-0.04603826289193162,-0.807542019752883,-0.9012596989355939,-1.3886689715823373,0.8127041572285698,0.9982444131428523,0.4416826927900752,1.2108283647354061,-0.2936259502156849,-0.07040130981415661,0.7760321214876523,0.15431476971596744,-1.2473860007929907,-0.05080073339672316,-0.8144517493432646,0.37285625142030787,0.11098977359051652,-0.47045509595642776,0.0902694644811228,-0.8296447474625467,0.668857658066834,0.06794275162013552,-0.11166912042355019,0.4611225042119213,-0.07646807693703342,-0.6211780278972964,0.8079328963330376,-0.09082636728818377,1.420937356012253,1,1,0.6367994604677722,0,1.0
816,-1.1527458770767895,1.6317397962198834,2.440814998273961,-0.3179828079334623,1.7816282059518755,1.8299347009417224,1.4650877362786716,0.6663889018261137,-0.5263945570005526,1.772492524504975,1.548099294656703,0.5247252610131095,-0.45965407174315065,-0.7456232669108471,-2.20775457108177,-1.3475554489905395,0.06079416604973891,0.8116433288892712,0.2922984713959712,-0.45764814291659045,-0.8966753303206415,0.8810519620553423,-0.27960971316330296,-0.2096855755503406,-1.399161529481147,-1.0355530797130217,-0.7261762416070776,0.1771413396121825,0.3845548255870759,0.43247377800382547,-0.5764994584288083,-2.0470402464437667,0.3777489384938532,-1.013171485034144,0.11845848313567305,0.43357942019042306,0.3086002037815341,-1.7275304714665374,-0.457448567558129,-0.001976172136947593,-0.1311543692887234,0.1973735847456345,0.7284441830402265,-0.8057073262452176,0.14167923563267465,0.7965236562316328,0.19117580529191008,-1.4264892722984401,0,0,0.8762876673004204,0,1.0
817,-0.23157806965558136,-0.5024642979754121,0.24609996541188342,0.7526365019522082,0.14191630944150513,0.5948436924886393,-0.1858453942008381,0.26459814339844806,1.3387968031924065,-0.6880608266812516,1.7188760849903049,0.9595281750522735,-0.19508826833210352,0.5758765149737758,0.560109262640349,-0.4763999569049908,-0.46163516251574277,2.31565014172029,1.2355600733091265,1.1223652021805486,-1.1261809820948945,0.3960501537308977,-0.35697224688539136,1.1409682714753613,-1.777785872542293,1.091541966229891,1.2064769506014215,-0.22172855198091712,-0.45312813886125713,-0.0601102240505346,1.2595578528426683,0.18395091854915788,-0.555226095526512,-0.11908981947768113,0.30577592287668237,-0.25462187778174156,1.1467666353244965,-0.4808455550618672,-0.24495472093573664,0.2545527949168509,0.8095181934656703,-1.3874270918057146,-0.9011301976920276,0.09762040518810493,0.03519083260506665,0.21491721650986326,0.5500694796241294,0.24106558904196734,0,1,0.5822889208536275,0,1.0
818,3.3475490543383732,-0.6067441793441415,0.5168439098404951,0.779811000931464,-0.025401059198953812,1.0263846538406074,0.867989910431407,-1.0816255614874466,-1.4703153045827733,0.5794305661755771,1.993600479669495,0.6778778074775819,0.38129991595132534,-0.6868134925757503,1.2681904871638217,0.879104101140568,0.39044122331094777,-1.4202396920042293,-0.8311354162432686,-0.9460743110841149,-2.2352587793535816,1.0238998630249898,-0.2786199835633193,0.1686311039571006,-0.24826546596962656,0.9271937002065481,-0.828692369777296,1.7586407847345304,0.35142014267639626,0.600226439677034,-0.922463809084437,-0.6476068466525676,0.4338896123208429,-0.5472656224534738,-0.9807124674294561,-1.1725847519720702,0.67813241705482,-0.0030932542321001556,-0.31741564719604015,0.07239882815517798,0.10887989123265934,-1.6538349666162275,0.3840150753283164,0.6154044837324164,0.30202922574994623,0.7544960938689351,0.0672368806402673,-0.14312789169570983,1,1,0.9638326316624337,0,1.0
819,0.08659985104615103,2.2068260632450722,0.5987447158229069,0.31186308304227134,-1.3203087535406721,0.2507407879457355,1.3885217525219817,-1.0871337876782803,-0.5142927233609808,-0.3591615723162525,-0.013784247879553218,-0.39679092919418135,0.2551196173032572,0.15741421377854034,-0.734359141566753,0.2666004877219518,0.6542814237645815,-1.3379896997007616,0.08385789095688972,-0.41585393463987436,0.03491216397067494,-1.5044732271109345,1.02153208582042,-0.46975845646188136,-0.019988793330589002,-0.8446895210178094,-0.12850243311124687,2.038582675291378,-0.1683296767410123,-0.04089060227601169,-0.6471688030985641,-0.19166824237088184,0.8989583933983868,-0.09405837613267702,0.6464099380439375,0.445854696956209,-0.6067932202574602,0.30730302779832674,-0.8039706692773329,0.02826927709624751,-0.7746393456702898,-0.44019365771396374,1.0376848968179837,0.21566533854444223,0.3595465283666941,-0.697834887261003,-1.5201605454237397,-0.09954919270259785,1,0,0.5650400337853166,0,1.0
820,-1.0010440144157293,1.679586507498882,0.4879867774422994,-0.453452198016285,0.04026875609435399,0.19763335510033303,-0.4685594163811703,0.3525257308706555,-1.2142173419957778,-0.6658136768848084,0.053105192547322766,1.7096945111713637,0.0045756742201951426,-1.7648438445956476,0.20444051424633533,-1.7134949602096357,0.34818449820153474,-0.34451223208090737,0.07103435901894718,0.14669165263191203,-1.1188476426616356,1.5456649605870942,-2.194787156688791,-0.5338566724624277,0.10045465734601718,1.2532037032251206,0.05349897373894737,-0.3222055445024756,1.1700397698901424,0.28838741299029474,0.6815370903228388,-0.11030197384499266,-0.34747068549846644,1.7892997937201147,-0.8843699744563572,-0.5164862058964408,0.34855717191473146,0.49702472703394324,1.6726570774350777,0.3378585225306998,0.4903185604162889,0.5202842189144462,-0.27049864071799484,0.1579781451118916,0.07370392971094493,-0.8498906067746362,-0.24751721919885672,-1.399220750372392,0,0,0.6163826359031667,0,1.0
821,-3.1256065878961476,-2.06627372382895,-2.2913915335830306,-0.21688745227737585,-2.074418393752186,-0.3022307401724814,0.9236513521586859,-4.085249492842956,0.51257463173351,-1.329415039141031,2.690500133721209,0.14859902155372337,0.5882865607810241,-0.14832289361191292,0.9588556289234074,0.05512507755025018,0.25726556451778804,-0.2594331554495999,-0.7331851077759998,-0.7791147355385453,-1.6542857472182926,-0.8688050976068581,-0.9644471825765343,-0.06558710611277822,0.6731230932057034,-0.8551012149275505,0.5410341241076249,-1.991461530571427,0.11825551872200576,-0.5635137066137674,-0.622137800266725,-0.47396119707751616,0.26502346998924364,-0.8710744084645898,-0.5348472758294287,-0.14341596612869753,-0.19855741528405957,0.9448096795802748,-0.22420830021612312,-0.026492933104492227,-0.5028310829802841,0.6549443788483656,-0.46446226665283263,-0.7580948564058495,0.7092392008152184,-0.32025520396367874,1.5295180831208852,0.0018691239219820355,0,0,0.9555094265646193,0,1.0
822,2.1816122480863482,-0.09708380123718796,1.968035850222453,0.6024146112862867,0.319295680993615,0.5469258426835116,0.39339972792898487,-0.9393253951585668,-0.2203033074080038,0.3498442176670871,0.10660390472901424,-0.46190065225539,-1.1362693859871305,1.8550486287644652,0.6162234178914681,0.7878110744086182,-1.4245135414559822,0.2437583127395829,-1.3542522787847686,1.2904154304803745,-1.6501782380420997,-1.1419457748748079,0.7406645494504783,-0.9756684977009461,-0.27883552653703764,0.8539417357542818,0.05489538383267463,-0.653705463192688,-2.196736068294459,1.225531593347662,-1.022422521924443,-1.1892082004812932,-1.221986279074155,0.24860819731880457,-0.6643062629970254,-0.7055923331531992,0.023387029682500074,0.5079566253087504,-0.2409010582925759,-0.9366991951240653,0.24934040360133986,0.7894569762558362,-0.6258774914950639,-0.7625070502268507,0.2273195221091241,1.3951719167499963,0.4936165307606473,0.6006334612083831,1,1,0.9317154674426144,0,1.0
823,-3.4240401448150806,1.0827587472791083,1.2585515839298294,-1.7127620199414042,1.5584825283546089,-0.0874936580392099,0.9274182642487113,2.8886183912043264,0.32433629952991055,1.6953112317415056,-0.7775253572052353,-0.3426596463036988,1.9908329505594913,0.9235167703398237,-0.3722365952789155,1.6505562462034757,0.26589644446728367,-0.4502598266545326,0.6403483111983111,0.8516665353342994,-0.42965194398732326,0.7427378876152909,-1.4638948904507558,-0.2613929373436593,0.5460850284410994,1.3416388800923202,-0.32041381506637007,0.9676660166757567,0.3539781627119646,0.7016312336458206,-0.7561156308410655,-0.8172272400434895,-0.5460427684727559,0.1753932009209612,0.49567247148367843,-0.09964515607572662,0.5130411016795081,1.5494680748721372,-0.7431612468495299,-0.20046315049816393,1.4183012367887862,-0.5481384340348283,-0.28157172153341886,-0.5943647537367491,0.35679564059469765,-0.8364241056383092,0.4049208593621352,-0.015340717269443816,0,0,0.9702259116444409,0,1.0
824,0.16179924075424656,0.309200710579189,-2.626290521063288,0.44566090494039046,0.6272654547075238,0.4641389204153363,1.7603332515114634,-1.2915278693964927,-0.9485374605120325,-0.793925129978224,-0.9844265181555186,-1.5082378533237741,-0.9267331572170608,-0.19704607208348646,1.473649039453619,-0.23269192514430706,-1.4513930851014194,1.24260760603877,0.08186710031330753,2.4720243123530232,-1.1784128473446753,-0.9961573100130285,-1.6872356336098047,-0.4381699846796378,0.30931451214983996,-1.1452799857012699,-0.23770346243716012,-1.1621554346778828,0.1203472401714036,0.4442538466219529,-0.4203987067013471,0.14801873288191186,-0.15013225311721554,-1.2500636093454287,0.4805633373759876,0.39223830070587046,-1.1191711957655033,-0.28554937811636605,-0.5024231344011586,0.040482837762103104,0.8930255008308725,-1.2015269968238922,-0.18194496928249904,0.9828220472907094,-1.202843235198423,1.1418780388961962,0.3832215892982212,-0.6560051834805214,1,1,0.7408837755469854,0,1.0
825,0.45593751493073453,1.929617323981128,-0.3830696815429422,-1.1718887739969002,1.5365812119403492,0.48754450354959894,0.30222349443663993,-0.5219300129785552,-1.0623045002902374,-1.2201062446386743,2.375456149436794,-0.11897076697182474,-1.332893403217503,-0.21822399291671749,-0.2562978366629718,-1.5209859840341513,0.6768919651216257,-1.354159967739508,-0.28164321340304294,-0.011442375087441448,0.4929885635957922,0.4132757759020421,-0.3184378476274385,-0.04107542387359145,0.1412771759675435,-0.09859602385959532,0.46636766587487766,-0.28639906243525665,-0.26260876224681473,0.7846146132798921,-0.19446487878216978,-0.17195431661960864,-0.13992255370103993,1.4112915948105604,-0.13477683327068898,-0.6806467273815294,-0.7531034190255916,-0.5148478854131452,0.2087518053147914,-0.02342585544263529,1.252747776435912,-0.16797994166592317,0.8541429445640614,-0.4823416582424672,-0.7563621172055568,-0.2031371162854583,-0.8036082753327299,-0.6844987612512669,1,1,0.5303662741306685,0,1.0
826,0.418101945242401,-0.67682613131834,0.38355516187302535,0.07725119758244221,0.39694356013724097,-0.5040476408349083,1.0675429859398364,-0.8904860206613948,1.8868537665801957,0.5308133115149583,0.06123498402401655,-1.333390649968182,-1.382527052828045,0.9741111639992704,0.358900583805273,1.4208194569765116,0.15629315690457748,0.37424450606121945,1.7572711120854738,-0.07651201665997365,0.4653923100449658,0.8498369913724508,-1.0718055759636393,0.0068485875906897165,-0.011540173698291082,0.7218911526649396,-0.7862569135875079,0.3836398831001618,-0.47510886586791595,0.24828337767937675,0.2926485717111716,-0.674644890574361,0.1825762272953742,0.4836006734784831,-1.069209740266043,-0.36022805254455337,0.9860391757095737,1.1210090668030477,-0.46025918253118414,-0.017696319825843215,-0.3594962022765252,-1.03260690435656,0.06416983541865563,-1.2671435851341233,1.6668505921409815,-0.7278864026586017,-0.3844267562519211,0.5412847213746289,1,1,0.7056119329199974,0,1.0
827,0.36915286204743364,-1.8912629828957344,1.3062001553101295,0.8409539002333365,1.004776710900861,0.8219093548404393,1.3010561031780337,-1.534217127598365,-1.0693591076702902,-1.4378398637114076,0.009150711783142175,-0.2282244467724988,0.5452535819562214,0.6828700382507522,1.6747425433029135,1.1907474090910513,0.8796054399252297,-0.4447740206480328,0.9603661636290844,-0.8885157468897147,0.4908053959174509,0.7199511029505498,0.795043244917164,1.5514116193959193,0.05477280841242347,-1.5556916395108453,-0.1763217888586041,-0.5825722052767348,-1.066718009613691,-0.19355114124016662,-1.3029944263069853,0.0539490096353729,-0.9413625087489692,0.16564694894122847,1.9945472227623469,-0.33168892405432554,-1.1891912881994005,-0.17163142183339042,0.33167009629949784,1.1493217447729047,0.4864224571799487,0.07631723568017834,-1.3084776453884135,-1.0285596674365054,-0.9224036814375606,-0.25650013836138613,1.0651300690314112,-0.31226482593731403,1,1,0.6679934383310646,0,1.0
828,4.66982904550899,0.16448806994360754,-0.23311301071486593,-0.5695706439059978,2.0880060831788945,-0.3401398321065275,-0.19994580701688236,1.5692094954694864,0.6887467149308076,-1.5380958437771992,0.4145252870493842,-1.1036447162127074,0.9298268813694044,1.2619926754201827,0.18501880540432752,-0.23457718359353236,-1.038265882474263,-1.08259816286421,0.5268057150403356,2.11745951137435,-0.00916761385006102,-0.6865116420323232,-0.40813034753270533,-0.5031730061585988,-0.59480621427004,0.3283132452228184,0.4373207320388159,-0.1930086856540671,0.25873153094668705,0.39148086495316814,-0.22168578427701316,-0.4149087211730709,-1.8105326687925813,0.811037658703758,-0.4994654402336721,-0.6408309044747771,-0.7618360213737864,0.19704640106806162,-0.26429602195481133,0.8140841716621806,0.13787254066455512,1.3009781256928201,-0.015362340697755716,-0.76108302270219,0.6025566896262801,-0.5576510192867695,1.1011041367532106,0.1643308382617918,1,1,0.9408206630940893,0,1.0
829,1.5943550790645895,2.0781788389221636,0.21671506464101079,-0.5383164188604529,-1.0703308422171334,1.2697088527366143,0.01207043238687751,-0.07230453498449785,-0.7094147923828977,1.8887605674547492,-0.7251013665066538,0.9056529567020115,0.37858719778157596,-0.2276919542253034,1.6187793778266393,-1.1937997216720135,0.20400003573272477,-0.5392610939981647,0.27982830366796124,-1.4013108774818275,0.295909803784426,-0.9296776990631939,1.3654235971399082,1.1414248923855357,-0.314931206733848,-0.020940301497664567,-0.3357341864711432,-0.4132607866329592,-1.7557210254549074,-0.7488523515887014,1.8910905571820127,0.1775040254678257,-0.3817771071047443,-0.2197546584737312,0.1277296129475459,-0.024750431690889814,-0.5381714905833962,-0.04548306735649138,0.643785343146886,1.2300353026838764,0.7952060350312737,-0.07980261606437837,-0.4197888561520132,-0.005867352247694165,-0.8085095400792054,0.2281862872634602,0.022481308920850953,-0.23020152533742105,1,1,0.8722744111156792,0,1.0
830,4.142840157644561,0.457809610554857,0.9273639000966917,-1.7340584371456391,1.384383006348688,-0.862179259919875,-2.302193754520775,-2.2379408163488077,1.636132180411656,-1.2323169174914297,-1.2647469131750044,0.5057327327318352,-0.5220820984092844,-1.3347409128365237,-0.45274810878695165,2.4769436066620716,0.23689870605988494,0.8883921950417983,0.001958290780161834,-0.03020937285371947,2.0640861629623397,-0.8667794990250798,1.1828302115622258,-0.2465818997762271,-0.23978228093604204,-0.11327445921491242,-1.4260842223241172,-0.6000245643578477,-1.6632106820206305,0.22390712643702917,0.47841551020995454,-0.8079402141314627,-0.24268879222303608,0.6488167816388863,0.25226376633914094,0.255209211034735,-0.1929728715119475,0.824764809713083,0.6577952363115611,0.20532708267017918,-0.09826833898772667,-0.008637733063971182,0.14509041217965563,-0.15843953168927682,-0.400516139880084,-0.3291189355585822,-0.6558123329013699,-0.15952607869734461,1,1,0.9659618511495031,0,1.0
831,-4.807172080204648,0.7352449638502508,-0.652792324577557,-2.5305998503654537,-0.7135599126178763,-1.033957512150791,-0.694859383573031,-0.024824876765683096,0.01521217648705949,0.14765394490374958,-0.24622534674149324,-1.3363139626862515,-0.8286646282195684,0.2536314936521205,1.4264587049124493,1.1504606473102672,1.7109276168512395,1.2972183377917978,0.385650727690175,0.6669446477829448,-0.3413518481222609,1.1688363934913628,1.5025243057261461,-0.3408710929697536,-0.03127368331532009,0.8071677034175018,0.027521407993007833,1.156003629121958,0.5485252735086354,1.4176908622376776,-0.12049527701407553,1.3953371833301211,-0.06878104598369314,-0.11939352638908517,-1.3024951747214746,0.9758371446544518,0.9425505621330843,0.6887792772674367,0.09441007178148443,-1.7443866171734115,0.013577139569037555,1.2489045180021825,0.33691011931024245,1.111208199328534,0.1945324849400184,-0.025339459020189352,-0.1430170788196586,-0.6985399476070968,0,0,0.9159968349279125,0,1.0
832,1.6990939841049013,0.8014626784083894,-1.3846053425397333,0.9845166865651316,-0.8557776891924781,-0.21077957222408547,0.9025199985583406,0.9280277872480022,0.9290228921004701,0.7944341183143454,0.36556163155803145,-0.9633873123388474,-0.15661583800817472,1.418786749132463,1.3224461632079325,0.7311026985424847,-1.6390582546244956,1.3086845620091478,0.156898771074493,1.1286559436083536,0.8090926249038163,0.8179656221648186,-0.6177969805253584,-1.6219138082317788,0.7594013085787588,-1.124615498261806,0.2678909270328854,-0.5683527143016945,0.9488779741254925,0.7777074435653226,0.3048728968571206,-0.4403285182912881,1.4635859077571025,0.33363222294574374,-0.5900544877644545,0.21285779087844725,0.6661947761647564,0.9716772730110022,0.36612664920374166,0.28852639303688926,-0.1613918742074818,-0.010171545096286247,0.4359784975865929,-0.4761186422845014,-0.3947993796198331,-0.010198240176314103,0.09006828006144964,0.012279601129612554,1,1,0.8208175571514331,0,1.0
833,-4.901634410702138,2.0618959131146517,1.119959810308039,-0.7094674855324224,0.8274803858622295,0.9066589283249274,-0.062287289815303785,1.093482985930826,-0.11114811569040427,0.15950580600135283,0.6386923589190411,-1.29728760778125,0.053301533488182486,-0.9125754214949059,0.573298084550368,-2.414621576037339,-0.11468550026142268,-0.47374053966831486,0.10211392560149375,-0.024901819858403507,0.3189855348040587,-0.01699358542842963,-0.5698893614663404,0.4835969966006882,-0.07779198026836015,0.22604077523452662,-1.782947305844611,1.065589596567459,0.6036563224755883,-0.510562320585314,-0.9275034207684321,0.9973935520667473,0.5771923813642189,0.13450810486448647,-0.1676857236328125,1.2224365712744776,0.4682455386291958,-0.05146381819753172,0.03454566607399405,-0.10050771361209372,-0.5421306895346757,0.41883230919471864,0.5683050820683486,-0.047229656884741615,0.25063718903350857,0.8223146554059446,-0.06932911043480781,0.12462011815457638,0,0,0.9686564176418386,0,1.0
834,-1.0474019431695494,1.6503786797103772,-1.9812425259653472,0.32636008416144147,1.6711112569239261,0.9537359167208026,-0.406897193516385,0.626119562858702,-0.9003838864509738,0.5306078360558963,-1.6275154350914414,0.4239299198900224,0.26287845833076456,1.349432529651791,-0.6707047263519356,0.034434942436333875,-0.45102420902074225,-0.8681408251225742,-1.5851837582073913,0.8439391897365646,-1.2165002469345985,-1.352509987852009,0.0559230325382997,0.02885588069728794,-0.49384878059679166,0.20643507201696165,2.4865935380054887,-1.119397949343251,-0.028284533132552574,-0.5230776389336191,-0.9619348505252309,-0.5092598585280135,0.49141605249344245,-0.1474494633168786,0.5004362982831636,0.7146021312314816,-0.2168188296703685,-0.1805911984219948,-1.2404293386002334,-0.5009910340659176,-0.40150743688355894,0.1419511777299406,0.27656147169008144,0.4210468540754261,-0.4865795009889778,0.03530181803840555,1.2965867956595585,-0.5261554468226186,0,0,0.5007710280095645,0,1.0
835,3.1838976044821754,-1.5957415674120066,1.5861835374598714,0.6520860440164791,1.7021098682904108,-1.7569597573996238,-0.3790277718617334,-0.4130170812441533,-0.03521385898093865,0.7686132206707228,0.9089104421126393,-0.006607420829620202,-1.1630155173011303,-0.5709868640130726,0.04575225024275354,0.2803732090208475,-0.4160950224275915,-2.431886239774416,0.6760255998531151,-1.1911648803005899,-0.8679606493861562,-1.3721583897337801,-0.7833417702703869,-0.42164719190744177,1.1401585736129494,0.2572353210078378,0.6145714531202617,0.6451869561085608,-0.5328431248325216,-1.467044261690789,-0.18061470585082343,1.0296812484955415,0.20426884189245112,-1.712180312172348,-0.37766984858049707,-0.0812378995417027,-0.5671189280035853,0.02006983641210142,0.133497203860687,0.03857199817346617,-0.2961492582540289,-0.008518032711464583,-0.5463639739649557,-1.0118629818498046,-0.4679658130680336,0.09761877225410906,0.0885052635395257,1.5957773235677084,1,1,0.9457762464819653,0,1.0
836,-1.2063176995857694,-1.7669766333090542,-0.4211587404958042,-0.5459125183956736,0.5706035304931626,0.11881841242271471,0.08649346338235708,0.2552490241044239,0.25541348180942136,0.2108797319023118,0.29467563743186126,-0.5347144945976461,-1.293695391124243,-1.301911045203466,-1.0856001819668915,1.508398771436382,0.6052419539928967,-0.5393854642207859,-0.9363571191866291,0.6588713438535466,-0.6578014352214692,0.1839182911078898,0.09032537209654207,-1.2566910966491422,0.057420795774196176,2.0508894236211495,-0.9497417176436252,1.0238170338340287,-0.3796986725115359,-0.41587206559076595,-1.001748416250419,-0.5809679216903659,0.18859324348531506,1.8491939676006048,1.1041040496168741,-0.03213201439815898,-0.38849658554883554,-0.45171846645763,0.11053042487984927,0.12202915763661094,0.06951414189973953,-0.021931406547733113,-0.036300121013960525,0.7561530985670517,-0.5761528873890978,0.07978477165962947,-1.2294669126080762,0.33892488267300597,0,0,0.7841316790804115,0,1.0
837,-2.017616048998143,2.414791993741826,0.05553339737585229,1.0778743281054781,-0.10777381196164801,-0.31037352279739,-0.006262233761003869,-0.5790585295891693,0.4115541916516093,0.2344102820844912,-1.0301562582347046,0.5221231893100853,0.4038717559993792,0.8723905044346669,-2.4082900566124255,0.6837478104611253,-1.8260417060662506,-2.452800425385884,-0.397702908949548,0.5697137503953096,0.1030275893203442,-0.2189624143850768,-0.9650058217389066,-0.8522246623824558,0.31229620847162154,1.2726540950101346,-0.762534125235294,-0.4095961949519431,-0.8966785395440645,0.28376233816693214,0.4168843567858813,1.3169177865337416,0.7679493301942997,0.9611974239674517,0.05720705603917862,0.3206348178887314,-0.10245079226395644,0.7202650510083161,0.9250943458995982,0.24480136796911425,1.4078073063917818,-0.23247878682178996,0.8522810967049991,0.22409294230342025,-0.11731818989503814,0.4454503027414051,-0.3952809989374334,-0.09689720701612116,0,0,0.8118326191344181,0,1.0
838,-3.835217420726589,1.1558100658161754,1.7336002832883586,-1.7482014184506809,1.7397880516005058,-1.3522424503342758,-0.12378498025724108,-0.4148996526264005,-0.03031892284974228,-0.10311404620788164,0.4666418649963562,1.3451552414267762,0.17127355069656525,1.0277171247046706,-0.7552221756731493,-1.0459900545731347,0.8750307140128456,1.067008873711615,0.3596654013037661,0.3847409473625131,-0.3458040239179946,1.0501148587142195,0.5843191283097793,-0.9092582890234718,0.1516727908971797,0.307686505408258,0.39625686382997616,-0.15193621783238692,-0.5876160966416111,-1.0095522971338726,-0.7814262921603152,-0.38656799802268355,-0.20636431383670117,-1.2077304058477005,0.2612727355770936,0.9424373268512047,0.2912089521248142,0.7472595649901959,-0.47883687514846446,-1.0357626767518338,0.11082529418905232,0.8302665422483764,-0.5803057399709505,1.2563459382373212,-0.6201891789547038,0.7232933683958314,0.7422356746308327,-0.20378022488302935,0,0,0.8814187499427447,0,1.0
839,8.678825341410432,-2.758747534805328,-0.7875960272976779,1.9828620422397194,-0.8022211344439171,0.1366034964545087,-1.3431505424479948,0.3374502449969298,0.39325767383182764,0.35298099414430767,-1.5764312054676801,-0.8223069272389578,-0.2514800130747869,0.29672915457728544,0.8749167543799203,1.8792306511833756,0.09658879837276342,0.13825649253366906,0.6442039205871515,-1.185615481600262,0.011757928605836465,1.9710438525559617,0.3448593458747512,0.963324491825516,0.3883754840297328,-0.6214031097258171,-1.1163589297297065,-0.30404737166127094,-0.13303357986538747,0.447255491329893,0.1011683476155837,-0.4603782770268874,-0.13066798110655298,-0.8964317795329992,0.2679356277444,-0.6355128856654519,-0.18280059828749112,-1.1961922783853214,-0.09437481391870668,-0.16031948825344614,0.7226033566419147,-1.304789042796195,-1.2048483735046707,-0.04575748283633798,1.492750126680058,0.8344808940556191,0.1745567624180458,0.8108239015705409,1,1,0.9982851558553814,0,1.0
840,4.029259828700105,1.8294526245950669,0.14756906522213975,1.3526068169785,0.8513697729259588,1.3038487740296754,0.9991909253326696,0.08173360588428924,-1.0588548744133504,-0.6009175418402517,-0.5087796516640497,-1.339480802696775,0.6111636098246539,-0.2139567331101546,0.8665914179932066,-0.41099314217728117,1.7359375642897967,-0.19435233206286,0.05382723416278094,-1.0918828519411712,0.883928441886549,-1.1023607764803887,-0.023306964154219158,0.5266705281954125,0.2970139781932009,-0.6662771682201151,-0.46194734294126655,1.2742991320332815,-0.04906531584700896,-0.11529900354281977,0.5849669082404109,0.15123116628552108,-0.4082860619289527,-0.8718671047694767,-1.0078605929879967,-2.260321839536933,1.121152493009832,-0.5986597138002401,0.8545484834115463,0.4433434546059388,0.3731245584472963,0.34537767196861224,1.4444233898304808,0.4164866354747919,0.7909962645013854,-0.1738987907977004,-1.3273809744313791,0.0855891368759228,1,1,0.903413520048193,0,1.0
841,3.154429959635391,1.824986530503168,1.5112578364660767,-0.426103440312869,0.4316252527970616,-0.2275859366537327,0.5813203281916082,-0.521229379241657,0.036458545051059756,-0.04726871745849962,-0.06272314533261174,-0.2633190809670114,0.5360606940488643,-1.1265220961251114,0.33268043553748666,-1.9851710973639696,-1.5994327002887259,-1.6672103955577848,-0.13473637468424,-0.8457805632291768,-0.14009576317409628,-0.3273057274859694,-0.06590254046374466,-0.4971503172548549,0.19131295213007618,0.2542519501214206,-0.02655200937696413,1.4276821923929082,-1.9035127989950378,-0.5608584402519201,-0.11198318920926242,-0.20418795305545065,-1.026173518295269,-0.2774861170656025,1.7750814822197023,-0.3305092637671353,-0.296147048318248,1.3320922652826925,0.3816196044668506,-1.1511350878591737,-0.07714097344605995,0.4150715740021018,0.02551557768435791,-1.6938923659586853,-0.12429078659828204,0.4821131086802383,0.72509807045824,-0.5621797519633956,1,1,0.9703359983983896,0,1.0
842,-1.9261990836121767,-0.3056437622361508,-0.33538046457071496,-0.41285137779535636,0.29760158662631003,-0.3288304948166216,0.7845494085469917,-0.8892560797478253,-0.3324111894546713,0.10911949869932641,-0.7495021147527456,-0.4441805300549676,0.5035141027499369,0.2650280327411018,0.08167733576293669,0.03481385365231448,-0.9320591822391731,-0.11689445628329949,0.6341941322498227,0.5337326884160523,-1.261092126148536,-0.5581007546630647,-0.10769125093249281,0.2780049025183723,-0.3897954169951618,1.3892412262230427,2.471012367127504,1.3689659990782628,0.8707972578883292,0.10193838886353508,-1.0107752538946135,1.220844437358,1.2935383356485557,-0.46439663908089573,1.3046893255148184,0.24681921629413822,-0.17001660590526238,-0.2964746359104634,-0.23335211959014435,-0.6518258297903387,-0.7114935956763204,-0.131632059823913,-1.2452109335495394,0.33419677482578003,0.4957927146641627,-0.025986501720590745,-0.38249123818200276,-0.0773978476919826,0,0,0.6775861702423719,0,1.0
843,3.7181776733620597,-0.7958970272235774,0.5461358912570871,0.7906922714275201,0.08052898678655397,0.3779483049232476,-0.12149159447056743,0.8384097920108259,-0.12850118189327475,-0.034004301732731765,1.4273736088375493,-0.026982689732835522,1.2310250486128942,0.9879690631849074,1.511959073206682,1.302515546047162,1.9090796965828323,-1.2956671175030265,-0.14881235146264105,1.47095940637362,1.0803079004850826,-0.060477463767324435,-0.39066997918266766,0.5029956063185929,-0.3814154853068826,-0.18188302583501365,0.11636180847501236,-0.20642751745290433,-0.662299723837716,-0.31498215430663357,0.048826609456768005,0.09907611537638078,0.8962328927634734,0.19637725443151222,-2.159630605557444,0.05897991889075275,0.07848214930548666,1.3459661715118432,0.8503671636160551,0.2597121325063018,0.45362526268998804,-0.05824531867439202,-1.0175845981597933,0.34320138199508426,1.4883437444402972,0.7393959346088831,-0.4267126357489733,0.6555810136849491,1,1,0.9261705198665294,0,1.0
844,1.5674975770059907,-0.8659379032225982,-1.5740063422491248,-0.7288890058279617,0.6951287751942775,-0.6580176522303208,-0.44894103059180634,-0.5180685568933568,1.1611642466470085,0.1891216165000232,-0.3164725035915972,-0.2524471629008368,-1.106066777355448,2.006399314264323,0.3816685294049139,1.2142687399121934,0.4018054865527875,0.7565488185793197,0.7155096219440763,1.1204254255572066,-0.031487317094132494,-0.5918634556160598,0.2522285614393276,-0.6181207363185105,-1.5461251760334223,1.255816440336393,0.5483975159600911,-0.3177075357294598,0.18344589021545402,-0.08267485698379538,-0.5628395691620625,0.9185492779895962,-0.7859997506601544,0.44122478808149557,0.8252307140910464,0.697317808080364,0.5342478373237805,0.18568865601497814,-1.298450121435288,-0.7735599505557775,0.14805050879306636,0.09682380694696774,0.11678018614495568,0.05523063486800468,0.4962063549486165,-0.4594593032787177,0.8649869265333121,0.16325069545146417,1,1,0.676289208989972,0,1.0
845,5.282976642819646,-1.5842368275818857,1.179085534076314,-0.8714080527099815,0.910779138741905,-0.6288923027357556,-0.7855855423643919,-1.5116033589158178,-1.9480627328952267,-0.8395897549740022,-0.14822044171295307,0.07607666002574262,-0.23315916341098564,-0.01807598577978261,0.14215566411890815,-0.10323845070249467,-1.3715669899577632,-0.8701498335502272,0.06278647784803575,1.5378214376930364,1.0123048851209426,-0.10399190424975953,0.19413478973346104,-0.7124110470551631,-0.702515565100464,-1.2009440187332971,-0.9794486239718108,0.5955731181381204,-0.7136760140282011,-1.618798301710062,1.046671389536044,0.28414791209662854,-0.24328562748715013,1.0469128918267883,0.05302584382313138,-0.5790820661600575,0.1389061921001645,-0.017706318382654358,0.8844035955502505,-1.4120818642861817,0.3056011473565104,-1.2188194238270011,-0.8482995721815869,-0.08925802325954987,0.05949831086557315,-0.009525901372482173,0.18326473792495573,-0.40603350902384777,1,1,0.9744978075823929,0,1.0
846,2.620886189827046,1.226025153076859,-1.5302698087284405,-0.24075631862584945,-0.19245370467505724,-1.58941703062972,-1.331457250770503,-1.1260593422896779,0.5237772399733194,-0.607660798232087,-0.3881054706599471,0.7657211786488652,-2.02528051959809,-1.1050219459839552,0.1374944561367261,-0.7059036938268405,0.2592289712001877,1.3504085222838096,-2.3330475936926227,1.1133204860374377,0.5467046645884783,1.323515470187661,-1.195964292606441,1.261749577287216,-0.8838213942153507,-0.8208945977409698,0.569405008675563,-0.15144324309289503,0.3493995088067218,-0.34588499834663966,-1.0407802832085622,-0.7583039663680871,0.2893830469275884,-2.1611557819686933,1.2493258135819485,0.6207941376707241,1.3809844783851175,-0.13331920596519867,1.1548988673526952,-0.17163083715297475,0.6749168682095356,0.5913252988895673,-0.7373804421718752,-0.1485054579111697,0.7168382792037777,-0.548835993944733,-0.8789510223474224,1.1398413237044709,1,1,0.8639006365947025,0,1.0
847,2.379211387675684,1.1165535014727848,0.40848230110142686,0.07189613258566675,-0.9614734887173426,1.1875386762216797,-1.5711155259319156,0.5285758852133582,-1.7132360315304753,-1.5097354252279165,0.4664878650002794,-1.3763863947882233,-0.19042749193264494,-0.826564838413744,-2.490354024916048,-2.4729972349489953,0.7574418500165498,-0.043295005980788996,-0.7651156823501295,-0.32880821167962737,-0.1429413243502304,0.8673648226488144,0.41424991201676925,-0.48621999572646846,0.2063702953414486,0.17979664444496568,0.10579659354744803,1.2758174178157549,1.7017251067154449,0.2584480736427,-0.4542277144003982,0.8567977918074231,-0.30965922287388276,0.4599637015109445,-0.14612094205823284,-0.4660600053052936,0.048942353183240944,0.6446603284194743,-0.8872565340421309,-0.2909788385610594,-0.03480125486214408,-0.21357488095664934,-0.3386347538173739,-1.1173959883175435,-0.9783809173331834,-0.5360825893718892,0.2672249232909192,0.9465911235408198,1,1,0.9043793350587964,0,1.0
848,4.8819714213484735,1.7203153664100233,-2.852081532483803,1.687167632025931,-0.17268184114136834,0.030357158325396875,1.271277909902609,0.6428023187214009,2.1252717775877747,2.5470976181399934,2.079217995612082,3.6956278120938073,0.4537556326258038,-0.21546778298131541,0.6245697432526095,-0.4861981935355841,0.2650719508230594,0.2410895711343723,-0.15469109355972527,0.6968026755363613,0.4279899019983828,0.9732432222093058,0.18373100378664595,0.24431583401736712,0.1788334508116584,0.8850027847076469,0.42124059948019127,0.10986217331057337,0.2838961042133218,-0.17928503893414702,-1.952257593433903,-0.5345776711352512,0.7629889763870015,-0.6272282867029036,-0.3311825121476268,0.20211040210173278,0.4923736492038202,0.5989998852319406,-0.09196015305267964,0.6986844713200958,1.4926936277772298,-0.027662253661238735,0.7698983987987735,1.7457567449816715,-0.704917572530345,-0.5492267217490104,1.2234719391775195,-0.6672654575116838,1,1,0.997003451055391,0,1.0
849,5.638094259177508,-3.154236214422522,1.2929272748239644,-0.8040890315257223,0.3162302648110846,0.7410752168275998,0.384332502022076,0.49569814203488827,1.2554410260381021,-1.1584887591252755,-0.5456135989718343,-1.0926235361576118,-0.16926096422611223,1.084946709785228,0.26786837532914365,-0.026352208418026955,-0.44965545678241703,-1.193565843223713,1.5356254659523971,-0.9155267942489644,-2.8707483419160345,1.6092361484232947,-0.5423505756320683,-0.5600489717411274,0.8291030393089436,0.34746434690661354,0.885958628459076,-0.6871779392568522,-0.5717828983893404,-0.32136390711642054,0.2062200032434166,-1.60805951057575,0.22717560493951294,0.06778207187655996,-0.09183913177136518,0.024688198069885682,-0.23282788966678022,0.4049017986386136,-0.23087767055863753,-0.3574667504168841,0.45689608991972464,0.47747845764946006,0.11709393673416114,0.6298664201683263,-0.18708301583830977,0.21371117706845139,-0.3347928570794447,-1.0065497234283671,1,1,0.991662766360861,0,1.0
850,-1.091538363686536,-0.11195667190518713,-0.40629205575119914,-0.3047870787489568,0.4181849443845539,-0.9187974423074919,1.5503363586561674,-0.5947415418138772,0.7319739313065384,0.6294679126850861,-0.06682238964323697,-1.3699255984235752,0.5270704807354872,0.2447212545665444,-0.2406085317228822,2.178443657548004,0.781488844662418,-0.34676661584273444,0.03991531863286377,0.7736221421233965,-0.4884107342122893,0.7919108279551299,0.36825679572927233,1.2736084155906822,-0.4925985977481435,-1.8654752793833917,-1.5556025828008182,0.13022611026653005,-1.2822916863803977,0.06051677635826691,0.4936421712102992,-0.7151122664771273,-2.3596898444940027,0.2413632404870625,-0.7216898683931442,0.1918871258108072,1.270603535655428,0.07139679443749497,0.2916577953482072,-0.3480905720264413,-1.2167853915136135,-0.2722706001556512,-0.09974181705247621,-0.20479613731508428,-0.4720774215173962,0.7682109212179258,0.23563036976467125,0.45671515996961093,0,0,0.7012704402607528,0,1.0
851,6.3911081600442925,-1.45543282705469,0.42839203642383605,0.9888992766019459,-0.8570305490657387,0.3512788941506252,-0.6726555894329885,-0.040725187733279926,1.2688216448000202,0.7208142835435694,-1.5968826262734925,-0.9456380089989515,0.4197366936860806,0.1754132415658245,-0.5877700517099362,0.39893555489821814,-0.2659680803358134,0.15663229372326595,0.5846818071742532,0.2194164806511413,-0.8816010763462867,-0.5195749998777786,0.8744143589860558,0.6254090174297041,1.140506014717471,0.7746024406883314,-0.31594779556254804,-1.335188843081915,-1.3073922144239687,-0.529630812331683,0.22640165613189073,-0.006940354159857296,-0.020102288999613298,-0.8923402726111583,-0.2984914386217055,-0.5121283619941912,0.10373540181099486,0.38331007124300787,-1.524900721375302,-0.6045838006797757,1.2980457375957255,0.371975515319263,-1.0008502769370449,-0.8795639779666028,0.6657339557562507,-1.5414041535741603,-1.2784330454332713,-0.003936676753690501,1,1,0.9807095676922134,0,1.0
852,-1.7835607845351122,-0.8643135151506515,-0.5590931551496816,-0.9253252928347163,0.48631221191047164,1.7933476154631274,0.7164605180501278,0.8235171767065084,-0.18630828971380234,0.4110356144557951,0.08208055507978129,0.9001534496956963,-0.036143989417369314,-2.6073598020376023,-0.3756287241868636,-0.146952254139486,0.210911214681253,-0.09153694110041832,-0.8396592571550501,0.13004345238443374,0.4841911090166027,1.1882169156706757,0.8830920614290714,-0.8780779931565804,0.4466886663993519,0.3765586512819108,1.1413543427172608,-1.1385320979079463,1.1351190505323372,0.41838575989380256,0.034812446919043664,1.0938540472139928,-0.10880731938327678,1.2549278954734988,-0.6505303576923729,1.5649031259333426,-1.6646070410595126,0.3070054018090247,-0.08172704621681937,1.441471893744879,1.0489097910530387,-0.6088761301248242,-0.19451286526419742,-0.3009573900966434,-1.0753493592781702,1.1682647813136775,-0.21309782167839997,0.46571035878419265,0,0,0.8435753847161374,0,1.0
853,-5.817559842873322,-1.0399044760723155,-2.613607390673922,0.8831028240285965,-0.7498617139691262,-0.35277545293120866,-1.09992922202281,-2.4255976142503943,0.672372851897837,0.9235282438301996,-1.7738767931512285,-0.3508357517297504,-0.6410573234664367,1.2247051645940734,0.13758472748126602,-1.2223275836603675,-0.17735041946581473,-0.34412014644378597,-0.5843588838274215,0.3445548687798686,-1.4167121096742123,-0.21719607851815909,0.3573964598173967,-0.82173921304455,-0.5718346651063353,2.4142087406514525,-0.6807553380788666,-1.0160393724977763,-0.9836773669056944,0.677288137973945,-0.25095843707406745,0.10767327798982065,-0.2845703584395598,0.38512981469700996,0.8293371320903196,-0.16553495747044544,-0.4671581138032311,0.46095300084569074,-0.044400117849758995,-0.08047130808359974,0.15727241611000706,0.3282624756084331,-0.09542368445172392,-0.40613347593998755,0.9834888300398381,-0.3489168344751497,-0.6398388864720138,0.4423176032458688,0,0,0.9811670806915177,0,1.0
854,-3.706485572762761,-0.031680697073422116,0.7903282389076162,1.7621491278547543,-0.0771708038524683,-1.459170050950077,-0.5559323443479205,-0.5718586229409772,-0.24862095162054865,-0.40456620240435986,2.4132573975629326,1.0322270037697343,-0.3668817267629706,0.17207497515434453,-1.138679747977552,0.3175565715294038,-0.5696967932175723,0.8264048662796349,-0.5231870307983779,0.7273031955297907,-0.4002163048629609,0.27376194433243495,-1.1402222860132314,0.8937146533873386,-2.102438230879353,1.3083795332403614,-1.2865868399935645,0.5262063615920661,-1.7815857831836035,0.6453706445314694,-0.9039426770310028,-0.5933931372007182,0.4470773432294896,-0.7400972758219225,0.027751986653185314,0.8805508048392746,-0.626279929546053,0.43543878744240166,-0.773800810021204,-0.39519585539317276,-0.3064117235466398,1.4152506725677956,-0.8553102424423599,0.23626625412665764,0.021167830808185916,0.2704354687633948,0.6290136687834528,0.3992533547656198,0,0,0.9002079973333859,0,1.0
855,-0.8931539720012048,1.268309658140747,1.6156912745450884,0.6486244388586047,0.4725344542096457,-1.128035038566857,-1.5433255940838502,-0.5183153892826541,-1.8596796587865627,-0.41215248339056243,-0.05872577205904812,0.05844862081362057,-1.3869242097938042,-0.8046487931066262,1.2012721937441677,0.5129949625201404,0.3979872125805778,0.5679223243318511,-1.6887355001980844,-0.3265258567919337,-0.7342143186106339,1.76144402921943,0.47315735107829304,0.10784324704234152,-1.135808308541579,0.06570975310438826,0.4360058340217697,0.3867205407157489,1.484448004681057,-0.5234811781671748,0.13410223151122921,0.4318860838869184,0.05610103575570911,-0.8556687111731386,-0.3450082719839293,0.34862174305283034,0.3000502321157337,-0.8576619235656632,-1.4159960124426696,0.3051983358576543,1.488983945377356,0.6605006541505263,-0.030083320586676576,-0.18578092556591236,0.7474355853111979,1.216923699568697,0.49170216950778267,-0.5248063256294382,0,1,0.5388608168621672,0,1.0
856,3.3329639624009153,-0.9001022100303875,2.352076794379621,-0.37842475106350987,0.07530115670386706,0.6009245448700612,-0.578690014181396,-0.3605407949764873,1.144587835217974,1.2672116233294282,-0.8717131093381056,0.7708373684741242,0.8812206760067735,1.075722650902495,-0.21801945429331376,0.8109262575868914,0.025386941272955623,-0.7189931245721709,1.0625320574350947,1.32954215766439,0.1627014939705575,-0.6298282224756906,-0.7378861619104627,0.7959380649258779,-0.6636955053670482,1.3626123030371389,-1.1448069053010814,0.22722892576555917,-0.008174201363538695,0.564096312153353,-0.7388870422158081,0.36848690936188705,-0.4553591025933968,-1.2296244836478902,0.8144442526950985,0.04112126669926243,-0.1765943675161287,0.4129181222660213,1.2175818848376931,0.8445489157015852,0.9832235110623186,-0.7196354298837486,0.6693995238718259,-0.9229434977472194,0.11489572804848969,0.44475123067995476,-0.2303260560443267,-0.3237616134694644,1,1,0.9219659105410704,0,1.0
857,4.825707069528111,-2.5139684405350593,-0.8455415587253603,2.144644275850845,-0.19053916354729206,0.024261532284504048,0.8967989220754393,-0.21933906611084758,-1.7585166006723518,-0.4540284812140075,0.6865631371624851,1.2242909050953386,0.08645538074033148,1.146524043784773,-0.7281892625494105,0.1917013860956394,-1.0857532640420144,-1.5583832640887931,2.217652866098948,0.6491499981070802,-0.5907878808848275,0.4315931525668137,1.6862648370457436,-0.28432568744943837,0.3203212045265917,1.071684838162719,-0.5674991189504516,1.1784436312006492,-0.776527135357747,-0.6066359540242156,-0.1810753607052755,-0.6853049837415253,0.9672530789584745,1.031473839871417,0.16045778052774878,0.13857969098061276,-0.02232751106135921,0.8892761766167198,0.8770730602952054,0.20324567339083166,0.06893528331484526,0.05319133640304798,-1.744947880216564,-3.4950272390034875e-06,0.4727497804572352,0.9080154639441581,-0.19632082086630137,-0.18018358168421486,1,1,0.9773710475015246,0,1.0
858,-2.2204753425369326,0.5725155399832991,1.7990760578741063,-1.3901523399002564,0.3146539591553762,1.2120178238386834,-0.22972247977592092,0.9215822352476263,0.7037339963617575,2.154210599209574,-0.487006389376174,-0.11696412879916573,0.8584010174772299,-0.2243674268016151,-0.23437789033420758,0.6881132592484847,-0.07206420833799802,-0.07510976183051943,-0.9583102925583199,-1.8364574866969223,0.5699562765537057,-1.123303079148472,-0.4361837096218229,-0.006146452534613085,-1.2494180015769936,-1.2452050041314753,0.7368078536045123,-0.8959233151307724,-0.004252142407291522,-0.8412497743208565,0.4400897544868462,0.5225037342243487,-0.3287113102010607,1.1419016491909393,-0.23456207724087477,0.026895418880896554,0.6675951289105281,-0.44324776970375573,0.25452417338752253,-0.9424381447695482,-0.35135203003963644,0.22699335978744106,-0.1681431249116331,0.12143812995047319,-0.01984176742699291,-0.33684458935619455,-0.30893966374010645,-0.3941896870656306,0,0,0.8659675298041157,0,1.0
859,0.9824939886500271,-4.688673382339545,3.040524601823392,-0.37764508362791516,0.9746644621275898,-2.3241795193312864,-1.6974558657047016,-0.30284274469225014,1.4870178275027988,1.1700798897383233,-0.9503590859784113,1.0976146154745627,-0.19446622296377583,0.03386997995676683,-0.010153397875153288,0.033531096601756384,-1.4351237661072027,1.2739370372419023,2.136444239206799,-0.34624892116136435,0.9347139156370156,-1.2018259187246625,-0.22037476097559622,-0.17832441882641825,-1.3613880938214034,0.13918554030278774,-2.320649090578808,-2.2367193857371874,0.0629942966823479,-0.2947219398570427,-0.962739797451584,0.8197832411216847,0.12864140886508507,-0.17031323722221656,-0.4420340666376478,-0.30740491525504743,-0.15400329124921713,0.2831077507205227,0.31063890353745677,1.2963214190709649,1.3724685254610969,-0.12177382270751703,0.7003463333063145,1.6316030612814434,0.5902004602115639,-0.5220468348963561,0.16173682949618312,1.3834681435310479,1,1,0.980795403457071,0,1.0
860,-0.8524882134339348,-0.5675564822183123,1.8791402543873728,0.13723324177336696,-2.695865305671912,-0.2571077526868331,0.1876441226717913,1.3127155027992539,-1.4853065603760063,-1.1380528952334743,1.8255976714044124,1.9859335678475636,-0.29473690676102504,1.5578083793116229,0.5229062944650948,0.1773062367243631,0.14555334944176163,-0.42329052874764467,-2.2886606479474665,-0.5868071179857485,0.5433540230177192,-0.6857273417399784,-0.6371206962768722,0.5366249538815744,-0.316686634799114,-0.09924327524215944,0.4385692093197135,1.4643115834749558,0.7068125816066627,-0.8723137725689684,-0.8350017568042397,0.717995428102689,0.23587000609531567,1.1671920124827297,-0.5255512295154532,0.6032107806579509,-0.3237050186457342,1.2424064655625433,-0.9617156859419533,-0.21774867226480676,0.842978896298014,0.3483970613893322,0.565874219754598,0.2592089117229944,-0.11544232950135717,0.6693575246854242,-0.865920598871252,0.18778428155622598,0,0,0.6548832033220978,0,1.0
861,-1.8427923909506079,0.0856086670780836,-1.7896889072655655,-0.2827773514359032,-1.1149807636233193,-0.13767118889939292,-1.9809735570090292,-1.4387829120195994,0.7305331549432301,1.2227924554365326,-0.7468699753577399,0.3054479765495322,-0.0927572343141436,-0.4865326905538628,0.6615201278625007,0.33078391647096733,-2.762033386115097,1.2772415183924268,-1.2351279540691225,1.765624999630072,-1.2581959908516043,0.9739578417422419,-1.4114823950589,-0.029977424274437368,-1.2096753358257855,0.45164273325706583,0.6385340451065744,-0.4495897419838187,0.8635109832858517,-0.8251382027321514,0.006665199198668064,-0.44203293827242396,0.691463453041308,-0.367441951600028,0.25303615531314955,0.18492088573638862,-1.0772692480913892,-0.6264553273962257,0.6289266088693765,-1.3393073732983456,-0.8669506347553125,0.9925544768926664,0.018466210894165256,0.9721000488205424,-0.6803054155869803,0.6584261392375712,-0.609316891021273,0.34778691678021784,0,0,0.5863240292486884,0,1.0
862,-2.593768923545167,-0.5366074687767655,0.4131256709838399,-1.7773331149430056,-0.15607936738385528,-1.38526575544034,1.9180969405370305,-0.013912927123931615,0.9781842377774451,-0.09695002682960839,0.19893318716455913,-0.12913551433421144,0.25781818344717833,1.2082194118164513,0.32063180384076256,1.0797043201062528,-0.12249553155802095,0.08777096988428339,0.3016477860801627,0.003587841635269192,-1.1725598948206597,0.9135492387079529,1.2986961046159657,0.4726002182846967,1.6676692351321503,-0.7076869472641195,-0.17731423723400788,0.5710659716684745,0.6574100475461554,0.19645234706903497,-0.47140215198298047,-0.22840968723252633,0.014254836483311922,-0.4043554072394593,2.189756572375062,0.4264857460605184,0.5110761569310628,-0.15530110790039256,-0.027601013507448875,0.6503606702501961,-0.15454509732299923,0.09617531433487574,-0.18823826366194343,0.14687656138278443,0.8800458413222103,-0.18264895047008237,-1.2946263460242644,0.6644783120246224,0,0,0.78768022666207,0,1.0
863,2.8047609558866013,-1.7339107609901288,0.4294278757470699,3.1405054755777586,-0.07840719570343947,-0.05736462315542124,0.01055203230772102,0.14293538769232758,0.9180515634883238,-1.8800538488397942,-1.1096535065509894,1.1625519757020308,1.5208867917607656,0.41544490273910634,-0.6178956612305774,-0.7259634763588679,-1.1681204419600784,-0.47359333576330986,-1.2780632906319915,0.8280076100361337,-1.7083025382464265,-1.4733791730149173,-1.7083154072197115,-0.04495694499032276,0.7099554422829388,0.44262986940315296,0.32106611025035103,0.30219042153578574,0.5909248727821736,0.8407154571892717,1.5131856829758383,-0.18431842112122848,0.44225354397076994,-0.26222906199830576,0.1935615490118445,-0.9157637001180682,-0.787835612094534,0.2527735641281154,-0.22044127609569272,0.8733196168473986,0.45808362617835746,-0.4711449657599608,0.012703797485208654,0.21815846138905018,0.25144337004854095,-0.3409457419100728,-1.238780043165343,-0.5114239361127795,1,1,0.9388677953200956,0,1.0
864,3.2166382220267886,-0.09675443044177294,-1.2580832457702025,1.68106123416367,-0.09139632387748856,0.46377209132222214,0.4981967608473143,-0.27944768654741947,0.8009489232946576,-1.1820709720353422,-0.3476869284009346,-1.6286189064812446,0.3592673633576232,0.6899700471504704,-2.00414115637368,-0.0600773857798236,-0.165424391628261,1.0165080343539394,1.0782876871901033,-0.3702139229708825,1.1048086008918234,0.15833701100573763,-0.5088264678155465,-0.5963474951984279,-0.30973793785662573,1.0441481190174953,1.4897820738697876,0.3299673530798241,0.1343522063709117,1.2690385839091562,-0.26874606020121194,0.6889682748469355,-0.4376555526926142,-0.21007507085006275,0.12773431799191126,-0.45535976761746855,0.63892810054835,-0.3501554962134216,-0.4480745142282624,0.08372196196903414,0.9334681556623716,-1.1173481201153252,1.404024592697294,0.46084707232010136,0.1950428174223985,-1.0943111597192459,0.29707931469197074,0.3061658418479571,1,1,0.9253186077663549,0,1.0
865,2.065888586932991,-1.4494790164577485,0.4802418695681886,1.3093959481502544,-0.4742960569040493,0.373689417097336,-0.46855798141400473,3.182687189692302,0.7826955859466704,1.927254028355398,-1.1807739007472602,-0.6676270885842289,-0.9070263535073492,-0.7892839479764754,1.9156046608922197,0.04298983784817269,0.2661999392143483,-0.06233190904635807,-0.29326618231859286,-0.8258133526554929,-1.483125169281006,-0.631315514039648,-2.005344381749691,-1.1299024069756294,0.3822784062875078,-1.2452621967605741,0.4324657335772756,0.11901576283119074,-0.47776734830638384,-0.23501704499751996,-1.1901251378080733,0.2769546122453561,-0.17817907497563248,-0.3220356408301238,1.2329345068262714,-0.15474332373938177,0.29575977046315477,0.10229036471073208,0.9005556350238499,0.5305765213346473,0.34214401992552457,-0.34556020348749406,0.3117572762876577,-0.6965820525626286,-0.18487954044733101,-0.2029356753591295,0.2597203510322389,-0.19491325823721684,1,1,0.8215739521313316,0,1.0
866,-3.0608154928939975,-0.08888295550612364,0.2576674455453033,0.020188888182777524,2.5529229378770917,1.254190578575054,-0.07704983172466466,1.7226079631857365,0.8044744291958317,-0.5673885563040082,0.4184563586802892,0.5648567763894011,-1.530685016527165,-0.037646525548276195,-0.38426733358292015,-0.7589200108012208,-0.5219718513730225,-0.3489255084573767,-0.3495192568406407,-0.9793549809851172,-0.9985540061632057,0.005767586335187373,0.03935282887679423,1.143404833533914,-0.6701427978346647,0.5010431729698456,-0.4776975134633174,-0.25919339835799016,0.8436435697019565,-0.7875822109085523,1.2569050090824925,1.1766490486599492,0.6676940303489702,0.35911738870580556,0.3796315246967927,-0.9092797336259175,-1.3288191834328904,0.6672748877290465,0.9319097742642299,-1.0353360480048033,-0.5770353848761907,0.0340925516918984,-0.10087404683900035,0.63946866704427,-0.7585438147918482,-0.24683861701745766,0.40070692184558987,-0.697665489396875,0,0,0.9454624707695297,0,1.0
867,3.676549765040897,0.2147836668815483,-2.558825748740603,-0.6642395780265444,-0.10231176190868793,-1.5761525832103631,1.2031148039618693,0.9001710694889749,-0.18934127334985074,-0.6850894019576681,-1.7823265387215823,0.3953363620220915,-0.695496215454313,-1.3707275830468093,-0.038879005458258536,-0.8051811744879585,-0.15955820444403238,0.49772711054302204,0.26281838348407927,-0.3068046952861727,0.6099951053158609,0.5013854137098801,-0.3218711919756525,-1.234895014786856,0.48245637538320385,0.6910097800808526,0.4685928835217434,-0.3767302341674743,0.026764995638031537,-0.030526712521447265,0.2830758333061176,0.4298425931377969,0.326331868151484,-0.0942081061152676,-0.3045751507366634,-0.4475109046691426,-0.5700592560960609,-0.11102870481288568,-0.25943451187483235,0.363381488598893,0.9283594388435514,-0.01485160765058964,-1.0295458583786976,0.2035491007243628,0.3852296126431951,0.7146349163114676,0.39787315842886406,-0.3503334248908738,1,1,0.9259395857538525,0,1.0
868,-9.51858017084643,0.6589027159994206,-1.7789331773653014,-1.0580879890465964,-1.2859766952286895,-0.6777339452828999,0.9186445869263804,-0.5394707050468638,-1.0094985746096616,-0.16308178471711868,0.8230294189952081,0.9377980084346322,1.1366248416497886,0.6012160508057572,-1.9492233166581086,-0.757425615635336,0.15682667973402162,-0.49970341009356617,-0.26884660862385373,1.1290370369998146,-0.9547305157430637,0.5242533162656122,-0.5467775146381494,-0.7394194787874504,1.0051549309854555,1.0626366008276105,-0.14215624138236424,-0.9308226382889041,-0.4306137360047386,-0.6244724812130782,-0.03922670717288345,0.9145749756951367,-0.3891517681963956,1.9721808974724016,0.5371718248452692,0.4000778717031162,0.8754906787557175,1.8050855056931678,0.3434541538836633,0.2853781848115383,-0.5254540550216746,0.5482538017078951,-0.2240863215349636,-0.01292393973821472,0.5320787288292766,-0.4608852531180535,-0.153589957012786,0.10115408218298291,0,0,0.999291902703493,0,1.0
869,6.1932348733654905,-0.7756587913838543,1.7979171175498787,-0.3244625404518996,-0.7166941549595536,1.449636399386836,0.6804297387003396,-0.7265084673492904,0.017575356238315094,0.44485479264284944,-0.6946802772984807,0.4090518935349516,-0.006706273300582409,0.5935736283482237,0.14303276951303695,1.1506372932929876,-1.1329300811692136,0.5669473951363558,-0.3386505210859531,0.5387088899891009,0.6307581192596495,0.35676396358052737,-1.4206116859598594,-0.05748945428688203,0.9236125363213594,0.45451071716073094,-0.3996657080754212,-0.5608006594295415,-1.2976300915621832,-0.6438217757055585,-0.453715551319213,0.5413461399395818,-0.19365673406045417,-0.40469435760026873,-0.3771299689410068,1.036269320076351,0.46570508728159726,0.5910744372324752,0.1313505973571395,-0.05919269522824089,-1.3403618898055838,-0.1714419069963302,-0.1904882206905352,0.11327425225068252,0.3391463311200578,0.7934071036313031,-0.4568641321785291,-0.46685435861535424,1,1,0.961759856958718,0,1.0
870,2.8482638296565717,-2.7903625206960085,0.1597293171623969,-2.8738420513676863,-1.0807915855985768,-0.8215251251421989,-0.8761700068123502,-0.2035475157953932,0.31393612143533406,-0.5014370695267161,0.04063483782353402,0.09337168461637903,-0.026398629895865996,0.17637857151159023,-0.1909172125476402,0.044394915285794596,-0.006898982268110436,0.5244797845356846,-0.7344231661769784,-0.4388220399433315,0.4860084567827778,0.29619743988852765,-0.6400722065007349,-0.5428231837834931,-0.31954227927887796,0.5402953094051652,0.04612041356764343,0.9254648263565961,0.057831495478774905,-0.2338475720759637,-0.13459794598670188,0.18775427878479456,-0.5956358008315726,0.18824284237197952,0.15487151021944703,0.1775915883501189,0.5808472971586165,0.4322947294754541,-0.1129125220609388,0.1760189989676702,-0.7055943133272485,0.2739396359212853,-0.38611748575727967,1.0108430268884618,0.01352050699777003,-0.08175439432800731,0.29790940626925766,-0.8137474252287392,1,1,0.8419045047020502,0,1.0
871,-1.2637342624269186,-1.0425976077682388,-1.383578986274191,0.4820329832616209,-0.11981556290823454,-0.42516584997267576,2.328370100956746,1.2156003264102289,0.3509674359989641,1.5132498949545468,-0.7668313704672771,-2.1824477137817055,-0.16904721050508803,-0.43566444387619524,-0.950062047919055,-1.7257258059239162,1.541032584706078,0.4612314020945953,-0.9843230207514261,2.172355267313577,-0.047255364662119624,-0.19065968542640813,-0.2837900776427493,-0.8299459603907103,-1.5091823701888576,0.4035986973869707,0.4380230422343424,-0.0979302069513759,-1.6345254265490439,-1.063315902412096,-0.051350036880367995,0.16548190291056666,1.2555579844542386,-1.2786943225123442,-0.4918996694770084,1.3123693611106186,0.6744845532689496,0.2813982754769201,0.03907768335660585,-0.324014396983459,-0.23504666164885768,-0.7984274980837403,0.22114944934938957,0.7654611288066547,-0.8254466414684324,-0.39808394040014305,0.8756958396887118,0.5933371580868106,0,0,0.5738889422985454,0,1.0
872,1.79153678006356,-1.5797117257336424,-0.03711139204121446,1.7102721592072145,-1.1033127137300036,0.3962633591343044,1.7006342222025055,0.28719738110217574,0.7448611077247409,0.9733190600386762,-0.7064206828606117,-1.5554360263184661,-0.36932251770843066,-0.6817222549691099,-1.3739275765896675,-1.083009492471649,-1.0519470081890918,0.9053063678801317,0.0268305622261706,-0.6422096971163552,1.4606336521630996,-0.7911998700023086,-0.4663720025473011,1.4205850272138822,0.16428199342464433,-0.7303302327609634,0.4444990539306517,0.7494481264478847,0.990812327741471,-1.3447331735711792,-0.832570754746218,-1.02887191986463,0.11607606645749843,-0.7266259354791257,-1.1795210412943045,-1.233640777496401,0.5240707791080845,-0.26022734598595376,1.8259941428683324,-0.8704090623039934,0.3408329244912024,0.18701839429951894,-0.04016426633360284,0.5960819442482792,0.21426242076014682,0.3682069896006099,0.3720118613575977,-0.6528999919588895,1,1,0.774349929226732,0,1.0
873,-0.21505496229299084,0.2638885053414479,0.6414743387534884,0.19071582436225434,0.06838202225317179,-0.1007084850166881,1.4927456009648425,-0.6965964962733712,-1.8362726476552187,-1.1734248639683138,-0.41273997574839205,0.31251488547804007,-0.003935485194698915,-0.7381291253650072,-0.1411516593758343,0.10559030225440656,0.9958299300012009,0.5754356066698335,0.21109727530268668,0.6887256153846728,0.32034959083090425,-1.8219067921588068,0.21992377624378753,0.11012134786255937,-0.09632525022675853,0.9049058134013953,0.3306511269522057,0.32309345915473886,-1.330603323506186,0.3075835953167368,-1.5888030071680659,0.8625294752765663,0.4486480499859895,-0.9883968865166465,0.9422838901301923,-0.609149212639939,0.9073769762297552,-0.7727594472279765,-1.0792828831279038,0.2361214643027128,-0.5109254120936645,-0.9861394231597919,0.9810060124865656,0.5528966975710006,0.6836595897795922,-0.10159598525989422,-0.10996135497050435,0.8010986536125432,0,1,0.6874837448135832,0,1.0
874,1.0162409273494268,1.3731901262201354,0.8768439273380146,0.6756929709890837,-1.7105059300857512,0.5441717140397807,-1.1469572473767835,-0.5281701722217395,-0.3362689838343609,-1.4756342361575039,0.10360740784214985,-1.204091080004865,0.08593007018727451,-0.6232199803513525,2.087789190302759,0.3208217226944492,0.6818319869676244,-0.09732134680675855,-1.361078363757662,0.3595190405021638,0.4571881438913266,-0.03517801305407064,0.8173207679312502,0.9900561940348791,0.38894989403561503,-0.3737791665539415,-1.4876576845601288,-0.9131490196949321,-1.1494567755692653,-0.16021394640905867,-0.8496235125914544,0.006862941738355944,-0.03391191368551824,-0.24008028119330038,-1.5323859355850722,0.31121478742495196,1.2946112104696301,0.5124270741819257,1.0190005095774763,-0.2237883450107438,-0.7951248322987818,0.4270753052679425,0.2264057990608955,-0.7102037903991841,0.42367647881645504,-1.087341943836602,-0.4668570359775297,-0.7235890317811875,1,1,0.6021565331620308,0,1.0
875,4.678618247128965,-1.1889711117723918,2.665166795350111,-1.2602739350242258,0.273509786639474,0.6673729244266631,-1.6282266260407456,-0.0023928077774266407,1.0736746622200088,0.26310846858164944,0.44791431226968814,-0.6121023159980785,-1.3825798575008668,1.6233852026651794,-0.9774392000633416,0.1903778952932262,-0.4882036263365916,-1.0304683219908919,-0.6372535509184138,-0.21025231159953972,1.5697058129039534,-0.47390329871730447,-0.722384900671286,0.4857454743852979,-0.1554127585076461,-1.2475031082654493,0.7999121016094387,1.5850723949607313,-0.9460096180072081,-0.7597573584136321,-0.28703359836492487,0.6279902025286187,-0.04622578221346612,0.6367206952366713,-0.8640756885521899,1.5117029900200345,-0.6758179738953566,-0.5859292756219256,-0.7073785740677339,-0.24240033018518595,0.8706306356935665,0.2735419439485204,-1.0109657581750429,-0.4665203994373837,-0.4228525086912371,0.8032750925466862,-0.3194038315795343,-0.1178089650091166,1,1,0.9549256373846333,0,1.0
876,3.9362604465832556,-0.3086591025285194,-3.3143842821026004,-1.2206687450668172,-1.1116125581644478,0.9277507534773598,-1.177151286451761,-1.9048999300731604,0.1686806591197894,0.7494991988994588,0.2562042259374935,0.22133263288652938,-0.17295695740711503,-0.36507183105022417,-0.2907110549724802,1.5216134458179726,-1.1744008186866983,-0.08564963899513932,-0.12212464302940522,0.03797369142332402,-1.2137047601958137,-1.1697250414949811,1.4964269180802976,1.7579562917826714,0.3576788417320244,0.18196309686392298,0.485868361576265,0.5770009269719182,0.43896742934184035,0.230626650080695,-0.6167404154634623,-0.5199448662709816,0.5337348085072041,2.131847428451161,-0.23446515151718486,0.334334230521484,0.5331854709091289,1.2740669729355463,0.2606568308884776,0.09040642382907285,0.31899331446935336,-0.47674003352165056,0.25443420884057777,0.44258759265165865,-0.4376248356795369,0.10302450647044188,0.38395430938313846,0.5822137750148523,1,1,0.9502262370972795,0,1.0
877,5.722175043857016,-1.7656101772676347,0.12411309169868456,0.9229598806071327,-1.3721793096881467,1.3182615642782531,0.3008350601234054,-0.045097011838059066,-0.9344526294347457,0.9608399788294842,-1.1915001514960346,0.9790631930826093,1.5566586118356092,0.7514147322692868,1.4201570344049892,0.5861313427571003,0.2463041968588362,1.3016489685193868,-0.5547237910750337,-0.02139601293173635,-2.4204120819529478,0.39897738781497716,0.8815116973449416,0.6127701524974958,0.30060511878056656,1.0062545427095946,-0.21075048017447556,0.0547197297894097,1.239752417189953,-1.7113113455712239,-0.4277059588092885,0.9777787258460326,0.980608165537249,-1.810226499892006,-0.08932272805957558,0.7025159511029094,0.4888182986644846,0.3954816346524552,-0.06165684473812235,0.7208341529772935,-1.0722672772010686,0.6266724384471859,-0.4374662468333168,-0.4577255404716459,0.7457486141345798,1.0001897844644585,0.9846944688434147,1.165557374555582,1,1,0.9771117156899732,0,1.0
878,4.6631901310111825,2.291328637559335,0.8016041463174803,1.6519454818412014,1.4275775070267909,1.2960644342008125,-1.3518031733723916,-0.4144067808209151,0.7258149058012995,-0.05574704557581534,0.06047201840717689,0.5665668866690999,0.1891769414593561,0.7259547511894625,-0.21989169572965056,0.4480609553946297,-1.4814954858448555,0.7481320306226173,-0.3048512438114583,0.1506774901338259,0.5880804082616888,0.9084630387250345,-1.6546615751094105,1.1426748205524664,0.524477314508514,0.8000438804178175,-1.4217240589633744,0.7774176029323295,0.7013609015531249,-0.006450349901425279,-0.14525757465306555,-0.7098198805589002,0.290816277133019,0.7440778553720234,0.24454492434476163,-0.7359727971837202,-0.8552976924469164,0.4177104938337138,1.3939420339066568,0.6573405151241369,-1.0998981153465537,0.10935902463351146,-0.9631050095864181,-0.11497504414962707,-1.1149468942246334,0.6538009769380039,0.465103144740077,0.13942702557789763,1,1,0.9389725455296788,0,1.0
879,-0.59138351818086,0.11426561110990985,2.3591528841115936,-0.4732194324476119,0.5887203625792787,-1.3828283369920333,-1.3870662730264618,-0.43884840150722965,-0.5721373173890315,0.9062556427429513,1.0934792831716875,-1.7949857980606139,-0.2215496475096574,-0.987308820899348,1.8319677670085062,-0.9963248127965467,0.37455209083804714,0.06143175488320273,1.7261447719223755,-0.31907642992214735,1.2593870225137855,-0.02947976713320993,-0.6120067205902778,-0.5995281263463431,-0.18942880427086337,1.1256340594663803,0.7725176620879919,-0.4812623438782365,-1.91962905404137,0.20018230000207485,-0.1406872599465064,0.6019031888605436,0.38185107261777074,0.3266101563994871,-0.45994456801000694,0.03739028442756521,0.7546324158277393,0.6558689787618592,0.0398926361634483,-0.6480269416141735,0.8772263736054813,-1.0410066998326888,0.8260501208162887,-0.47326852393897506,-0.315826006680526,-0.298638367623087,0.9272801489239009,0.4247523442931123,0,1,0.6990986195399543,0,1.0
880,2.45221256035261,-1.0715660862323575,0.5204859111041646,-1.202313699985229,0.7878961619044103,1.0074732392112749,2.272448866645894,-0.5847555558730406,-1.3560793118759402,1.2753245731645375,0.40114441040774235,0.30830170868700424,-1.808790573652402,-0.90915299914292,0.4432130251367947,1.7775941656088698,-0.05565896261256802,-1.092880556395124,-0.5869804706677566,-0.7376050627081633,-1.1165677058563583,0.6260824604865607,-0.7761443308922932,-0.2000152094011744,-1.2234964505774883,-0.546686775192607,0.6137061855695473,-0.48072502343958673,0.5376818205341869,-1.1443765590319392,-0.4718879461793976,0.8931250695545494,-0.5251733787623345,1.8074068857116585,-0.5034111722316132,-0.7573685338090677,0.6211857963776488,-0.07531923738314844,0.000524857385213296,-1.6752609717642362,0.09870232590875294,1.423119017187978,-0.6386765680221855,0.5163859761731406,-1.047272429857222,-0.21330280363294463,0.9482499452425359,0.13876966035047059,1,1,0.8857030606551415,0,1.0
881,8.641582853019804,1.1657588181672398,-0.9466908496219707,-2.2783815393686773,1.2947395797138064,1.7343430415217755,0.010155463308412056,-0.4197481120751468,0.10085332397650933,0.843204887471496,0.983280565195315,1.3819096567342668,0.05658702131237255,1.019694416560595,0.38455373065905235,-0.9295353564653215,0.9282361943232749,0.3248700524778915,-1.019162366214278,0.34121767251232604,2.0550023081919067,0.7964429474410366,0.1732698160651159,1.106498807820444,0.3152707773573827,0.5194075836454961,-1.5840975487313094,-1.6065279375582553,0.09471899886964175,-0.42272566836702985,-0.14933086831158862,1.4973568310723284,-0.07350998471656604,0.9169906001717731,-0.31287982214006604,0.08274393985840589,-1.859472074722073,0.1659008800644313,-0.7337618602170736,-0.33207941514147904,0.20434515748259852,0.3398190936828222,-0.45451167219484684,-0.1345241782939589,-0.03700055397082688,-0.5180075172548925,-0.054546583693057836,-0.4343155696728342,1,1,0.9928560721903549,0,1.0
882,2.23845060219972,1.0373853204739365,1.9899570613267392,0.1335324324953959,-0.9375175625644342,-0.6570829788573153,0.13811325751702647,-0.9676286621011236,-1.8731352416922555,-1.6300107226788259,-1.1320677294414496,0.5169506921845088,-0.9278474848062436,0.7945336651611693,-0.832888311709416,-1.4880612426087283,0.277491644987466,0.7962558549279629,0.45321596769414657,0.17640797885958234,0.9461358116868969,-0.9782518772768136,0.2791213066293381,0.9799066384225261,0.09817986286022701,-1.0273220684200373,-0.6647939428396242,0.8093148973649802,0.58401023125405,-1.004445049941814,0.9475713762565199,-0.4294794254734297,0.5698559454939326,-0.12811876487824572,0.2069373488525269,1.641315274794798,-0.9012764441568536,0.570500068678043,0.25775561922267143,0.37566697509188945,-0.32301446828879343,-0.4128564998020933,-0.46694638445806874,-0.12658256308697338,0.6819161906610304,0.0026971996761454495,0.4466321710617601,0.5453067754676847,1,1,0.7694960441350585,0,1.0
883,-3.3521484318164103,1.7114441772015696,-0.08728870794138456,-1.013424161233855,-0.29400172051398227,0.455182837563182,-1.323024406936705,1.1950671279866552,-1.3466103251632635,-1.1767858570393224,-1.5932942361757165,-1.1962628825867083,0.4277582393337068,0.8509333818001947,-0.7159770781240283,0.9288304355195951,-0.22898683590374602,-1.101988951817424,-0.18149683765159644,1.4942959550989658,0.3928042285523879,-0.46179420594497894,0.7127916074001441,-0.2355267752365702,0.0017214005156688352,1.9871484992591704,-0.3624461509269322,-0.00039533872928270477,-0.01485703699746833,-0.19383063109268686,0.748921220764307,-0.38993300473623477,-0.291657523563289,0.06450677808959847,0.5777373749438858,-0.26362656328161965,0.4448855276652492,-0.7172186755065262,-0.1458799308747446,0.5733520842428044,-0.879021599135881,0.44742419871371786,0.3935343885577437,-0.8114367579399473,-0.6458643645670571,-1.4694729225369425,-0.9285042813506903,-0.724985349750701,0,0,0.9346100422956732,0,1.0
884,2.501651751038236,1.365124685803396,-0.8943308808046533,2.411607391308968,0.5795280819048185,-0.8377019507045812,-1.057522903688546,-1.8522820870384935,-0.20915438289046692,-0.4455400233425013,-0.043909172723773524,0.5911067976722381,1.8850409653268214,0.4373696965886635,0.2319910840633161,-0.8928129310439699,1.8645168828141976,0.279612715875092,-0.8197997114892013,0.4733027495669662,-0.3891824022556328,-0.27569433964878,-1.1872942160209676,0.5539609794362915,0.009964343375602164,-0.4655427315227822,-0.5810092851873921,-0.4812660971457993,1.544416253052556,0.8176702106647866,0.18141891349195122,1.1893945856596069,-1.2538757073479108,-1.7255370512749815,-0.5105812995431868,0.3269777879500198,-0.5605783863709193,0.056161968543114275,0.7237273322051483,0.0262015030835154,1.2766234631589282,0.39779364679556684,1.1059242162307257,-0.3101327345120979,0.45070164586111305,-0.3971590834106458,0.7512636208687731,0.5266517384951643,1,1,0.821432806250028,0,1.0
885,-0.5336058185789215,0.8510815187418631,-0.8984657757514115,-0.5996106513125332,0.4393313693653143,-0.7129509092334059,-0.13540731449344254,1.2003966264466224,-0.49257188897786447,-0.2507238982261232,-1.2563149337684665,0.4619374380384838,-0.027713414273124376,-0.7399944274883297,-0.48337522412732853,0.7575866330522704,-0.9099320082181145,-0.4294243002557246,-0.06171590292372156,-1.0377797968742644,-0.8317746025701518,-0.46544323725964476,0.8704316547641037,-0.2864167269745774,-0.8891132256381429,0.6054077307507977,-0.8655292406030626,-0.5839747954211592,0.4321435577812172,0.20385944006096748,-1.674141555327193,-0.07154259865626844,0.16861930833811856,-1.2518377671954024,-1.2580306944612765,-1.1723597524485123,-0.03729872255228704,0.3131829854760691,-0.7855792946455717,0.05338077790912215,-0.4072957714036025,-1.6611824796548418,1.5794088248360239,0.09543276058704099,0.06808691566453555,0.2513700896510241,-0.2620116367596815,0.9731398385088925,0,1,0.6437715224868228,0,1.0
886,0.1937945884253556,-0.3476127755312655,-0.5194229305140351,1.2527993449399963,0.09164788992212894,0.4865394409049183,-2.1808333756395633,-0.32852300780932275,-1.6131076561125113,0.8181763747144981,-0.2272546529596475,-0.43338563760350274,-1.5624192977945837,-0.1929564490794206,0.6910140379963675,-0.5665192951063617,-2.418230347559087,0.19489212158078875,-1.1546276326943086,-1.5586865795285147,0.08597067364253244,-0.3379178025808296,-0.5702708104572567,-0.375206756011125,-0.10251648180828021,0.6153694691662414,0.8722222374518804,-0.5740601433548495,0.41488336593433633,0.7623720408638224,-0.16287135563337127,-1.021745648601991,-0.9030190373325052,0.8635012479904303,0.4426950747366455,-0.3453386809155219,-0.39101302778395614,-1.15074182104466,-1.1470794165707303,-0.24927270067069246,-0.7029941243347657,-0.3111995700559054,-0.11870206136620483,-0.7916041218296535,-0.9571499566792872,-0.8004001094791403,1.0562045145249903,-0.3736640732906107,1,1,0.5874245841529616,0,1.0
887,2.587323999654914,-0.29925061097809513,-1.0651614372236398,0.4718035013062608,-1.173019662096697,-1.2855078739376073,1.832439165927828,-0.14618182408658814,-0.04218198474490865,0.4419522312545127,-0.8157835123705457,0.8683271996209596,-0.5899540790819208,0.6250523280068386,0.37666211517201387,0.7305372073574236,0.0003707284573107731,1.0940315413697472,-0.4597227946323767,-1.1775152460657436,0.07585199982036664,-0.3201735600887195,-1.0853705262688442,-0.723381415831174,-0.6466900665232274,-0.5618209575002898,0.1148829849872579,1.4290887381584967,0.23281808197818507,0.1802656895813653,0.24213467360303406,1.1315368837613173,-0.033959432042269054,-0.5517071568709168,-0.2531331154072611,-1.0658556183538925,1.1921588355198691,-0.06354550093866458,-0.41380320353279354,0.9454047780893898,-1.2088688304071429,-0.7028327121811622,0.49479448264205994,-0.910849469623649,0.41791403146859357,0.3142396108340841,0.813197222637195,0.6278564744239538,1,1,0.8085369173347119,0,1.0
888,1.5112705328635625,0.20502762776283529,0.27661090816617273,-1.1555299728743091,-0.2746580515724585,-0.3604090297861998,0.02407117091105322,-0.08191425351339376,-1.385707924280326,-1.154721696423619,1.6108396244596124,0.3992929321443724,0.5772040479040524,0.421940489392001,0.5711986834358285,-0.4597962969376915,0.39195616124488014,-0.6889588412328348,-1.7560644533606866,-0.9694351687315271,-0.14540304526660763,0.33567145752824334,0.6021995538004606,-0.6168537677695672,0.222256667382027,-0.03225411153555961,0.5181822191901461,-0.6215732609122123,-0.24748658722472208,0.04182462727059294,2.0543669537285476,0.22748247383111292,-0.07612441076513332,0.5453406014470653,-0.1346359469748711,0.8586786739453445,-0.440459674640287,-0.2040070880990399,0.8019577762081276,0.21537319563115995,-0.04847706004093443,-0.49095052744939277,0.42810525349799217,-0.7707957038320995,0.7258821785424261,0.7966639092768202,0.2050118935153862,0.03391919515406604,1,1,0.8115262640671632,0,1.0
889,-2.651812775999802,2.635086050389989,-2.0924349707016647,1.0165624964184927,-0.9617283371065297,-0.5879881272722903,0.4817690666857171,-0.8360954086910729,0.9523443571961954,0.7035268388477447,-1.0959994744690835,-0.6234168225505738,0.05264321258222819,0.0015747231323947964,0.26687039594083084,-0.10701003096191977,-0.6581066577680332,0.23017096010837504,1.398783606100262,0.805610517945777,-0.14853805494704292,0.2567711425346573,-0.3493013712368717,-0.6944796364594424,0.8079537685707803,-1.0266131548408397,0.11844099855347555,0.03802497766459264,-0.1251780672352381,0.008867318289274456,-0.5730809486598816,0.33976191700894365,0.5595148787729513,0.652396239424669,-0.17031601569917693,0.06026499155161968,1.0122560859111291,-0.2606889721289748,0.6328366205414275,-0.09711215359039495,-0.6438325101172729,-0.036288299034397446,-0.8702178535749288,-1.098072794121872,0.5470976453579339,-0.30541218328461434,-0.026633502529517003,-0.4619097011083623,0,0,0.8619097250576506,0,1.0
890,-4.479376186753422,-1.312868923868968,0.15179547964704662,0.3707050130429469,-0.21628086242894062,0.7734089548430785,-0.49029722630334915,0.16821841425991682,-0.2659445545214795,0.5733442432603938,0.4119543466691336,-1.7076814293820604,-1.1216924153804098,-0.9386748808129791,-0.5811064488532891,0.7544772660961965,0.8792539923985987,-0.4104002829257173,0.20223016436755642,-1.104363143716065,-0.07327132244986119,0.9291346557339248,-1.246280552342624,0.2463738010194357,0.9286969733741415,0.48382690743041656,0.0014022146146906395,0.5130146930208731,0.1867410786126844,0.648993310723494,0.3780868546643867,0.025560801718332814,-1.064548100337207,-0.4262979872686644,0.043723471658374875,-0.7745049281211062,-1.14283601757324,-0.3856577495189308,-0.03154080744403617,-0.28619374101877254,-1.3469730337193966,0.47834041773459085,-0.26698272910952114,0.20740507375775513,0.7887710524026641,-0.26692041563057867,0.6307043677953237,1.1252952863426549,0,0,0.972209391362052,0,1.0
891,-0.2232146651094619,-1.0758860275310875,-0.7570261805928434,1.4533690639418497,-0.577757363948096,-0.4429222323445573,-0.584322633489909,-0.20701156616325928,1.0535668517541215,-0.6778406567246749,0.5358598928395047,-0.34127901450553694,0.3628345535634154,0.3830337769010913,-1.2141682124881794,0.7103794778895225,0.4800323815298401,-0.8673886713242592,0.3804987306840233,0.448061105336626,-0.4215461499356158,-0.6730423006879273,-0.9141188747962851,0.5712760258945838,0.2325906447241331,0.5067017596133335,-0.609479958920927,-0.2163593896890349,0.3827674037967683,0.23183985874470595,-0.8648930535320263,-0.006825161717060546,-0.47977106992184837,-0.2884473714111298,-0.6219760744872053,0.7520388450382105,0.1756764027467319,1.2623065949000027,-1.336395060110192,-0.929458889010176,1.1213589018032772,-0.4747485171782267,-1.6870266409915722,-0.1982050405944459,-0.21531774316880972,1.0419982468853377,0.006136133500807676,0.7044458691100507,0,0,0.6196008840422643,0,1.0
892,3.71059935305006,3.007492728634172,0.24404744295210734,-0.4622365214853552,1.538275317652707,0.6219356913096623,0.660646421430781,-1.481009330303158,0.9836359189682228,0.16925362130477112,2.4053312410508427,-1.4154671455302894,-1.7630358717324597,1.452024398185053,1.9926258372239078,-2.5830763071870195,-1.6461058017476782,0.6259508632974211,-0.45995517907821676,0.6148529368209451,-0.42275434170076637,0.5482568788626563,-1.2927769698833174,1.3446608193329275,-0.2861207373578081,-0.36111750913464896,-0.08864636987072323,0.015019395733825434,0.15910716844410916,-0.03870039578586548,0.31501330825345947,0.38411675039083065,0.41344866772951927,0.8374459826546236,0.09992410605409316,-0.9266868345589856,-0.3018986508225835,-0.30815715819479345,0.16864866732071823,-0.9860780273540481,1.0451989822265482,-1.1933381798445089,0.6299639614041979,-0.7004993666399444,-0.08215695655824305,-0.6405819153490218,0.10457603285444392,0.758692456710651,1,1,0.9764219552969965,0,1.0
893,5.090918033550707,0.7050188626943122,-0.09111513140863443,1.8081783421386526,-0.22314648924818625,0.6526517247027539,-0.27630264036529417,-1.2311848858903212,0.8479992142757787,-0.7282426558464588,0.27252207762519565,-0.8232156132347986,0.7705251486727325,-1.7568221618626236,-1.3270963700365292,1.4150741803118372,0.7732941555428193,0.28415413324041255,1.501443637886632,0.699853299847742,0.532089214877009,1.823057357775083,-0.5326475913502979,-0.33067954362451285,1.0160770739686156,-0.07793220134972004,-0.10320936016207964,-0.006966111887737981,0.19814253405787166,-0.1299101109567193,-0.4130134812986268,0.1825030923960832,1.796686856006284,0.2932058315942605,1.7029322444811874,-0.2502302770700937,0.6470315936192975,-1.0708875021131756,-0.7836048274197661,0.36382057293725434,-0.8816752591146148,-0.994860261719425,-0.0567376756297102,0.26370845827613265,0.45625985060406526,-1.2768227324455792,-0.2539210778211657,0.8678055217408396,1,1,0.9756432363786298,0,1.0
894,4.996563485396576,2.1544546524067965,-0.7007422257935327,1.2209966101230676,0.9860376653209374,0.48973585468433317,1.7389739555857835,-0.18861357987928865,0.0024681388945120095,0.21189445449876382,2.1485255433511607,1.7264958301826927,0.7309092858045463,1.3864548033472759,-1.116387699035805,1.4024151947803019,0.14218981352459384,0.6879170260686439,0.8429346220216094,-0.5810885151932198,1.8083633402585475,0.63059367521337,0.20512820584202804,0.09516639995698871,-0.804733403457141,2.1077520218659855,0.8041870908976593,-0.44408490346792745,0.26916226651259273,0.02519207158115976,-0.35647997227752304,1.184674175526461,0.5552896460398485,-0.2539116654266841,-0.08598478375199153,0.8245505777480782,-0.1010043908863532,-0.14835615093359203,0.6591110851681521,-0.1262631657223205,-0.39038564133104964,0.0714406070313966,0.7540141171026745,-0.11755649400315461,-0.2855147033519007,-0.4982779217648038,-0.7668517195666505,-0.23458537087335596,1,1,0.9564241380541427,0,1.0
895,-1.2314720762609745,-0.4164703742212908,-0.8653296090735035,-0.48456716058963445,-0.9328322789938654,0.13490880203053385,0.41593169088309917,-0.21593624533578343,0.37615322354042113,-0.06439572302390908,-0.7725164161450847,-0.21257344909078474,-0.2509722047617233,0.393219531269842,-0.13441204217622538,0.2740846428256264,-0.165130692951436,-0.3805592786576343,0.02948835798041939,-0.15078655230894983,0.29443580234837385,-0.08102881102345691,-0.3168655325371057,0.14608903422069636,-1.2270298426351078,-0.21955749817202885,-2.1435468384053293,1.4653384441441781,-0.8361396043858473,-0.33821456042567827,-0.29351528177610614,0.4663250732936402,0.012742801262335467,0.34223697881893644,-0.4032297926040054,-0.9276534291586234,-0.11289944280241992,-0.1401702447997661,-0.010359602928068937,-0.5032871173375466,1.1599846134821665,0.01528720427139797,0.23385751119669465,-0.05124070172750596,-0.5911176204286296,-1.010474765337624,-0.5056745908615966,0.1423262247105346,0,0,0.7897901975401934,0,1.0
896,1.815823096651042,0.5674896899581386,0.6761159290627712,0.33200920111497684,0.7580059685607041,-0.7497996859239578,-0.5735728208012492,0.1610542389021834,-0.03682887424418312,-0.1051152141137883,-0.3166559048389898,-0.035348811827796194,0.17627324564731847,-0.40652780391143817,0.2836282545992985,0.313823908570859,0.741968610400166,1.328677517820382,-0.1661833978473745,0.8303654037875403,-0.9765635800741963,-0.05989026100931238,0.36837272283389255,-0.4768060837189775,1.6448107902615665,1.4749231822008484,0.05505240085891866,-0.3939134709349999,1.2204643762877339,1.0607092781579588,0.3011380521714193,0.8256135900770273,0.6316464638288278,-0.1139972126744737,-1.5717773005804565,-1.79548341321423,-0.5288787018687824,0.7111461918076973,0.15189107439697916,0.33785072817978984,-0.200468668558607,-2.0590414071873178,0.36150175767032805,0.6722248190837733,0.3436975072634615,-0.9120267026990653,0.47313290485545767,-0.3358833757451931,1,1,0.7317618988119378,0,1.0
897,-6.242853980385134,-0.5262325053701811,-0.5129706421279392,0.7019897372953751,1.0223267383018213,1.4790749761618567,0.7877761722818225,1.3837233796694905,-0.29381744491029066,0.9932157734944623,1.030494177509749,-0.011691062654670766,0.14910594743333475,-0.7314757050506036,-0.7398527151745232,-1.109578564723511,-1.9268017702710394,0.72267964587144,-0.9228565413540724,-1.6273171302915497,0.47811231118171127,-0.6571466745564821,-1.7055596442630725,-0.7831269680985472,-0.09499022434004743,0.7540731302250493,-0.6121044376075567,-0.35838287912426947,0.265928363367349,0.25183048410981107,1.0086408709394756,-0.2640849120643652,-0.2152385460664771,-0.48489116388788284,-0.22718972957089353,0.28841915522242034,0.5878579335866887,0.8825863625344337,-1.6106006138724758,-0.5293793484969341,-0.056085027680668614,0.5503705826081602,0.31853163544559066,-0.3089287215836158,0.26594184092956463,-0.6162294352031543,0.506756389816695,0.7423950155028667,0,0,0.9885083483067908,0,1.0
898,2.0519061337543563,1.1093125903462204,-2.361240995895447,-0.8754187063961064,0.7213814118586743,-1.0286499779350684,-0.5913257757222193,-0.7164194088521939,1.5653601418834298,0.7645584466373415,0.49573377645802286,-1.618773542539929,0.6748154483648994,0.8566690814531915,-0.6065642550251164,-0.9036095885069799,-0.6970262362333115,-1.5642516392466475,0.06669429715573977,-0.34522647867480893,-0.7010726073710927,-0.8122735161722242,-0.4539414635739221,-0.39233176199797126,-0.14982833071210297,0.8995990396321498,-0.4114982271304685,-0.4544864067772872,-0.4099126453227087,1.3449947992597056,0.4833610684590588,-1.850137296012543,-0.38999786884678916,-0.6132091045848512,-0.36421264397813136,0.11463998229963825,-0.7511553246058212,-0.7225777787926544,0.9959955951180081,0.07391221650413712,-0.7066874880886309,0.2206138093854908,0.8774768163681079,1.0755328865902458,0.4462197404763373,-0.33521041499587717,-0.19113477563357895,-0.5831736972997744,1,1,0.8332027612949893,0,1.0
899,1.2171404007436406,-0.44811494847065175,-3.5175585447744653,2.533766623721737,-0.08084191007341722,-0.05606649430684153,0.03617198477189472,-2.7677523439442306,-0.39361572285757385,-0.5312032246037766,-1.2541304484328772,-0.35937208227264267,1.3360552428471668,0.3905695146828069,-0.8412398936069616,1.233044151668649,-0.9242575689891461,-0.42758929620940217,-1.7376084756625279,0.5911022859339107,0.11824108277003254,1.8612287855025325,-0.03362593294641992,-0.21330295792338963,-1.0717795249079451,0.29679101599519503,-0.9932521798881763,1.0711081548531471,-0.06107097184583819,0.7665205527145502,0.30938715780098236,0.9308788243292954,-0.11821812678224088,0.5551176602533908,0.1316894622289442,-1.42421149690474,1.4220027349651567,0.034371157163544,-0.3045730410203492,0.00980179853708445,-0.8553559442132188,0.09567544358624859,1.1616787765206922,-1.1566130238178223,-0.1180914838615088,-0.11801439422144575,2.0038187614701006,0.18000323929711898,1,1,0.6700941674712433,0,1.0
900,-1.4771702138627933,-1.919194186613458,0.6575390218471833,-0.1202280474340242,1.0058951337089865,-0.618039401592533,0.6827944935280083,0.16527843589912655,1.1023739043178948,-0.46634074449303653,0.21539910668929768,-0.7596287593829956,0.3053802299562428,0.7917768072697003,-0.5859988738949691,0.1481094642030812,-0.46514637134628095,-1.8942183050525614,0.5157914923341853,0.29202490699333156,0.5588905294965711,-0.6601419856355442,-0.8000124215553366,-1.0534091431166788,-0.05611414496305326,-1.0621608546366215,-0.3851462992659478,0.5606179771547323,-0.877050104373621,0.04705917634140096,-1.265492902779172,1.0233055676022118,-1.3647568502287426,0.6394875636949808,1.7533810255445526,0.8034499218691393,0.1896563973127109,1.5604171018833837,0.4102888331209297,0.025847087011751414,-0.5107762332622792,-0.4370447178834755,1.2977597075994607,-1.0806041986374904,-1.0712838336373405,0.2663825760967755,1.1289419428084542,-0.3115592962063324,0,0,0.6163780758842938,0,1.0
901,1.2814914365127914,2.338628143492637,0.4790317196676268,-0.1554108693968038,-0.3229570892481653,-2.526069090480463,-0.9638294722918206,0.5256296318994621,0.43789050435476284,0.28583798743336153,0.1807708985426731,-1.0143520460363296,-1.0072916280123432,-0.7244114719185165,-0.9160106253265659,-0.0215881758761257,-0.698532211579586,-0.3077965192351226,-0.7934574905073313,1.4015291451572744,-0.9891855386361593,0.9677139378900973,-0.05700710047104159,0.9779269347488975,0.29571466170300015,-0.5491802469153475,-0.4493037573841225,0.14112774463067812,-0.9836906521230507,-0.9012267822523553,-0.8819346416416737,-1.5294553578580026,1.0461185128620984,-0.5774300421872632,-0.014103520412856379,0.5606262150777557,-0.03448483540990288,1.5631613899481163,0.7633226274708483,0.5029605461985936,0.14217588907909498,0.32648830923654343,0.9727431022499534,0.5647549693341208,-0.6241898224889086,0.5393661386145289,1.0495534516303533,-0.05607370902493301,1,1,0.6927246355423167,0,1.0
902,-2.0896095971937787,-1.7693025253094632,-1.9789458486600253,-0.04535522330551267,0.8144585111059324,0.561338776393439,1.2572729305287276,1.5988285463505503,-0.46573704146801276,-0.4807249410356723,-0.6337940384696733,1.1281922883253306,-0.6811397979563942,-0.2315952668975035,-0.866451206100915,0.24733072278677426,-0.6241112316001435,-0.4766301888066675,-0.2928763711668735,0.17950967420585326,0.11570388840109364,-1.0781147857910172,-1.261495400542306,0.06826343252828855,-0.007542545300514627,0.3458164432179035,-0.27188000657016076,-0.15198097792552598,0.42662921041530666,0.7085171044887748,1.1152237002398526,-0.3545102990539442,-0.5088951950474075,-0.6303673318893896,0.7166674884073265,0.021115447599870277,0.8496068308742271,-1.1221264075680832,-0.8361508615425935,-0.9670058140096991,0.6050159818311062,0.03745477566440426,-0.6540121953081843,-0.9172036965957251,0.35364717480950103,0.21235522664388293,-1.1528914827773353,-0.23428946550732357,0,0,0.8746628378547852,0,1.0
903,1.6778137220046347,0.6486197366433468,-0.9595680140616282,-0.5653865763033817,0.6230379838518602,-0.27750718438157657,-0.25343375283819314,1.2024542520472312,0.20630893057962288,-0.4854648401411608,-0.18950145624163423,0.3068792931260324,1.89427583489197,1.6476094067850786,-1.3138313287843888,0.5661930889540409,-1.2456184501035699,0.6901747033997432,0.058913917515072245,-1.6145850574248906,0.8697369130979603,0.7117996179741917,-0.928230538095539,-1.0970001505114546,-0.6608397315092575,-0.5617400928818398,0.9330910415595881,-0.2661870046886928,0.7481806666079701,-1.3988710162409626,0.1780201302003963,1.2193301971683874,-0.21954561222143792,-0.04442462272890191,-1.4909906795538985,-0.07557406111125774,0.8155181400461737,-0.12733220897379088,-0.34770814212507,-0.9239666625476449,-1.0184859660877865,-0.08359682414941429,-1.3288304414513286,-1.0510101152434501,-0.8694660962102774,-0.2806835505347887,-0.6324093157847628,1.333565196039976,1,1,0.804734221826724,0,1.0
904,1.4218538958975873,-2.337196406794353,-0.6637859289459684,-0.9974950136942624,-0.18794084972419697,2.3017532197731545,1.351291332716442,-0.0027548040205496995,-0.9869144080474883,-0.4163327459866565,0.03786669403850465,2.079681592949941,1.1426968314935144,-0.8055294791239677,-0.08366216623726072,-0.24193976966230252,0.10325628976551092,0.4873493408693285,-1.4392023205802336,-0.14529405917922786,-0.20454940610410163,-1.0942618468748526,-1.0952087299560238,-1.5180158858073562,-1.4946481623069545,-0.9685871983301454,0.9804398276613403,-0.43678489094784606,-0.28679531514388307,-0.7911543848705959,0.40574059194289785,-1.8469316623633298,-1.4396961115302527,-0.8815159787777527,-0.281415678292537,1.8317692440246856,1.002478847596433,-1.086274444359588,0.28818131440653644,1.1741966049664934,1.0188183727074578,0.9319976583227747,0.3774948733375731,0.33721336250132716,0.8351830274090298,-0.8238832859303684,0.23979324254568887,-0.15170817008600215,1,0,0.5055268191020286,0,1.0
905,3.385836423107707,-1.3854941705340964,-0.832197064773464,0.4908132414761466,-1.0455703547844166,-0.11249740482549997,-0.6273445132721771,0.9190754709491847,0.34138016718107095,-0.28919025048515884,-0.07168006743085592,0.024178116242581194,-0.30904684212425576,0.061219497256999614,0.6417894843073113,0.41005846644024674,0.18361145625788516,-0.7534138909320063,-0.8779898786254655,0.5328986530794804,-0.06925727855164662,1.5882731464710804,1.9250072492841783,0.0787752158621408,0.7767237166278659,1.0835589934184784,-0.5440150902895098,-0.8453756858017896,0.9703150142133476,-1.337836543232239,1.3606291650160711,0.6749856298164931,0.575985417904671,-1.2240216739099061,0.2996457732752845,-0.5911161999254402,0.3472146898728017,-1.3385964239401602,-0.23683588200947844,-0.8671670103178246,-0.29960452694350065,0.35611095102153556,0.005759281374048127,0.9160516128006799,0.6816585220014861,-0.4468300642607883,0.5727061072545369,0.08286247983752462,1,1,0.8788761829321546,0,1.0
906,1.1738907256529578,0.4276322351967193,-1.9532659840575186,-1.087383495851707,0.5280552824631923,-0.04488974125754959,1.4424466979423816,0.3375878577488271,-0.6150965602498462,-0.01918475904667026,0.07382666890277348,1.7150740688931243,2.0846690564103283,-0.25259479118129197,0.09628124544053016,-0.371925494832358,-0.4946574675326118,-1.2272452291381948,-1.0139803922801345,0.30696349838477893,-0.14399137502645237,0.04817228156191994,0.3601871369469315,-0.49754180249107643,-1.4268394152615624,-2.430884608469938,0.3684301084881753,0.006476332717646975,-0.13578352519996326,-0.6931741224194498,-0.5247211774168413,-0.16003314150103987,0.028381138638217833,0.813565227615291,-0.0933850957830218,0.03985854107240119,-0.09980106002115503,-0.5952065754961852,-0.4732193998175912,0.8090871752986268,-1.032636454265775,-0.013429958333617618,1.77323175549185,-1.611328310755091,0.8811618989644694,-0.10586025317035767,-0.3777342800191629,0.5302765920490097,1,1,0.7612299382425917,0,1.0
907,-0.909533944165387,1.0391666136468984,-1.7431491983401715,2.4129279348139225,-0.9037824217165633,-0.12437945915737193,0.7267920079580017,-0.8662918136931828,0.6615644703221433,0.08732262616681337,0.022159162552456504,-1.5255481019738528,-0.08157002214834953,-1.135497577508765,-0.43023079910721546,-0.5017152085172537,-1.5589316057253468,-0.022894478120320697,1.0846015034211887,0.8813176123206213,0.20550223393477207,1.3382476322736847,2.315524151360198,0.2940866286776283,-0.3677825367876639,1.4847349424988059,0.33211977728424935,0.6264642075924538,0.16417134208661116,-0.6598684041342284,0.21480415663067595,-0.12413434309382902,-0.5829102996919605,1.045345526070067,0.0012948339413362234,0.04838924798605419,-0.9916800914445665,0.7390496709071673,-0.5939112694858658,0.5351327886952494,1.1124507322286716,0.17354661419526948,-0.21907435297763436,-0.3154606654779508,-0.20705073583121547,0.016328380726904488,0.45204317258518706,0.2296821121318197,0,0,0.616345277648657,0,1.0
908,3.7359329011697464,-0.35741344576072837,-1.7473063926645855,1.5307052276443767,-0.03583359065024749,-0.553232793456051,-0.0985326863174134,0.441038956112327,0.3540723137327618,1.4803634431439971,0.9698781941654295,-1.4929690238586042,-0.1425358650613083,1.001073854957873,-0.2512457977127382,-0.9832931648380194,0.29681872675115606,0.29440285454879145,0.35860530554702796,0.19435921270258227,-0.1872761684946775,0.9652913695049326,0.13771241365168305,-0.002799770549626596,0.015260264845943984,-0.5040305697344926,-0.21228095997025545,-1.9573482266088802,0.26136414149735815,-0.9110814762739525,-1.0422815128048957,-0.6276254165485828,-0.13529028453176098,0.5997565447539478,0.31911568285805786,0.7459184517732588,0.3408346311982696,-1.1109774826005325,-0.6856470098549616,-0.09850568893657916,0.003472802781636055,-0.5441147887335159,-0.03808795904976804,-0.6581168425121657,0.8520633358715561,0.8070535764076497,0.052796396433136814,-0.0015035096582305596,1,1,0.9323029165598918,0,1.0
909,-6.924561955739329,-0.3670959224492027,-1.8017597739053857,1.1243450198444505,1.0737241541228404,0.15357015261224166,0.09814463121728323,0.14496270521402801,1.463308238676123,0.25420472898057606,0.956911073991402,0.9134733325724541,-1.260030868821151,1.66150693011903,0.9795779479242552,0.5546597670229891,1.4016899825817493,-0.38471643779498077,1.1719216290854901,0.7539437848217976,0.1427540672471054,0.35320295762570897,0.6192324464356257,-0.730800022301809,-0.6209990609137204,-1.2020830122249369,-0.8120165857473788,0.7553571761907895,-0.4329966277262947,0.42942870240040515,-0.3814435495036151,-0.788473649202798,-0.30992989564196066,0.4990018340025463,0.4304645457264016,-0.5192562653654098,-0.448988549567388,-0.9815701661825622,-0.22871109453852584,0.518258061400625,0.12971413258126527,-0.8705081876986467,-0.38800234062256045,-0.16342246844350425,0.5374693221427239,0.4722096050989943,-1.2908962796839636,-0.03517235349836291,0,0,0.99320125110486,0,1.0
910,-1.4979097739615355,0.038424666872246376,-1.15050855039356,-1.5762472432598942,-0.7757394909701485,0.32336770073080273,-1.1608738094579034,0.5101615850959433,0.7847080368029465,-1.2797949833407904,-0.1681568655639968,-0.7516492891096973,0.7632090499552924,-0.8644820011254895,-0.2146109926962094,1.5116486367488584,0.8216429816670383,-0.21396098471224062,1.6730592469496683,0.8446928984483735,-0.27985611138492494,0.17555801644651586,0.720050976158603,0.9292417537381558,0.01625174087577937,1.5652577278111521,0.7727798598938864,-0.42474507128700606,1.0754955946324252,-0.7869059254829808,-0.19552709953244837,-0.8869265748461336,0.6494724262742293,0.34231983387137,-0.5759458902829376,0.7929949976781187,0.9676732747696447,0.9752856043747882,-0.7959272433435682,0.8858913921458809,0.4974581717030452,-0.7885019759208723,1.0152642218220154,0.11309704434300989,-0.6567351835946694,0.4240748881836876,-0.3719182765364639,-1.1267488431729569,0,0,0.828999256925951,0,1.0
911,2.307323640526411,1.0781349335021013,1.0424111628541177,-0.22670059153483182,0.913018367883203,-0.15116012347724533,0.0007915731533201134,0.3287982987957068,-0.09577337562955113,0.5404145065482076,-0.8813548816492891,-0.8121247137293884,-0.6445093529624503,0.3228311387506527,-0.8949094028438815,0.007228046870421227,-0.9209881882725546,-0.5778820045393406,-0.373724305270238,-1.1651828366292658,-0.8398010544685944,-0.12740028786562713,0.9000317676078056,0.14399687836756767,0.9403531991268815,0.3129704157010785,-0.22787498653402524,-2.1275364733407836,-0.05693686949769018,0.242447795722918,0.3136431483139484,0.6241870577869184,0.3498077020995023,-0.7829175381540666,0.8256531537716637,0.29431111177982505,0.4813242057545813,0.5771348044551108,-0.1725570617723921,-0.5520122997744608,-0.34404279092496537,0.8334586718922402,-0.29840498185308545,1.9558147872427885,0.5123298518326657,0.36510389857361136,0.40358289226748345,0.22724685021243343,1,1,0.8991939773484606,0,1.0
912,2.263267727934143,-3.121651112364222,1.6574695662169567,0.32684944727833837,0.03406986653090149,-0.2726708031003644,0.3612259778448511,-1.3887875456592234,1.7512828195599144,-0.16641528239890577,0.19355922405100315,-0.6675156205496384,-0.1093753160075345,0.9898328843837484,0.7696619472238553,-2.3037781119446357,1.5342094934790789,-1.5334110779217398,0.36422550793112135,-0.28074572329318975,0.08069173643691352,-0.7259541812838778,0.1808201050911162,-0.9659305118644683,-0.3823005021787119,-0.5659687655113889,1.3426441811804772,-0.1592988068972001,0.4056584088961067,-0.3646698157566277,-0.07837026171942627,-0.6051301189845315,0.3632788560340638,0.26016138316398174,-1.0591924832121884,0.20057881679554054,-0.9740340674608998,-0.28277802214672326,-0.6073664995608561,-0.8121642468217574,-0.2561844501450921,-0.12291024376025306,1.1953752879060797,-0.29925956480295113,0.12605274574785638,0.08055276977044146,0.286175385822341,1.0316006501883097,1,1,0.9278604236367406,0,1.0
913,-3.3386061778281935,-4.281839444174624,0.8415604161634748,-1.4471778229543641,0.43448969374001634,0.3001744245966723,-0.526282741418559,1.520236933803725,0.026009945736960145,-0.4585746149000901,1.5971193347243788,-0.2778617464930998,0.052600663186774435,-1.5767675112737112,-0.9986234878397657,-0.49006601964790736,-2.522473589923637,-1.2468722762309805,0.12205916565566477,0.5147064078145378,0.35825882609486315,-0.14192921584624704,0.05711865231738685,0.9079971503543793,-0.14297675501249724,-1.8101806772643816,-0.3524268274838352,0.12338976319115273,1.8443517690906683,0.129176052798874,0.39966491122861897,0.08881622822661468,-0.1253367525711117,-1.050861128103879,-0.26295994774566345,1.2240657066968732,0.22075886554616075,0.5864593227920338,-0.9455721782685239,-0.8318843463219353,1.4004953461835563,0.6684469175064426,-0.3202773462749858,-0.38586652159853074,1.4334372533826154,-0.3831537726885141,-0.6253590211809011,1.6941182938453532,0,0,0.905300814201698,0,1.0
914,3.1963469429713935,-1.1296465853594726,-2.081912083525912,1.201957541432324,-0.5503772005873526,-1.314123136224003,-0.1830580350316667,0.27230159284161054,0.23081674035665892,0.48298315862461116,-0.6303103093426651,0.29571998426461993,-0.6457887042141145,-0.43021699636820315,-0.010166636926083491,0.3289075817361127,0.6097524041049411,1.1542798863504387,-0.6907434666899113,-0.8945668218756226,0.5685726868222479,-0.18513576621966654,0.7630030077920598,-0.8248117627210773,-0.5688865798805499,0.49061341171359074,1.4505491723137074,1.5789676489385456,-0.9624087456345397,-1.4685105152458036,0.08730476403448992,-1.1987199099561707,0.37057317385467026,0.17517174801581772,-1.983652911337732,-0.8005525815303188,1.0399437478666833,-0.29432838761133745,0.7528294780690388,0.6217712427947054,-1.1377386849343092,0.3232657922146621,-0.6681679746964508,1.0851503560873201,0.965296608481691,0.3764408769668185,1.1650605578191346,0.23784298335014867,1,1,0.9127434658592252,0,1.0
915,-0.33371319761059703,-0.3443130933922209,-0.8613243073585032,0.4376522277650071,0.015015750673726007,1.237670854740142,-0.9021391933592791,-0.012614891136694699,-0.6527889864277567,0.10735045906046904,0.4906244698941015,-1.273869445611782,-0.16332162944064663,-0.5327890453021618,-0.1338398919978586,-0.40917341124405254,-0.9913030707530961,-0.08811069163845761,0.8792494276239805,-0.5271117460663531,-0.49887111899234,-1.787368416061279,-0.6783551173532616,1.1346294298895867,1.0295765819305909,0.550186266439795,0.20795661068247578,-1.8254879230034042,0.6769394321995731,0.6743033614397108,-2.561760578273087,0.8198428350777427,0.4604961740168383,-0.052671882725711716,-0.46649195294863594,-0.4052133432644484,-0.2851075474685972,0.04974928145079987,0.11884902503351638,-1.3047495429529654,-0.11494469034924884,0.3549079302991567,1.6267420142507139,-0.2906492778034291,-0.21524649809128535,-0.14676151529706477,-0.7254706902488548,0.7232226172177859,0,1,0.8247101801639014,0,1.0
916,-5.554216738804852,-1.259815322808617,0.3079074722173069,-1.0905186272531429,2.1448238456616795,0.27220549439119746,2.3710206356739407,-1.3382604994872955,0.12137054080240714,1.7512718925828157,0.48492756855670355,-1.855377862176447,0.9243053131093392,-0.10196307421233541,1.334590973377253,-0.552986446172873,0.3308057561345955,0.07707499137178898,-0.5903368850203566,1.0102177379315807,-0.28535712574956035,0.4177985334388613,0.029885428567501517,0.784700521299806,0.5623702122341065,-0.3133155447230278,-0.20518973011216712,0.8314255831221028,1.153707083311521,0.7536401955224583,0.1723499765386703,-1.649889385523144,1.1009973066331502,-0.14866190640523133,-0.27398240163462995,-0.40682347471844477,2.2220068175836265,1.3683729647450287,-1.4041458458761926,-0.0058190358885666735,-1.1982612521888172,-0.32977493772612315,-0.6775145024761782,0.40582726040520994,0.12576234296348152,0.9169565807646185,0.47633567808198307,-1.4773242816236027,0,0,0.9971319187882262,0,1.0
917,-2.14619352192141,-0.5591516262916754,0.6378746819079452,-1.2842331613848144,0.457654115988927,0.2692304937950286,-1.2817551823831468,-0.09866233918191396,0.2022203951793859,-0.5545679277961174,-0.9013817408875964,-0.5631915796583401,0.9242820549020543,-0.11447730749829352,-0.25031068832776826,1.8769691364907057,-0.013080742552276663,0.8291559485986075,-1.0867884497527678,-1.161135353015317,-0.13417658228335216,-0.5468441106359351,0.9975092957645151,-0.7487501262366041,-1.602280667785265,-0.9665144635579369,2.1053396334685535,0.002727142257842599,-0.640664227970075,-0.7591463604288055,0.8557051378202489,0.6532656345412777,-1.3154529824484271,-1.218316391445041,-0.19740586518861167,-1.417349409411443,0.7560083429841052,-1.062322847995848,0.46696720276628334,-1.1956021314792016,0.621783303410861,0.7556258895793053,-0.4395738798817865,0.21444806262831015,0.8625288996315607,0.7123087135704135,0.06141217414004946,-0.206456072410652,0,0,0.8102448408100174,0,1.0
918,0.14859050162215046,-2.2329820385839763,-0.3343067299243019,0.29653092146071064,0.27471817832031553,0.2632075165282722,0.31448088809251357,-1.3856870978724098,-2.2248785797456896,-0.198137822909405,-0.4701354593461923,0.5884129583188099,1.190541439535806,0.29911171988387586,1.2015274477078743,-0.5429902052310632,1.0326552614273456,-0.1477589305670526,-0.7877604503781863,2.3036662418601175,0.8769395238303016,0.9478497241383761,0.4021319311484459,0.03163210037236012,-0.7363129749811131,1.361434227602625,-1.4408128159210007,1.2504345432408035,0.739060536243677,-0.6722579187846579,1.1482417821846047,-0.45191316461803865,-1.0900404267727726,1.238766230669013,0.40345907752203286,-0.06148324810869379,-0.25773180164242226,-0.39992535915071065,1.034219154495987,0.41059558956317554,1.6690842455376342,-0.19784806622782045,0.2570406272536312,0.5625182248608739,-1.2587871413321494,-0.0865836585647423,-1.2581528074361144,-0.14840003433304472,1,1,0.5727191019848789,0,1.0
919,-1.958818440188423,-1.0091675970175396,-0.21939141698064793,-1.4108503609405463,-0.9190462377347537,-1.5171837800810901,0.039533671468741184,-1.0413538781976828,0.21372114645487403,-0.09543922418546483,-1.4784357757449254,-2.1624186370575784,1.5618944492551925,-1.0701494205054838,-0.522970635514882,0.7032337077430323,0.6418893198232459,1.1576648159650167,-0.5154137258182888,1.2986122996201601,0.6517501052422208,-0.6749565291989342,0.8027975701430827,0.30604610857332687,0.9488557831954535,0.20482527405532025,-0.9341667443734754,0.18342812390904883,-0.050855107623925914,-1.007082371457818,-0.029569294627765915,-0.042091606710449,0.11065291089818946,-0.7383626970670817,0.6833772411480182,-0.19368455822528843,-1.3752841280226396,-0.6878564189195582,0.17487004728397462,0.18146245210967624,0.06420494427580263,-0.05050680436783203,-0.34680955253039736,-0.5188876335533826,-1.1349438630466768,-1.125090664878609,-0.12526926574214262,0.7021662417882345,0,0,0.7925258165982297,0,1.0
920,1.7839858323838045,1.178338757927717,-0.5365213358354133,-0.7032465870780884,3.111033838389014,0.4722288844324005,2.459631511259008,0.0841975599645569,-1.8761723281925595,0.7319347894760594,0.24328882445102554,-0.16860163102447112,1.151618869108077,-0.17239265227834,-0.4376811261331716,-0.35868565293780086,0.6619485836316941,0.04785832894469336,1.2786539923350722,-0.25929193774404563,0.5796295324319445,0.25911740600104866,-0.5888043801609902,0.1537841782022998,0.7319657170510369,-0.7453657680682536,-0.769545764351079,1.3776191891068463,-1.1016982921836955,-0.13783394428995902,-0.2601097629615146,-0.22394303219404796,-0.0018846063401421432,1.3784592318867932,-0.30458255546227275,-0.6462890437354182,0.3718926613054487,0.23952181013471235,-0.9790731591186707,-0.9590882990515001,0.3966474828440787,-0.09458939509933063,-0.22298217285182606,0.7960786658855994,2.0117585297039438,-0.37555119805363774,-0.267826638724419,0.7436727743765306,1,1,0.7705259269109445,0,1.0
921,3.6818854207558225,-1.7863327881124762,0.8722548302588893,-0.6973012836714352,-0.32087905201951405,0.05225822324256368,1.0272106472170945,0.3063215462670602,0.9498581259866141,0.43487525857490217,-0.34588843897972166,1.238708619983703,-0.8921717918393897,0.8352240859513841,0.2693750227562591,0.680121908882623,0.7747236699286005,0.37866085312559455,-0.08868139536462748,0.4138328202787234,0.8922189550982923,0.34616382619839664,0.30886520754564645,1.673665856464632,-0.4531582197461034,0.1970096312000296,-0.8761446189039521,-0.21422358402462496,-0.18243133835011544,-2.009647846497583,-0.09433018909760447,-0.5422506323389298,-0.9423655267805584,-0.7048690971366033,1.036370011639338,-1.3690459451902544,-0.41528960335431225,0.5053279657709908,-1.0064427591118827,-0.8670752221433325,-1.0391773392406192,1.3405792906552036,0.24516782308211738,0.7062564693179985,0.15081083094356595,0.04720224005850468,0.5772729587781043,-0.20677335823909243,1,1,0.9087175753495287,0,1.0
922,-3.438638948976025,0.07587880717984002,-2.566539777264259,-0.8060797539829522,1.1245531609139328,0.20818671928744417,0.31319203499617865,0.5917701989357428,-1.211671682157061,1.109025070511683,0.011506380839295996,-0.24570561902343574,1.4331409951226766,0.5063876963523133,0.047466752981392,-1.7360877570895086,-0.6532166072390411,0.5362420672337014,-1.1672263286403852,-0.5879834660467527,-0.26026377567960596,2.1318145266232285,0.25323456547501594,-0.7744593615538,-0.6645479687483847,0.90211355990358,0.21041938377340813,0.0653733833185484,0.22426020216891002,1.3555424967536733,-0.8622289690481767,-1.8151639893588747,0.36181382554075225,0.16359029112543091,-0.4373764272956041,0.8650180290522602,0.9430234954758956,-0.6621525843213659,0.878263694249206,0.13558425994380402,0.4940429456584634,1.9423629363745403,-0.6310131071665933,0.14829483569783922,0.9080801157548662,-0.868651652236091,0.19475939464733663,0.2319275241296784,0,0,0.8775326649175701,0,1.0
923,0.8925127261960544,0.6206574582102106,-0.218323018364341,-0.8378791682439563,1.410219089246915,-0.5773264195692626,0.004875305822253669,2.334860454828189,1.2553834860731952,0.558414256127658,-2.0765156119769315,-0.4195669721550146,0.22490928918799605,-1.2258646680611556,1.1025303114433322,-1.1847140503527611,1.3762526147229603,-0.6675813112999116,-1.604516005694216,0.17387341652685287,0.09118720439832083,-0.9591648169809318,0.5394091991073193,-0.23047227537038742,0.06971875570053619,1.2601723323656495,-0.06880016112176619,0.7662530483721104,1.6547944168895639,-0.3235818847264036,0.5784246916250179,0.21411061811922957,0.8733721851805869,-0.17497145970978784,-1.8919150927485788,0.32812493228220085,-1.277059287897057,-0.36399358340983545,-0.34594686126319957,0.2567374504154674,-1.535834640501772,-0.18275494866921405,-1.7986608116480172,-1.6426088944612738,-0.6138374667564273,0.2666680887227685,-1.0184203941152121,-0.0731088524138098,1,1,0.7490958541398687,0,1.0
924,-1.538978867954521,-0.31020774964920894,-2.4624182319190795,-0.473472208374011,0.010718657720993181,-0.8816326602128973,-0.6779840325952236,-0.3038593777619106,-0.25990473222456184,-1.7247036090874994,0.44664068612695307,-2.02923283742455,0.9393079902869071,-1.1823214447984842,-1.9777341587108115,-0.5115388956408997,0.749055730031016,-0.07438061963660582,-0.9020484068409023,0.19189628140732148,0.08508905222090522,0.17606461128459727,0.16786941131330543,-0.3443309016393879,0.899941040553968,-1.0187946958664613,-1.3857134317033022,-1.3914554273658402,-1.2848326537202732,-0.026007456603278828,0.6973925089531755,0.808921713735102,-1.1589894172733328,-0.4709090393625379,-0.8180907148934334,0.22271626344224155,-1.7124327860517603,-1.3614676878928351,0.4857102023603197,0.4137524171542046,0.1948061311748193,0.3676736398396313,0.8334676993602295,0.000704659264967878,0.4051159281675397,0.6333798193917002,-0.6298128316597197,-0.73361480384331,0,0,0.7703698666580173,0,1.0
925,0.1501689097980223,1.6588292566422302,-1.104424831770338,-0.17933529967863254,0.26187598504246695,-0.08031805109661196,0.9127475491955711,0.49508650776427865,-1.3041414263987858,-2.5670247077286614,-0.05887348117875425,0.8976831514587252,0.6640973658747507,0.07418476637537935,1.295907860475023,-0.3974956442104796,-2.37318094051219,0.06745144392907025,0.557799684040594,0.0940646744706767,-0.5466580322567522,0.1429822216534783,-0.42624959494181425,-0.18764616089388989,0.9771654509591666,0.28600729132637137,0.1412806354255918,0.857186350530625,0.46300633797003526,-0.19047793734489138,-1.0829827858947565,0.14419561030658432,-0.9113392173799586,-0.23135427145215448,0.34310375492532275,0.42007732414104587,-0.8378146548576356,-0.2705586450534357,1.112874680290181,0.2307612283864765,-0.4697697486496008,0.05189102722700455,0.031241711056772845,1.3791212119049794,0.3611763291493063,-1.3911018243264082,-0.12269746588550902,-0.030682182243450304,1,1,0.6156120905163343,0,1.0
926,-0.7910852343074182,0.17149380223527758,0.07178628028903652,0.9401553631356383,1.5275995648977079,-1.1528374076535621,0.19528618301633777,1.7102896236484681,-0.5893657139497849,-0.9503334045264558,-1.2414935476529845,-0.7727497591892409,0.37823510639246255,-1.2071020612709582,0.40925037544021053,0.5334689615532537,-0.3402615789807861,0.20265038561684492,0.995415738719854,0.7512761696047805,0.23448525768220832,-0.40057430394657656,0.314941628259003,0.33395859534478767,-0.40030780200694077,0.15534267116143105,-0.8438220654514524,-0.01466936026756458,-0.13556012157256375,0.5346983170995578,1.0999264999849585,-0.516550971558875,2.4683882270864252,-0.020393503944859545,1.2655065193502704,0.39495693493156886,-0.5921875301008409,-0.06634791326829585,-0.48432389229745615,-0.37587757882888545,0.9685915277588802,-0.3721265391889109,-0.2646702078576005,-1.013220844418465,0.6045190305220428,0.19003613722097873,0.00974886384646903,1.0823631336307762,0,0,0.6440950256276747,0,1.0
927,0.4592942781844557,2.054938613690667,-0.5796169300306038,0.5803447253774066,-2.7324302425167324,-0.32251643711569755,-1.6629908463942933,-1.2167895701616662,0.8278728662894058,-1.7326622543652725,1.3060036564055881,-0.5851803189856977,1.4160988871228035,-0.8800873315853041,0.7718479905007121,-1.7241589343924482,1.6719731041960169,-0.7587841251114865,-0.8202485105530167,-0.9995255348944401,0.46388373888671947,-0.9931623436332773,1.0313247873093618,-0.9628817102470912,0.39479767381790104,-0.8102077307445268,0.0434037585460089,0.13906051916309126,0.8717016460088791,1.3863524721806006,-0.6706096655435321,0.30430144220866745,-1.1241233787132403,0.9678317213991069,1.6583870173091069,0.3760042026977902,0.7011663440713709,0.5218125048481439,0.8955837715400213,0.35858495971815857,0.18562047450265678,0.10603572257521073,-0.33602509751391013,0.08004789722274286,-0.24203459716102316,-0.4861653036045676,0.39350344855438407,0.1260337361806386,1,1,0.56497965726898,0,1.0
928,4.3198189282035555,1.968020106054366,0.6492690965729129,-0.723789651794388,-1.3629234393300962,0.6278615473524115,0.23186453189591932,0.20067321508777308,-0.059123424949199116,0.8689677525707619,-0.13587885843736336,0.366686881294602,0.8635201108742462,-0.2092682790077208,-0.15776893609401169,0.21749521668143856,0.26357949288006094,-1.0910924265967614,1.0504002760812277,0.7804931387006032,0.8230426455604287,-1.4728891498296828,-1.8981473736458903,0.07296070595824179,-1.1185097978254122,-0.4006766553549731,-0.36047659957471284,0.3730241500350733,0.43896603792079314,0.13721611112653317,-0.027288381676092415,0.6468844520417135,-0.3661690983624114,0.35416834786402285,-1.4076890925318564,-1.0038281912298632,-0.8854668022675244,0.2877989421906332,0.6814484913247989,-0.788489896668741,-1.1770632172448943,0.8624870461569939,-0.2276089769831834,0.3772188262839331,0.612150931605068,1.229783897480583,-0.5792622968862151,-0.00888597486985694,1,1,0.9162811913945087,0,1.0
929,1.7136433494971086,1.5189622476528273,-3.239923383661348,-1.4702457998989884,0.11951036589477776,-2.483568543998355,-0.5759185411238017,1.3907872087988888,-0.28127818760001416,1.118614860305867,1.3200061022379417,-0.2862961902230684,0.20408090023191336,-0.07380275889370923,0.27993003270911804,0.4151599489344932,0.1315101445445658,1.3273063789357942,1.8024289027520968,1.201816443990394,-0.530528222272431,0.14586036570241792,-0.7494338670692599,1.5276832001122422,2.1373830693677327,0.1707956654213357,0.3302351064708378,0.13954211426750565,0.18387126106726376,0.3370889444499986,-0.1831163147194377,0.04358859254670568,-0.6707283278083445,-0.6924975051366418,0.15600270277637326,1.4185699338678077,0.33900030416930615,1.6219624896806146,-0.481963896205978,-1.6292546497715896,-0.5191240840225868,0.07954178730051428,0.8656658584308314,0.6766945426781319,-0.07266858527966268,0.6380146197487162,0.0937228224143595,-0.5608718504825587,1,1,0.9001584034543229,0,1.0
930,-6.287752715107294,-0.1577467815258394,-0.44972455819907015,-1.3866029153376913,1.1584097537073401,1.0939486715331797,0.01189880919018908,1.0573692505841654,-0.3948074431170922,-0.6470872104030967,1.1048749417789536,1.8172517432445918,-1.041970333802651,1.1875798033855376,-0.29412128879795996,-1.0957005163819733,-0.05323250907435786,-0.8175659709100299,2.0978313291030646,-2.853028628346691,0.9465371644118994,0.4310317322637879,0.47530294605522344,-1.4290499613613685,-2.083148665120991,0.25017461013298126,1.2231237427322885,-0.48806565194295454,-0.16921556567054352,-0.9347353467942054,0.4998826608641859,-0.2121929591154423,1.7405560088256036,-0.6915947808911468,1.4089325286449552,-0.028097290276873927,0.20460872050916112,1.8007712530407374,-0.2994341885081848,0.8179554139002836,-0.012711207974130327,0.2509246237171041,0.2531142939894237,0.8915846522374176,0.14758741628281183,0.3297357439132452,0.3119197985461353,0.019419263042909297,0,0,0.9676291722813807,0,1.0
931,-2.267478063509578,0.7001647047654405,1.4774609089010238,0.8520721989869638,-0.5100311977770373,1.939985720405396,1.2737238543406402,-0.7777842692599625,0.8675788104481266,0.09008874193357251,-0.10020004624906159,0.20971764680635097,1.2648846372707765,0.836773446195864,-1.4613095777990925,-1.6832651020690088,0.15262865723536292,1.123224045613362,-1.1623099721939767,0.42225070902311745,-0.35061511334781725,-0.9226293110594238,0.12716464021049026,-1.4347665755589956,-0.7003313850461266,-0.13655652693504367,-1.19976672917326,0.7233831095218837,-0.4541227488550858,1.6017769216534388,-1.3258411149997094,0.41475811707330523,0.5544630417417106,-0.7027792895191325,-0.3376514533777709,0.7330965006400231,-0.678974835375574,0.08894757915560385,0.1442622185424215,0.5101872398579207,0.5813193867371531,-0.2303118069270455,-0.8201466106385686,0.29968089435837725,-0.9370839714004334,-0.8087860580844347,-1.0237018642139613,-0.10067022184575462,0,0,0.8136205001580827,0,1.0
932,3.029655719079732,-0.42148061742956144,-0.16651893241583587,1.3819714726506982,-0.919005186996495,-0.47574529827259154,-0.5339482103489168,-0.2376702462253959,-0.9443289763761296,-0.8225407593857462,-0.24585089309771116,-0.6413582090380703,-0.6989646097749403,-1.6326069411088033,-0.2757160005798952,-0.6234939032955646,0.41248239019073335,-0.5321285158961566,-0.8391071320333969,0.4499922404202485,0.1765820466586029,-0.04146250087083688,0.545390164362987,-0.059707217544434706,-0.6063137841425931,2.664020799063053,-0.5051899813372107,-0.8515592071319515,-0.3318706505761594,-0.7112654267805397,-0.1062085831594497,-0.5539709093784903,-1.1129409000220685,1.013863274009989,-1.1761023481772486,1.0285248754460545,-0.9055046501776157,-0.47314333900647315,1.2826692554182626,-0.03249560796306929,-1.0969893557443038,-0.5738317442943949,1.8114379927016544,-0.0007583110545264667,-1.0029581007759747,0.8141218471344573,0.10056637019784812,-0.6613195490454551,1,1,0.7730042857752643,0,1.0
933,0.7003851875223158,-0.32930158781431235,0.7105863776755785,2.1792611836266165,-1.5612109143260418,-0.4368422072676746,0.5416981740242642,-0.15778118654406437,0.01352558512135822,-1.4334167220514829,-0.19923603499653283,-0.7410802578190991,-1.8316108553909405,-1.0850538042071347,-0.6574577330672643,0.1807381301418285,-1.1004393353800563,-1.4257940581382649,-0.7548994961938889,1.2701729656032787,-1.3570274125585526,1.6383588206233166,0.03650203913260554,-0.2675959271524299,-0.9434048966223046,0.3504461291827417,-0.27564446409998034,0.5063332269534128,-1.1758593344221504,0.16104892614670172,-0.21247899938079398,0.3431386728692328,-0.4423429682310548,1.2651434422433747,0.460410785708797,-1.0081494619293934,-0.08031274219776408,0.9046582803047034,-0.47768097599448306,0.9111452649309906,-0.5566282655511203,0.8177836412740237,0.5524543950309643,-1.0130535207500322,1.2621590284872197,-0.3034718077524439,-0.007195490277370696,1.0702766235961048,1,1,0.854522511286862,0,1.0
934,2.40818755639915,-1.504147949293228,2.0821816245017564,2.515839388706334,1.4495621424763663,-1.3341834746350103,-1.7382905273919627,0.44602530752960273,0.46069497366720824,0.09262624779376717,1.1451919036752032,0.6302253180545133,-0.5850402992376692,1.1561685158418717,-0.5647149995526489,-0.3726370287072359,-0.6183467683166309,0.592908862744125,-0.2262609645992234,0.05706046006607566,-0.011020741768074568,1.0079989463962713,-1.2255612331876438,0.017647833382637333,-0.9763476157964592,-0.11561893651571126,-0.45215956127428936,-0.2363226359510947,0.30175471115720326,-0.3231542532131262,0.32579745911522073,-0.05318239963035838,-0.29083792148682747,1.0780209039756132,-0.11207728593402712,-1.1475864958754163,-1.7291271801768495,1.6094573259780864,0.450587029153852,-0.0029048264955163494,-0.40290606677185337,-0.966189367668103,-1.2738909002214716,-0.42096136670674855,1.1540499798137112,-1.614225292358281,-0.6446288916537639,-0.8311066865387559,1,1,0.7902051904114391,0,1.0
935,2.6719205096886878,2.745622091263128,-0.2618050941534993,-0.6769271639363711,-1.079016939425636,1.055804280447292,2.2299184727797567,0.14929839833020794,-0.0637499798536277,-1.3972936282734065,-0.24806033724583954,0.9470029458533974,-1.4418379458612545,0.37392733097505704,0.17551940254271448,1.1486301106230636,-0.2732804178142865,-1.46682449776331,-0.7280343774711795,0.45359390086612505,0.5432211296881441,0.34731278169716584,0.7017580505436357,0.10358128626352094,1.2086160396383534,0.540953385400498,-0.9090754152320678,-0.4063192424068723,1.356451941184835,-0.6848179752744924,1.1089981680560208,0.9213617764073805,-0.6614365962924836,-0.9222703212109711,-1.1027396949807753,-0.27877228270510007,0.4330399977101838,-0.14908701579637748,-0.22263765370037106,0.6510120151598283,-0.35971777728229,-0.47278139950507864,0.8437666240929474,-0.36565070662737215,-0.4103801970899582,-0.7553023096584596,0.3971739901400152,-1.8551077042122364,1,1,0.8277598751329845,0,1.0
936,2.9260415517658687,-0.6829380854677661,-3.259552900238774,0.9247738217550663,-0.0573809391331652,-0.5280701288168577,0.34809201025790587,-0.6472093968933986,0.7409639642170994,0.4082986947545733,0.1646996869532333,1.5928208682777967,-0.4589597320557491,0.4071262533280359,-1.147245790336683,-0.9652924227276571,-1.1970445418548064,0.7628498949153587,0.1265187024858717,-1.5333928279362905,-0.09903676594888522,0.987551514761702,0.835831282066197,-0.29628400373852526,0.10824517082257415,0.4645914430347766,1.1868540124574243,-0.40168895419806655,0.9575299487736235,-1.229272628631181,1.0451073462385132,-0.3737773122687382,1.5302681300533252,0.2290729189701468,0.31844849233364797,0.2842701258726521,0.6685227024774172,-0.05527211224889279,-0.11903863816169544,-0.33435125779318714,-1.1820620044917096,-0.6658181958159782,0.14303066796462421,1.2072161584735448,0.7892163374143415,0.5586880558580064,0.2684586102262296,-0.5584975371710166,1,1,0.962384014757572,0,1.0
937,-6.314023588452775,3.0290525965662187,-1.3046911028615573,-2.192963783523181,1.2955878966473546,0.5282951938962825,0.47062629637909614,-0.3488566364959373,-1.6211671682413271,1.315894370384578,0.21283639165368637,0.3487364431170198,0.02131885733278619,0.9738611270213199,-0.16904809784705982,0.27061571861329825,2.276197627098688,-0.6133230226673121,-0.7916275143246888,1.217808543669559,-1.1432903425943297,-0.7880650679513377,-2.259363060072648,0.29280497149958096,-0.7370832933462393,0.02972492788764887,-0.7590208895312132,0.6568812857781612,-0.18235177688985127,0.5630132503808326,-0.8751841971677884,0.017462599692270736,-1.0334785552520862,-0.48044793724311996,1.181233770375746,-0.5888213677786541,-0.9027142112290009,0.5941314128086758,-0.9876678362302453,-0.8922984236249744,1.1170879592187621,-0.672363407747539,-0.4674755609778979,0.3579240989234562,-2.097102432800828,0.0760862036775487,-0.2829350721825134,1.1031513960071293,0,0,0.9649490551534144,0,1.0
938,-1.7866281628874403,2.093260210176343,0.47328591160499983,-2.048780920109274,-0.26914213423085664,-3.1382204508208975,-0.9160067847221738,-0.8813786255440906,-1.8638901003576966,1.368757272357041,0.352183359508494,-1.3942378612194717,-0.7283332178078693,-0.11910916405811153,0.11733941722021399,-0.3719604338620392,-0.5913750130242018,0.5798756821483371,-0.9650253240270324,-0.5076274960592884,-0.7665738814600154,0.5112111809369299,0.7472320877698521,1.5170740230414645,1.1477845966339908,-1.0186195790500712,-0.7833969612282816,0.9104062899725861,1.241551351989299,-1.1388023161992067,-0.9844868577739595,0.7249688262385918,0.5599441331803079,-0.02959968372032394,-0.1530677772215145,-0.32026432362104496,0.7488438795343634,-0.16316493631351936,-0.44062786282286853,-0.03259565860451152,0.5727840909735349,-0.835543435062915,-0.3964334020815416,1.1427599576360121,-0.43880330897467246,-1.1166171306520072,0.3487634495381331,0.6635335381525552,0,1,0.6008780839881855,0,1.0
939,-3.014481562057965,-0.7974299440167613,-1.0653033828816907,0.1430230820787919,-0.733964154827493,-0.697671192258674,0.1186519323508631,1.4576313657326574,0.2425317063966948,-1.575480007866496,0.07630590758412659,-0.6526018163147989,-0.007013902604702514,0.1347784906989931,1.275180335083974,0.6078757402097624,0.29832928719502555,-0.7015149304028165,0.11646288689897884,0.9810820567061617,0.027484679422711978,1.2792446423554464,0.9468618696337754,-0.5961037524812485,0.14712078914311238,-0.18108536362858363,-1.4362851372401126,0.967664380296009,-0.16245565895605613,-0.14882172211466427,-0.848028840854114,-0.6790573819844463,-0.14858506781129702,0.2077080571682437,0.39538305462070866,0.36884363450758667,-1.6443899480135191,0.3674371852387464,0.9990169006123268,0.9354815377639669,-0.6364334503364516,0.18739631264129925,-0.6572122774818829,0.05507221526097703,-0.2876619455818814,-0.1051933679798431,0.1705727854547916,1.8513705500999629,0,0,0.9271920002042413,0,1.0
940,0.6088672212514175,-1.1427322773319177,-0.056089398919137466,0.7144562280198657,-0.4447393329614349,-0.5557233851522085,1.2470641390196489,-0.23111801700384513,-0.633062579547882,-1.0253599766928667,-1.2732849838909057,1.220018465411409,0.8192711024235988,0.8415938406746201,-0.4252464258366761,-0.5803315267120764,0.9060162964312729,0.42559122090244084,0.6857691650296731,0.07670387239809497,-1.005816594003622,1.1576324739385535,0.5522615128319625,-0.3585605198832147,0.8983395191304243,0.25200246012437894,0.9396389951368547,0.6951885997363089,0.3923808765311117,-0.8938820277502111,-0.3193226287343185,-0.6280599876106039,-0.4008479787527269,-0.8842483059627377,1.4855800073590195,-0.23395844884060615,-0.5551580358506,-0.2681346067483745,-0.00563483149303623,-0.5226150333419117,-0.08414622068076297,0.09213144055017808,-0.9803361305539192,-0.25087163685072117,-1.5681689827873297,-0.480211059118662,0.6137340725229645,0.6676933780076602,1,1,0.6718399086111332,0,1.0
941,2.234437754588325,-1.2099888917100183,1.4085234528739967,0.028619497968489102,1.373359720844963,-0.7775114997631966,1.5015127426754107,-0.5697659340031727,-0.18124622032027032,-0.04580819900066813,1.1456067909625804,-1.083489974881439,-0.2877614145772548,-1.0238590871216215,1.3516584894842762,-0.32981569865726595,2.203131427980757,0.9696025246145826,-0.527397894888134,0.8468939535743684,0.25089378001480556,-0.2430275561410466,0.7891429391048621,-0.6688290108458865,-0.16299478890522576,1.1030358425702032,0.5217646513745271,-0.15204013594861016,-0.3869205638215665,0.3550654124599067,-0.05745291507617342,0.0798061179990942,-0.9394415772545723,-1.1453169323532786,0.06238905046619675,0.9167180238354157,0.9823209495399807,0.13716819609834505,-0.13304748619821372,-1.0199332212871541,1.6154928344392996,0.04218235121986447,0.23890951858672307,0.19176869693924925,-0.6387952449378188,0.8733793321762752,-1.110480778052622,-0.2863676567385131,1,1,0.7308044641888702,0,1.0
942,-1.25221802368016,-1.4031021371414838,1.1956273904645796,0.18802943201043554,-0.12916393135649448,0.5198039014314282,1.397238306250825,0.19626886161116885,-1.1755793294194963,-1.4543530307479897,0.6964141953678148,-1.0034247604323163,1.4660678822776594,-0.598341843088034,0.6812329421421525,0.5726024104370873,-0.14013235231708973,-0.0823909915448696,-0.15734918128117673,0.4010385260289195,0.9738630456411594,1.0538047138849795,0.046304825280233906,-0.24787603422307122,0.21005625760423044,-0.7815467819123341,-0.41020266591222754,0.38852249891913704,-0.6870277751926459,-0.1443303294178205,-1.2073883524075864,0.9327164824629933,0.31074349242935667,-0.18935056506155118,0.6158708413412992,1.3825452732917412,1.3759043678974554,0.2994513304580063,0.12847822262043002,-0.10830213233168175,0.6610680353267437,0.8899593698788191,0.05562762084771384,-0.11205860010435113,0.6579273046200158,-0.09738872950313308,0.43896598674788256,-1.7317954590508509,0,0,0.840783693166216,0,1.0
943,0.016705619241164912,-1.5791098437689188,-0.47574166469146667,-0.08505582706737991,-1.0641450216276835,-0.3994865852199462,-2.3807676656346266,-0.09048807248098556,2.5505267509739755,-0.5107804161253622,-1.7173890971639947,-0.15505078966857233,0.5707153233926892,1.2205817625153,-0.024022066943382794,-1.438195712370828,-1.1365695893360392,-0.9618708438654269,1.1333693861555176,0.2064688062156545,0.9084599713353592,0.4941499306038752,1.6326695130071438,0.580264372425538,-0.11043939808340043,-0.4641959966386373,-0.7871727269311449,-0.9746243592451478,-0.9081841153620003,1.2076209911091205,-0.3529429039093474,-1.150701585573527,0.025300037751539998,0.971728298290093,0.2226661556554356,0.19723841487699204,-0.7717320521119575,-0.9788062988748398,-0.2397334149416049,1.1170212028439073,-0.3818967790822871,0.03375542015808506,1.0759917341138294,0.6216475426111343,-0.8299224144304522,1.4538700616205378,0.04457434869866341,0.5139144838743099,1,1,0.7480565051012648,0,1.0
944,-4.917220315791314,-1.9209187295470782,0.49819661232895457,-0.7004427031850683,-0.8799338446977107,-0.31034510364027834,0.5925636197888787,-0.784273555246818,-0.7831268943897521,-0.30723294879331753,0.003707972967528818,0.37630955948692524,0.2824232709929444,0.30971882080960206,0.362374428449001,0.5910883370150137,0.4673830814128653,0.6459910405026145,0.5711045845374857,-0.6206731572639639,1.3268533495978705,0.6229212812477035,0.0730491125695901,0.026074206692581755,0.2364216766386594,-0.02125458717390501,1.7034608947498915,0.76843075794731,-1.6975891673251537,-1.2160169188617498,-0.17293367147820804,0.3206616865595536,0.6789252308772622,-0.22848503958142877,0.404123385971146,1.5438527447839387,-0.5117519733556617,0.9571019609719537,-0.05568302315761886,0.7432974754664882,-0.18519471780366792,0.08601397470994183,-0.31939637895640266,0.5701898884121309,0.09175265900647843,0.7043461609405691,0.7400773787544608,-0.3982162699987428,0,0,0.9709290376422444,0,1.0
945,-6.444598555156892,0.3232169096505564,0.6483500265520177,0.12874671267829274,-0.8837052036907783,-0.586318588674558,-0.5664069386776424,-0.46740144566082015,0.8789881381158695,-0.042619812078361415,0.10148074523665676,-0.1295309172782431,1.2548614114589556,-0.4816836873541,-0.9824536959263178,-0.0779181142824208,-0.5164676203309444,0.9803410897086929,-0.4083134085859512,-0.7273548472462407,0.03224056829638704,-1.9182073699452347,0.003616802089407965,0.9779443696830115,1.4721419767604584,0.5275827333710411,-0.10442423285455965,-0.11664796173498794,-1.1429824837352884,0.350259051846543,1.5135247363482982,0.5794631702861954,0.3722916887676411,-0.4427304233261999,0.03799575347322808,0.7341128555497722,-1.133932762904166,0.8769063974659169,0.49515274282553445,1.359479614692351,0.6659154421117616,0.13949512996951782,-0.5692563949415818,-0.6249818251415203,-0.6120190741368295,-0.6814143190120117,0.22745114554440016,0.5446650180829181,0,0,0.9825675565637269,0,1.0
946,-0.2008084624929592,1.530249020580125,-0.8456891623811643,0.8414440687945642,0.9012796194643897,-1.78893684718648,0.4398241159915922,-1.5040363094333378,0.5988091944357904,-0.34837885059308077,0.18970523777952747,-1.2275187971955177,0.28119093674787327,1.987331569928189,0.25486594414110797,-0.4950411439011616,-0.6620818622617184,0.1859638662788267,0.283452235832667,0.20010579210975524,-1.0900897550332662,0.1806193567549497,0.2515383740216799,1.2997599100801513,0.30882284431266244,1.133645553799704,1.6766775651883274,-0.2869564318174219,-1.3659022826866734,-0.3208760292730404,-0.7692674115315803,0.592020929346567,-0.5819665865710699,-0.7598048235089482,-0.22517174012836053,-0.1655951984464572,-0.3343167631102167,0.37580569808089787,0.681774527605065,1.7942451349023076,-0.18220316712879944,0.02138110934625369,0.3539474712133045,-0.59302614092243,0.4992236322213354,0.18175658962899024,0.19571408305029317,0.03390833317510529,0,1,0.7937874638767433,0,1.0
947,4.274472919244639,-2.464470537442718,-0.28256338507637535,1.6257696326854834,-1.0492738065043208,-1.0324078496435871,0.3015824834027312,-0.23831078864285435,0.9704557325520532,0.8516422543602168,2.6246395951318324,0.05270267779227986,0.4834126687251459,2.1949371614400666,0.24603381902901272,0.33778523048166154,-0.35100418876589395,-1.4234466598318003,-0.2311584682415156,-0.48268661176953137,-0.7622347400856082,-1.7276618740077023,-0.054715899920557066,0.7198808103332367,0.020373324060600922,-1.5720985848295561,0.00806269775461124,0.31638835567473567,-0.975405380192819,-0.27223189783074336,-0.9071646482797201,-0.9855846832608326,-0.3253335767294983,0.6041567901124749,-1.1900620419589816,1.1397671886964076,0.39668596889245483,-1.0760702574954881,0.04190531463342118,0.6228776563029205,0.2629735146660511,2.5518601555349814,-0.38113815862895517,-0.5048695768365861,-0.6985752884866918,-0.34387496701245984,0.7306014055311547,-0.26026262011368173,1,1,0.9829886816461056,0,1.0
948,-1.6632395163897622,-0.3589442833891708,-0.3730574333282506,-0.3116111740816923,-0.8169458245183102,0.8815550890088547,-0.8725037488377295,-0.10768916174942902,-0.4077717446449514,-0.049696700934136494,0.7083600436999727,0.3454156713204569,0.8138380366145984,-1.7183811360357242,-0.6452160289673775,1.1363801623946168,1.65143235982111,-0.22501475428142034,-1.824860795583349,0.2503656004190777,-1.5696430627592388,-0.8353396959147787,0.8053439551716082,-0.40800990910428037,0.37543783648120616,0.08740135772733304,0.21412694749941247,-0.2111141016480742,-0.5114410659452511,1.6682751739103845,0.22919178983969052,-1.3862740601620107,0.30767641883382546,1.5280901219730374,0.5138050428195398,0.5880184437918824,1.6529090802855204,0.788661532413929,-0.6675499668288399,-2.1248095314258255,0.4274045651179148,-0.08127227956730745,0.3775422016874873,-0.8833405005103524,-0.5627974487875264,0.23826029000672866,-0.45099075098627,1.1775678886871044,0,0,0.8241205651443222,0,1.0
949,-5.061932656473512,0.19961606116679326,-0.6055635372961533,0.6131653230279646,0.05642007105744227,0.9857908744490826,-1.87668117085319,0.028090169586145616,-2.0080465807856576,0.6360326653981446,0.3161754838410987,0.2319575739910635,0.9310234165307828,0.4277385952693151,-0.5499074002229338,-0.8366570048533439,0.624518578794279,0.33084565720162723,-0.9354449171666044,0.38170258721159456,0.08572980088825578,0.30754631943589505,-0.748813193547776,0.048857235396796254,-0.7943007521259283,-0.8682096338287837,-0.8809846224551403,-1.1482203846252463,1.7319959061153198,-1.6816110358637677,-0.6632084516513826,-0.9189419723604524,0.9407952951515065,-0.9508156469888233,-1.1664659559090935,-0.4857077168179064,1.6082841124857852,-0.07838043206276475,1.1365143633879018,0.6344527364064321,-0.7762001771897074,-1.0684641379084188,0.8979876729565106,-0.6878755216111775,0.010300302455731984,0.7862389276380142,0.002661843982079884,-1.1098854884476852,0,0,0.9749580417619702,0,1.0
950,4.727896731835325,-0.7058460219765725,-1.0194330862429062,0.3772696218271569,1.1130892851334253,-1.43727113392254,-1.538711001742815,1.3234113299926198,-0.18195989450042932,0.11029423058313262,0.262106415677581,-0.42856324173694016,1.929314295846122,-0.5476565187598872,0.3441679069498684,-0.9708182110745658,0.9070469937393995,0.8375625532536687,-0.8924456182239107,0.08043421024051298,-0.2976956823757002,0.25804762400710707,-0.6780772959478116,0.4819272844491273,0.44853625264795044,-0.40998940944671897,0.5088444577814756,0.34613882664483486,0.20266020026631185,-0.1391871813832613,0.5100149066361352,0.8183397392872983,-1.7147507326285267,-0.2223843092099077,-0.7176385627227606,1.455764287247837,-0.20128511394982568,-0.3407734330002508,-0.45486517587014536,-0.7048400184472764,-0.34832047264830757,-0.052784678655455795,0.021231023486609206,0.4862620080123035,-0.7805558837048416,0.7834721627760229,0.4929961562586973,0.21356341628951114,1,1,0.9417670637589328,0,1.0
951,0.5464004903189207,0.0625710185592283,-2.3561671777970985,0.8511105995607473,-1.6815745504157598,1.3020499579440252,1.0427970816668422,0.713478192595432,0.898837608640486,0.8918774856432308,0.706997740627702,-0.06312926168847319,-0.7004204098898813,0.1256724192262664,0.9577191048369512,-0.4760903207704986,-0.8337765487876072,0.26018808366847584,0.5793897275894596,0.3833444509633609,0.1438087265829192,-1.3371089758567924,1.0879962918521577,-0.9608314254546406,-0.8236899631375257,-0.06007584181191349,0.5715576596784447,0.09906980299288039,0.13657479561442068,-0.8013334612205498,1.0500282558860152,0.43346077413652895,0.3523837185274587,0.7169244991136481,0.8329694592192117,-0.3980694808289721,-0.4744087784775373,0.19890191206550162,-1.404846918035991,-1.0174576511479259,-0.2032575777316389,-0.1737017513592395,0.47937946442470764,-0.5879349777685507,0.49465262029208534,-0.6500939771953175,-0.22272190854156376,0.7303867530928919,1,1,0.7309664073629139,0,1.0
952,6.063020673567733,2.3449976103980803,2.8087459493118736,0.6031513225748966,-1.3779627538563364,-0.12569085643146977,0.16215042498420684,1.7654482853528692,1.9580402184843606,-0.11386137637653071,-0.033409962218177644,-0.826274910742042,0.0033760962178723862,-0.925623683303295,0.9400309136394219,0.30357190576831783,-0.015032434770094366,1.326559114161496,-0.9270626398871761,-0.3659309006776032,0.31647123674873784,0.7156411522890215,0.7990820731164768,-0.22594637441617446,0.15044184225549656,-0.22958956099599673,0.32136006983954507,-1.054135901531574,0.9732254915262973,-1.3801899205195818,0.16336706864469228,-0.27074070811319967,0.38680191455869134,0.16127517761112034,0.6126898427302331,-0.7636780369100593,0.1804994643127142,0.022156003286244938,0.38962185452842424,-0.2411417785205179,-0.9371634451392183,1.6727875282554883,-0.19874777648634626,0.7286589036630787,0.14983269196223883,-0.8318714369685202,-0.18312767065443594,1.3642616768074134,1,1,0.9907324563883717,0,1.0
953,-1.429953471990441,-1.8613913375581521,-0.2530550120966456,-1.8856573999208888,-0.5117598353846683,-0.810330523302932,0.1547627641464336,-0.4789661186484258,-1.2571701745358077,-0.9409918571446527,-1.8764235266558553,-0.02835620062973341,0.26680153219431235,-0.13827715436204205,0.3405465532451394,0.454096906009527,-1.0292145543548885,-0.7636004643205612,-0.44743660299890975,0.42715728294593713,0.9846327734475271,0.4685573942317377,1.0650990896178931,0.2114145170394317,1.5035577825396855,-1.7769474285486937,0.3879309639707407,-1.657587720926456,-0.4196550006706177,0.6154364769537974,0.05603401560127058,-0.6035695805492153,0.8502689351693777,-1.6628099324878922,-1.098634183098659,-0.4101386122953593,-0.7311460089462586,-0.24797564481205517,1.0735819116834215,-0.0726580562428385,1.3776727581764239,0.9885054595852378,-1.2866607387733198,-1.239105274790208,-0.6101778816577975,-0.13457733601115301,0.9365000533900327,-1.2921295310850023,0,0,0.8119658429463247,0,1.0
954,-6.458778114284507,-1.0301661167296254,-2.372318300561929,0.8331023300533269,-0.043633250320110575,0.27015621324627653,1.2118656833951582,0.29939371709698664,1.0622677564469423,-0.9878988663242193,-0.5020064834166288,1.3499963999495705,-1.6112133349984654,1.6431663233634175,-0.43730891254634263,-0.4602288364888195,0.3146632951799154,1.1333253588647014,-1.2314614350837403,1.3179083847099453,-0.7858046899897155,0.20723649975924519,0.0737211925299049,-0.4138537752454121,0.002011125667664155,0.9986930225327658,-1.560464287882463,-0.8075262581844113,-2.0063871515788385,0.6810596003947477,0.9533121901185542,-0.024730179020306577,0.7997470740364071,0.04764472008480649,0.268752231503614,0.40463119887675747,-0.04261759359094841,-0.05682847788716062,0.414585921424141,0.3271630888183678,0.4301883442659778,-0.052987185835863315,0.5406739174029062,-1.1411981807387173,0.6758815523790458,0.03727032889041233,-0.19349358516358933,0.021333940473971667,0,0,0.951728608860248,0,1.0
955,-1.6305878745065676,-0.9069538726219706,1.9278380103963917,-1.3925371312561485,-0.5815228926726718,0.03049586081501441,-0.44743910638414164,0.5386130828543129,-0.2428690591472967,-0.4411783640081241,0.23299398107719546,1.8122047421969696,-0.011896704106612227,1.3938061913318978,0.3811034645971647,-0.5689127812086241,0.2069056546565083,-0.9371908258723632,0.3533152426296369,0.47152069896402526,-0.5476160000363901,-0.5409965543365451,0.11966279670558871,0.10189946995195731,0.5412099993901277,-0.24818059289844632,0.38955416290366396,-1.164952691949886,0.05864899975219394,0.8401585910129495,-1.059848001476412,-1.1101196510511004,-0.02677691139512634,1.4873336644270403,-0.6132031062924251,0.15057991192110576,0.2236780906562746,0.5473334367609439,0.377808913872634,-0.22378226078935737,0.3919022834038823,-0.5635320981554571,-0.12056371723428089,-0.3557638350740482,-0.6161948476648089,-0.4726708870445264,0.04875162864399401,0.43064650183594255,0,0,0.7876202907744504,0,1.0
956,0.8587149565866904,-2.122502155976907,1.449562011830231,-1.3147780516379846,-1.2636471362621922,0.5184808615440389,0.5773402046827403,-0.2941964158898281,-0.1497912104425074,1.4462684574974767,0.041630626538869606,1.7962392142028374,-1.123484553059914,0.7385563916441297,0.9529586620666852,1.3315735180742239,0.538855237401585,0.2867055334821722,-0.4590227805656553,-1.9170782742693986,-0.14449683057941806,-0.5286918335142219,-1.2132704226713487,-1.2548454918850338,0.3077947310902821,-0.5682620382442722,0.217517239432162,0.12840222443791013,0.5291441941123398,-0.2070367170242703,-0.09115369884783742,1.346140111806736,-0.8014157512367576,0.49268940057902033,1.9521294180991247,0.5902409253902298,-0.7461822430791074,-0.5060824791517522,-0.18282439362876218,0.11476109595371693,-1.2108719229906004,-0.8804311467637832,0.48987992781803624,0.19362438796224338,0.33675977284740727,-0.43567278611845284,-0.608822535444249,0.4355926049176775,1,1,0.7596062211305108,0,1.0
957,7.440790468239297,0.6751642987623873,2.076117859711146,-1.4047706056392388,-1.489228612413053,0.4568277014544194,-0.119089710212141,-0.7710414679738461,0.2219577146811715,-0.018945246615997113,-1.1126750136931798,1.39633295591359,0.5862773137648102,-0.13634121869729668,-0.08406591112233662,0.9415162597859756,-0.3660744686857911,-0.47299228388463965,0.172803585228738,0.6987885603747386,1.1925738100132823,-0.5113418797906316,0.462701158805447,0.049470037460708396,-1.3232194438195408,0.33255498734337696,1.4138510601338805,-0.060791084804496,-1.1115356198875286,-0.2538349026575102,1.1853312589436047,-1.4756768169649745,0.761371546465283,-0.267831074597618,-0.9204463198030848,-0.5695417510931166,-0.19649330070147294,-0.04980871282961209,0.5459925424968232,-0.2720543066659911,-0.5767369174312278,-0.8385544383257889,0.6313142938505875,-0.24841223888694416,-0.34334667798483876,-0.7076015044983835,0.2843801110439814,0.2925239227651536,1,1,0.9902187720953677,0,1.0
958,3.0576885016549493,-2.1957475462249554,-1.2779549199620603,0.1282421095323872,-2.1220204724320877,-1.422574097670096,1.5394192127851383,0.15938849005944059,-1.283486804440085,1.565016016091282,-0.023975094629303695,0.1489529605870086,-0.06037069189075206,-0.25372846086512646,0.11621751916816728,0.9581874109702526,-1.1043863972044372,-0.2295290533134552,1.3132545701379925,-1.627409727126757,0.06158808787834542,-0.5964609867817517,0.043870553230407575,0.4485807446476035,1.3539505526409505,-0.46102823645757535,-0.991165560153479,-0.14999541751052387,0.43155733113610717,-0.29136828311097607,0.4975449284624045,0.5995482706462061,-0.21884444635839823,-0.3791797000175511,0.8835694691012546,-0.8760644018169478,-0.6665289718648686,-0.3300159530267281,0.8079029464139907,-0.20578412942551416,0.46697348174893694,1.0644279401130972,1.3966032680760934,-0.1377602565238189,1.1992411188092094,0.7015034345421532,-0.19612613424281858,0.4224611433143736,1,1,0.935893774058416,0,1.0
959,-7.102918064762087,-2.5457002132156985,0.6003834032796648,0.5459825242808128,0.5390752392236288,-0.38172325678327695,0.1320091998258154,-0.5622879179476031,-1.9482600072459018,0.12320814988165836,0.2909783717027922,0.25056253947171475,-0.14657058860138186,0.036412530088327705,-0.6937919796385223,-1.338727648924083,-0.0913075435612904,0.7821113975846394,2.0939673099221605,-0.7983778363120649,-0.6078674925588601,1.500745082968442,-0.5941349045003832,-0.10923794508165525,-0.5098681418937153,0.5047378273839376,-0.12671656887018676,-0.2585556549207458,1.5583427944129127,0.6705835986054558,0.79434809268973,-1.0642353177534718,-1.499637106541777,0.2694519903183149,0.39057274677401727,-0.7283590853222269,-0.6257996515496329,0.2555374503157073,0.4749192650076014,-0.21203686100554978,-0.6771932564696723,2.0102647188081315,0.7248908314105919,-0.26370962340750054,-0.5623030717427745,-1.2288456593981951,-1.10730829973867,-0.9082636210499165,0,0,0.9744115283705427,0,1.0
960,2.515965725532094,2.690284984129019,-1.1957800366658395,0.8670921874027937,0.47689364973096865,-0.1830478543870396,0.9843116303330752,0.9271294594586724,0.1846611655968814,2.16637252576637,-0.2646331049918892,-1.130664985285483,0.04437352658712941,1.0224369090901768,0.5163354779596884,-0.3911429626517066,0.3554932294224151,-1.0950721689207583,1.342496237640918,0.054267213094165684,0.3873467469954766,-0.02022871703844337,0.7552661966911098,-0.2460262958377686,0.5875210702637836,0.5943777467618889,-0.4561677808514988,-0.8879245378743252,-0.6511588553581327,-0.5485792571623581,-0.1100960175707225,-0.5081444084929351,-0.6479377626293941,0.034895933628098195,-0.49453755403241534,0.18035063017361044,-0.3604399694899252,-0.8636445003292483,0.004709568591706965,0.46063686602404197,0.3545528022371521,0.5276292268922027,0.12017572897447724,1.5762392876138842,0.2552265190125241,-0.5967901318630465,-0.17087043230019822,0.14658006855696082,1,1,0.8904930407365481,0,1.0
961,1.8314341002640446,-0.663600066753512,-0.44530767092102624,0.26017105083702896,-0.3934759053372067,-2.018614408845256,-1.2958045102444216,0.7728471007551396,-1.7496855954897748,0.40080796729218254,0.8415300691041633,-0.2625503435687067,1.694419489636088,0.15208566410100788,0.7287613762904085,-0.22053606671461085,-0.06755625601956988,-2.0331179582409775,0.7966748117084111,-0.015380758717915253,0.06310855244499626,-1.0481575142220865,-0.0854275194278872,0.36960265338814263,-1.3114767244279768,0.38245646623674445,-0.4624696662892234,-0.03932515000010942,0.2621766826526936,0.6625311260943397,-0.3339142535706487,0.610886156543895,0.6358586736809017,0.5061309747303825,1.0188917464851337,-0.05645186845048143,0.6692530386771214,0.7234397988297988,-0.2802938007743942,0.48067792803632575,-1.5071904557951228,-0.9297574183728791,0.38226732548335957,0.08019710018962668,-1.9407761637257601,-0.9178069204847566,-0.8613573764656138,-0.1748378119805751,1,1,0.898213715551946,0,1.0
962,-2.7056142786142114,4.107483496484729,0.6155394285826492,0.4473086536812116,0.01656804267310499,-0.47837861300647666,-1.2783992118039575,0.5331719320119698,-0.6689965055418452,0.47832628852676734,0.328691236922373,0.7078022324936742,0.5623446236519489,0.25379394378688025,1.3259864945504931,0.820106417472161,-0.061764240950581736,-0.13832964684947793,0.7423114034806206,0.5565607114979731,0.021882942402449056,-0.46433420686997273,0.6161547205910777,-0.374975589725054,0.4544585047469274,-0.37759950574205703,0.6449743153874663,-0.06969368173106023,0.8761771357820353,-1.3116120797401023,0.9420444940276005,0.038048569911460016,-0.3796776450563904,1.1439626332890536,0.6720083287703887,0.17738514240557024,0.12397259447681402,-0.7401710873166781,0.8494649400662829,1.2990951326670128,0.4531508071973994,-0.08498634894406855,-0.09907138406098195,0.1782225043104867,0.15145157872459428,0.6832263362175732,-0.31386499055274864,-0.5174886392273423,0,0,0.8395926331820408,0,1.0
963,-3.330898659224482,-1.037933312642771,0.5804270572515272,-2.0042542772157157,0.4110083000298815,-1.0508409825646456,0.041737192729982865,0.6919098735787603,-0.8515652581845969,0.40518254081305966,1.8769799616647447,-0.5795694083941476,-0.7531938094204377,0.16421680112216855,0.7498173876528911,-0.5345918941947213,0.47314824509408465,-0.2841792274816288,0.5199293064506992,-0.2673869509385609,-0.28208670646769457,-2.0672147112694317,-1.2860814382716914,-0.0024718009266537513,0.012182532057323945,-0.45415227001217107,1.0633023620952902,1.4254506028276823,0.8060614094597021,0.568633787375016,-1.2935635768991682,0.6977500940715039,-0.3340048982221532,1.2020704742172443,0.5666406899143653,-1.5762612848262822,0.04021976191120832,-0.37149797246632077,0.8231688182674265,-1.0288391705851596,0.4927900374264785,0.6784360661003506,-0.6169440685863289,-0.8709209065031103,0.43957652701416594,0.33893613177744764,-1.1607001814378213,-0.13253643136797102,0,0,0.7792252541710006,0,1.0
964,2.8128116654904347,0.8084887821537753,-0.49160531929935314,1.4977952459113109,0.1336888775634191,0.19658612317146948,-1.0027816509150769,-1.3426056066132992,0.39574273686063693,-0.34402606777903305,-1.4084795123322273,-0.3833057789122075,0.29870677448984334,0.24120592175224045,1.0073610998611244,0.7846864311525951,-0.713465539622211,-0.7915398978302635,0.40342617020092364,-0.3091580331259527,1.3334895707307692,-0.4096305373478649,0.18961452707923615,-1.2383577061961986,0.5654216187270199,0.5466114166238726,-0.1634403248703175,-0.03368252588357583,0.12071111343481476,1.1917097845431945,0.03047516007442704,-0.002804996661218987,2.303713860263377,-0.2700384161827714,-0.2474350921656469,0.1909908281278871,0.06111170713239782,0.6875883702732736,0.5539999091899912,-1.2774843303370764,-0.8947746981123649,-0.6253918597070369,-0.3862424329732219,0.8756455601527793,0.09980388913349084,-0.07126930972949845,-0.841581538997367,-0.021663367317888062,1,1,0.8712539846225295,0,1.0
965,2.466446607998473,2.26241057186231,1.325299423533796,-2.124762824790558,-1.1614335395559503,1.1741700499474534,-0.8746557949020098,0.4769408499254524,0.7047435311864861,-0.8311631473109357,-0.08372642202158935,-0.8687181810587092,0.8985052938519305,0.8868601110663406,-1.4972111327315345,-1.0961887321457504,-0.22853902445918753,0.06201622273055868,0.4169866522323283,1.2353162915097982,0.4022604753002133,1.213905997331829,-0.9338324682143597,1.1343575131617822,-0.36494190411103866,0.6164958169426011,0.20650955451129147,0.3495611328560623,0.4383301616191149,-1.6156932000629722,1.2895181734584191,0.3161413094569496,0.3294799301998601,0.8153820941878887,-0.029270493465495616,-1.2619114886909297,1.0430408423146504,0.8454954798601033,0.9753158599511211,0.7655967796120193,-1.2085789977912702,-0.4344415140600067,-0.24043953656815198,-0.6000779999148688,-0.34960711915039944,-0.4469159436559753,-0.023815760797496425,0.6308667587891712,1,1,0.7943231035839367,0,1.0
966,-3.0482698842903924,-3.9013044650672493,-0.24417231282337618,0.20797181273300044,2.2798633273190743,0.8103293496313406,0.0012761435860296005,-0.06200673069599618,-1.0543578337500363,3.0127673333848777,-0.08589368669321612,-0.5265768166156631,-0.29886270204829846,0.022925814700583264,-0.6986143050076847,-0.3101878334061065,-0.969641416253967,1.557902338887775,-0.2767251318392762,-1.008815230970399,-0.20841127999935577,0.5001358975586191,1.3108971262215252,-0.35858304718787726,-1.6591234163818913,0.3804269047576254,-0.5506992900238148,0.09323938395976153,-0.55632438502063,0.06805540352325914,-0.5251251242151989,0.5165476767303889,-1.1948657867171883,-0.916597989871763,2.224368984324083,-0.41588693993193315,-0.3992207153568056,-1.6187362025500442,0.3533366155859918,1.5792807968174454,0.13016354642087133,-0.6954503080083835,-0.4398389446618613,0.12670578177361413,-0.4086789049355468,-1.0813204468877897,-0.13867344237977555,0.28805456807890445,0,0,0.7602220491705647,0,1.0
967,-2.2044007752446206,2.572006019067281,-0.4201970410419081,2.494965745630045,2.7939705245661957,0.8101533549858339,0.7969619742028281,-1.9985816961310923,-2.0854998488973955,1.3989619858669562,1.0885341729292468,0.525836743143495,0.16736994361715962,-0.36394967638464043,-2.0010491598502647,0.28363060892339764,0.6473413858345216,-1.6503624604512532,-1.3533456162429576,1.1106906548267999,-0.2613646934742196,-0.6423113389416155,-0.06993305713032621,-1.2889639039075247,0.47583988947096667,0.21396999883519968,-0.18428414167394128,-0.49758569147703724,-0.9363026792533425,0.7508548202325702,-0.29034547199773714,-0.4219161205477141,-1.0073745411446193,-0.4181741874642646,0.27398179195329636,1.1662017121089339,0.7365297296611479,0.3378972617790213,0.30613977972904716,-0.8530150632249816,-1.454172762731122,-0.34685740991485364,-0.20775513024853115,-0.950091815536498,0.2862652733529166,0.08552950184713992,0.4117834865825245,0.3726773603688232,0,0,0.743064244155159,0,1.0
968,2.986530850435771,0.2505723038625244,-1.441688994846431,0.027377729420129195,2.6379562570565116,-1.3664120591168494,0.2745256375554517,-1.099624419100664,0.26281590554567447,-0.3322113925069552,-2.264157529703743,1.0303462576030846,0.836872299696119,-2.0476480517102367,-1.967087784052648,1.3890480602343616,-0.06294368210669324,2.354906556508215,1.5684831415079163,-0.5213280187767457,0.5491316212446031,-0.9935178105378356,0.16728278930908186,0.3755627703653641,-0.6812370187470986,1.4530659032978293,0.3188805891365901,-0.7750851114227301,-0.4459743367215055,1.4799962566523497,-0.5139014150977527,0.12304086602009572,-0.28485335901737224,0.24576981281455346,0.19465026739042915,-0.33719709799522773,1.3099227912062925,0.47363573167172796,-0.6633370425745153,0.06152887710428972,0.413796600328759,0.832595313710116,0.00423653756293101,-0.3873169381264644,-0.04438268829672012,-0.05345962935156175,0.3002386189665664,1.453381216189085,1,1,0.8560464353690441,0,1.0
969,4.34785910827771,2.61140252854938,0.9312330588663232,-0.7439034365119033,0.16652032773899889,-0.6701382459851828,1.8924096752368544,-0.064010189042733,2.437520015798276,0.6972229031131139,-0.018909559549649,0.37194351591896163,2.543402587837725,0.6908574622257281,0.27150221245460554,0.1497622104977984,0.668500618603435,0.6947444899991889,0.14721407634364045,0.8377146707523638,-1.2467413419459006,-0.048682483183989586,-0.9084289416520525,1.3655294127722892,-1.2293334826455942,-0.6261416219904206,1.3467144157163378,-0.861718541325629,-1.0842051182180563,0.20964826578215273,-0.09189677739703299,0.2941002844538332,-0.403751591260708,-0.24313876000324997,-1.4429516712919739,0.6902097958285791,-0.48969637802383864,0.4833136030791869,-0.048722565544391645,0.07657577508692283,-1.1550908323342381,0.22894266666023436,-0.6060309135634088,0.0168085735258399,0.690130535696746,0.9718901576724402,-0.630157869178837,0.5452792784665935,1,1,0.9836979331559651,0,1.0
970,10.6579639401077,2.1821383748029395,0.07576317305991019,-0.888544599130945,-1.7237501703140177,0.015260672918477491,-0.7458673283612219,-2.742782780491297,-0.5628782584277443,-0.6007539025951766,1.0489607891552328,-0.0352619300439308,-0.35057180559398393,0.22124013501915968,0.38138446050498176,-1.381162338961122,0.8769260076093545,0.6926878638203888,0.39838752547525796,0.03668857845992449,0.5099674181072112,-0.2168508691137656,-1.5202763638349805,-0.8287962532974091,1.7686367906503526,0.5334350285793048,0.33539492587251246,0.10863973488969869,-0.26346995407264895,0.34209411937265427,0.9856436981369585,-0.5981142923797481,0.37288074915112157,-0.9627517669995409,-0.2035384865799417,-0.30538592805278353,-0.896688774971668,0.5341057165211504,-0.30181338733028795,0.1526007399544784,0.4864055859220945,0.08891249962714091,-0.18667484171153148,-0.44210347705538494,-0.39406876225511417,0.3429079062261284,-0.4049116941533384,-1.185892257287698,1,1,0.9950167038191347,0,1.0
971,-1.4690956749143635,0.19311694458920944,0.9717221762087102,-0.3194790897174474,0.033835161103829954,-0.39735507482649857,0.816492086855906,1.2159009790382196,-0.15492695895903616,-1.8232701135283003,1.6953570966284914,-1.0030121061326889,-0.16804627653849372,1.5021988661614039,0.32272262858892586,-0.47688349911670236,-0.895934503305709,-0.2321886764414875,-0.8953770579914734,0.15560781401189488,-0.3445813283977837,0.17957698140734005,0.7759863216441972,-0.011519403480360327,-0.7620356325001847,0.4767487679680636,-1.206191070661155,-0.41769011907704895,0.6533181907950372,0.5935557324017127,0.40826964418378536,-1.1331923739746435,-0.6079833710990509,0.9684148621244955,-0.5427821152061535,0.22059370778812787,1.28280451134747,0.14334839264314106,-0.21546467287432333,-0.7600155060162241,2.224777837196413,-0.4953707581852543,-0.07593118168733982,1.644869818518828,0.19551882205998258,-0.6888253455500093,-0.8352881520385734,0.06543108420020229,0,0,0.8120970260351136,0,1.0
972,-1.2098597715166415,-0.20263650601302372,2.094680867676883,1.0588475879964387,0.305010105638936,-0.32323309750260687,-2.0449834910368523,0.4222774873943448,0.16352898422832413,-0.1814265181620169,-1.298024504426431,0.8530773918637403,-0.8052395629008947,-0.2203182687021056,-0.5753901461015104,1.2357164978103903,-0.89559867860637,-0.9573656916839333,0.6142375562262349,1.1421130620504183,-0.10208620192895454,-0.9254305524291833,1.6976781443981401,0.1531787194996678,-0.26236141570786353,0.6079355876283322,1.0715979477425457,0.3220084762618042,1.6718148520638114,0.31622141862295916,0.002665147861298386,-1.7688637992839553,0.034813201096122404,0.12183862762198576,0.805354505026865,0.9426545187998969,-0.6863962894658955,0.6536079702021614,-0.4226839190583064,1.441139776015547,-1.3944514914495896,1.012567585473203,0.7302488970148243,1.0386688513187219,0.8995406157325575,-0.44497353321461797,-0.014202989198664678,0.33861303124977826,0,0,0.5181157210963475,0,1.0
973,1.0215954908061793,-1.8574908718944252,0.44493924320117684,0.4043393539378809,-2.132293993839984,0.6386184606491788,0.7832946081648744,-0.4930510920605844,-0.4295855800619441,-0.04938648743019248,0.4212971963305533,-0.5354776218336883,-1.2311705702468627,-0.1484683454512131,0.3710468362209139,-0.49344682823003433,0.07040075954744708,0.32356095471161883,0.16940134490310194,-1.4759047457400702,-0.1843223725610411,0.9830526865754872,-1.12447429453943,0.8366087124539063,0.8662114429218674,0.4469028906547859,-0.8875100901565145,1.6844355950892214,-0.0008615047342365263,1.557378390315731,0.49263268118248676,-0.8316064187451144,-0.22015045867320002,-1.0704739213154297,-1.3334562940832304,-1.9433560113047774,-0.2231406272130014,1.2572798212687866,1.035323403477012,-0.015332768570470317,0.10602113017126928,0.1358753020231319,-0.33678208486207634,-1.2531166056817575,0.19529311423172088,-0.3953747347845183,-0.5194973933500412,-0.29682519390805767,1,0,0.5126391117522351,0,1.0
974,0.3734248488324847,1.0592960986092077,2.199016633477922,1.154439857678873,0.29781062769452465,-0.5327347101788572,-0.0018631510661100998,0.7650066448960193,1.3895650369612342,-0.4870966031431754,0.7466837886653068,0.2764580231988416,0.4015649825090708,1.7574510780735644,-0.26586032121781983,-0.016556167374895563,-0.3777409590108958,-0.7071854997805852,-0.26085058932812877,-0.7728358059336107,-0.49928323870172747,0.05542629964739681,-0.9436578400856486,-0.3956438611467876,0.7037367499420747,-0.548262320567848,-0.05166062077704293,0.1176923221431646,-0.1569562981672827,0.3635371321581114,-0.7314408284634076,0.03417168957333301,0.014904011231199386,1.154210262379481,-1.2245326201060447,-1.5796478521153599,-0.8168617453376882,-0.021344123213482957,-1.2563894641094915,-0.501320770690973,0.5426163332079897,-0.314151797435326,0.2826101147271707,-0.6792153183740496,-0.4876964239612347,0.7959784744787751,-1.5894796335808807,0.11194980645606527,1,1,0.5094093830897514,0,1.0
975,1.4327265841407142,2.245917632769308,1.3674066770190825,-0.8440776457473856,0.10638520299038844,-1.2051189409255996,-1.3385823606849159,-0.2946791707226895,2.427977434937382,-1.7695255588777135,-0.5005377532720034,-0.4698570405585412,-1.2109627592890133,0.030790137056694537,0.11811743226021681,-0.6157255076958793,2.024297629309062,1.1414259256794719,0.3428421363612344,-2.149671804349589,1.4902209938594881,-1.9309740978373864,-1.6332496847075963,0.4306447026245674,-0.7481874618770786,-0.6012147340175595,-0.9764518502893743,1.065096853026554,-0.6919742457886325,1.2225363623081191,-0.15168479803754717,-0.26051567355431765,1.215908657945133,0.8702241735922626,-0.4843406923075002,0.181490000837503,1.7835726813202435,-0.07215726766973672,-1.9720750789713675,0.7147969411448899,0.6638463381655703,0.2301086911822764,0.11054256332101055,-1.0809424348305456,0.0868406648549336,0.847229393585836,0.5652303627593882,-1.1594548215854483,1,1,0.8787108478374285,0,1.0
976,-2.297913156581694,1.998999809440838,-2.20895266255759,1.7870363143348797,0.030616599434852967,-0.11307561454431665,-1.547225386708517,-0.5018470939727152,-0.7477905850441489,0.629349020034408,1.0116038607682458,0.09467851616473388,0.20049402328286214,-0.8224903613749358,-0.5975952032003878,0.6977869848848908,-2.384727013568108,-0.2530596959505649,0.07340965997052407,1.4228658616111758,-1.0410218033502472,1.248761419984246,1.2069194389981786,1.2703319824625816,2.3476591529261515,-0.7375533946441482,-0.7041191476397017,0.07806570586309267,0.6010209627361465,0.49885627864089516,-0.22976326546609768,0.8517045597031604,-0.21246873172379585,0.40922217589352733,0.37189914739293745,-1.2772494240304466,0.7849172015889293,0.44928102845415985,-0.23188253379572957,-1.0409445751649915,-0.052648153324770255,0.25506356840059047,0.7734390883686302,-0.15100943364597114,-1.6175570033876918,-1.0844320954453586,-0.7242218070534469,-0.729142136246152,0,0,0.6770728399604763,0,1.0
977,6.626106583216714,-0.4585264017783123,1.8401367219503428,-0.6625651238595709,0.7615174545058383,0.03634956488087573,0.6789853109698183,1.4929306811931597,0.6141567164896797,0.6254189445061553,0.9890486634241934,1.0432331761583786,-2.1909705153093646,0.2383267040766978,-0.4431515941521137,-0.008809268840117361,1.9751363949552505,0.5011002397674775,1.4585567042589556,-0.507247946580845,2.0346640772508082,1.008806822883039,0.28878701019773306,-0.1186996539544521,1.2676146393220467,-0.9695223071717188,-1.0878363844663064,0.9368699944980924,-0.39858327411774447,-1.3323999979922643,0.7785963613781427,0.9824534305090863,-1.1485097456667974,-0.6235292421423548,-0.190690957327047,0.017948306093821347,-2.44542020199607,-1.226564929489903,-0.09219207162202439,-0.9548137425958931,-0.13183263075121585,-1.047178174241437,0.4607524095780321,-0.6762693115433231,0.8196848896224475,0.6234870515390715,0.14556015646766843,0.7358527814240904,1,1,0.9771450243012403,0,1.0
978,0.13534755132188037,0.36848706490291716,-2.1594592854328116,-0.5185933905288207,1.1946739299993667,-0.2542871722335155,0.3710869762058672,-1.0590540906541697,-0.3924514810947019,-0.9314985254550883,0.18874898077114285,0.06282167580392309,0.4992213640855999,0.5730889292583683,-0.7794681024484217,0.2245681429950329,0.6013422700716695,-0.9076637429042425,-0.6910166652731358,1.3199999127302393,-1.2535860380410087,-0.12051059798110542,0.8083386614098925,0.35145218204407647,0.01538204774665029,-1.4797049461109466,-1.548459009962858,0.13681930687338328,0.3868655385469621,-1.3612189088885636,1.2527752319488767,0.8492177607876026,-0.8278843531870899,-0.5211717748040943,-0.5518050972688687,-0.20385760292602034,-0.6517921661407466,0.10618411369771005,-1.0554934396901021,-0.41434709157336125,0.8657346414379157,-0.5323281427725883,-0.5353510292405962,1.3437140236452292,-0.25462049024637873,0.22156219304863867,-0.2455569307349085,-0.4570197049357319,1,0,0.5189721062982559,0,1.0
979,-0.0034956160650357784,-0.46376618263159974,0.3685154012771926,0.49897822074924614,1.4825130036892453,-0.7580943697905064,0.46012217075495176,-1.471127730869321,-0.7746556507528211,-1.151013378588628,-0.5923155531774434,-0.20490702420961238,0.6093412815534747,0.012060636799344712,0.24612787373017678,2.0644442042193245,0.4043605579327438,0.2721204666484003,0.6182032148145882,-1.502246312956023,0.8195834299795305,-1.0646545598047048,0.2054239285439255,-0.025571287100897698,0.040183795465800726,-0.44521766266535123,0.14746810902070395,-0.2378103557674533,0.9335954672311105,0.48724825835463076,-0.22236520590494216,1.609911291125277,0.6236047193440295,-0.675185297046442,0.3724270245360413,-0.8433400133183252,-0.8058453973074504,1.0604707910213191,0.23573934377839595,-0.1979432349647924,0.7667469050652354,0.5142956171882322,-0.7672228535067971,-0.3062118656873092,-0.9265788741141188,-0.17977134000373696,0.88194840596919,0.438997098033188,0,0,0.7174829289009155,0,1.0
980,-1.3108963849113702,-0.12333766136515922,-2.2282357498347767,-2.1714355238862653,0.939182300935001,0.48890369684314816,-0.6165803796499876,0.31972303161280174,-0.1539448429078071,-1.1207318381418498,1.5639828368640036,0.0010351270658678822,0.46603815393446496,0.017219243273471373,0.2901728634795953,0.1341224853130702,0.2811733347279157,-0.13162851758860983,-0.9005864975255999,-0.01312920704682739,-0.17184538857657436,1.487626390757384,-0.013282742799607243,1.003953506201295,-0.8324745575401334,-0.7920913355876619,0.44424577615752736,1.0570694778548138,-0.19457640141790702,-0.5508590862313845,-1.2077129187085658,0.4840508767481149,0.9609575110116887,-0.4382297581699422,0.5846677667790237,-1.3902107823556136,-0.522915359511686,0.02430771788869028,-0.8301145741885086,1.3492375902736555,0.02911293041216372,0.8278891734932674,-0.42395196793056705,-0.5296291364991376,0.22620639262571518,0.31192026130465345,0.1997565614501093,-1.274069728427376,0,0,0.6265566403748469,0,1.0
981,-3.208582479029536,-1.0216749333400934,0.09013444081330871,0.195409998842507,-0.10655914942874242,0.12254048383869529,0.2498278096025731,1.3069980756367756,0.3722826788917278,-1.2593348957858637,-0.2106691725466024,-0.6920613189427565,-0.302884333058349,0.24477992554498162,-0.6370195992548567,-1.2059642089776292,0.15686413424720952,0.8053383537429171,-1.0449591650558907,-0.6431764846679172,0.18911630886559871,0.1543737353270864,-0.7479576767203641,0.2729385705802237,-1.259952993619347,0.9971194173805357,-1.114631398131655,-0.20460895029607531,-0.3595412216322346,-0.05473903485427923,1.2722549857997745,1.2524446059743781,-1.0366674328378,1.1006916063633587,-2.1265195633471365,-1.4241846996498158,1.6154819542543175,1.414403020410447,1.1741564640422824,-0.3883183682915572,1.331400222489701,0.34486639343423625,-0.2623933410082138,-0.284290126476076,-1.3862196996942688,0.7454668213563361,0.5750558468194689,-0.7132277867135137,0,0,0.9694783519076846,0,1.0
982,3.7753950547693895,1.7149455950554788,-2.5364537347394753,-1.3241596294684825,0.37009596725554395,-1.3641009941796716,0.1258811937236917,-0.9777989576000156,0.9971441766407453,0.22334020564312923,-0.5554598335433754,0.35526440762920225,-0.0746238280160064,0.3856571520558255,-0.6132699426530086,0.4359564584729921,1.4660318916126713,-0.4573331367450741,-0.340622759424096,1.4185921085989683,0.8968627961266809,1.090874623599121,-1.5447635741004446,0.3463323487786838,-0.39327457012001615,0.36630913332460513,-0.060321241104111016,-0.9524774926401837,-0.449183691622509,1.5165002285451963,-0.7244486985688884,-0.6208423299378677,1.2659151238364403,-1.4357040365752651,0.7314970420419422,-0.9729851912158087,-1.4115603653492947,0.4802073470054261,0.3996947938157981,-0.09661818628533962,-0.35658828567870593,0.16690718927890433,-0.028618038122140373,1.9429460647618502,-0.7543860496049517,-0.04403785221871261,-0.20284721933190264,-0.734132763962859,1,1,0.9569750725240119,0,1.0
983,-1.270953592401026,-1.326665368384348,-0.38149632280368334,1.218706340786662,0.5273805704037403,0.42098782894030556,1.6284000446239708,0.7892138309354866,-1.1699240161428528,-1.1072058320156721,-0.5844018921487386,1.0322947880948325,0.9550829586242824,0.7059704760472044,-0.4740556795828487,-1.102158793930041,-1.3820793380403356,-1.8219491163362587,-0.10665966825410358,-0.950931250439679,1.2686006759952249,-1.6952727174513214,-0.7962212696813654,-0.5353110058571192,-0.44002504299044504,-0.5822446741125756,0.29792316300306715,1.0785447922686184,-0.8195178275260665,1.1960291976346755,-0.7057651218220521,-0.7353666022304457,-0.778266215249442,1.6327663093329003,0.48136959014327496,1.1493949419934661,0.8718301024796654,-0.9107437778401469,0.18182433151609934,-0.15524465129503515,0.3156669721945724,1.573966507554558,-0.7695272676243613,-0.8036391891474943,-0.6647555633929207,-0.3902827338846889,0.11274151148975627,1.1722887973930762,0,0,0.5647208006739206,0,1.0
984,-1.3308667361536266,1.2455902286846974,2.8972250135661968,-1.3369281951374028,-0.5272685163084115,-0.19569819351759363,1.34165181711757,0.2835590318471827,0.8331532242547965,0.6695762240025984,-0.5315489903826095,-0.5279905612766644,-0.5006151639390736,0.049812327292793106,-0.24616009111011075,0.3105454789471129,-0.34980571119344384,-1.3672019950006427,0.3096228536718403,0.304889031880721,0.6968491666053818,0.09756037869995016,0.8011286716386476,0.3971188860280175,-0.4042038806151025,-0.016190345427039194,0.4136415556304828,1.6462883514684858,0.5630589272744974,-0.6356645647635603,1.77388870483889,0.7531343500526491,1.8442762073753445,-0.947968650763944,-0.8141547301824004,0.40518166150751234,0.04365985571466886,-0.7515035722026585,-0.39186937269670724,-0.4537587607232095,-0.9097264526666741,0.2648019899975719,0.08280751900106181,-0.5010998728645122,-0.7467819946783372,0.21506224758809905,0.051644186990898476,-0.31066008345832796,0,0,0.5635741005933637,0,1.0
985,0.9088469627354877,4.227023438873925,1.3465399502952797,0.04932296396709554,0.511595436644213,-1.6550792715158298,0.7063390768335298,0.6372197747529038,-0.6204271407245547,0.6894560398374702,0.8380948741601112,-0.6452935245453943,0.032389123619647395,-1.331916129712466,0.6236845759031736,-0.8684892318394829,-0.9056731699064683,1.1147329554948677,-1.2532550076771953,0.05066123133304666,1.9116870984111258,-0.11210820667485127,-0.727474249894904,0.49135024367855806,1.7506731365966197,0.6458412168592795,0.11180875776103401,-0.3970058181395715,-0.22255873455256117,2.2180870658598457,1.8413312883743056,0.7925747808351915,1.0048496088181813,0.2840673432428624,0.31801165858566605,0.04691594650152669,0.7516221073521456,-0.599993985891287,-0.14782005365038964,-0.03176583083143024,-0.06693117686454386,-0.038128232525626714,-0.15774545992039446,-0.1446415441658295,0.6333564991320236,0.7367396710053211,1.0293905880839305,0.3770996830180987,1,1,0.6639784994855126,0,1.0
986,3.3375922391382886,0.6745999561392142,0.36925637817852797,-1.8979124539982266,-2.2275749453331266,-0.07724750409688923,-1.9090855684805734,-0.7531615249327767,-0.9769571184242092,2.4309690070452117,-0.36281484769512096,0.11124983588904323,0.943544056827037,-0.6426799136176855,-0.3492232127253273,1.4039192569661036,-1.6432453349249527,-1.2753224422730132,0.5367347467514922,-0.8580801495917968,0.5509718245228206,-0.3907693207124021,0.08914312366823164,0.09325697092381251,-0.7368034234692363,-0.28238076299073206,0.6564328257301257,-1.7236650901670696,-0.2340909859436346,0.9225010148183359,0.0789912821237115,0.585500739678768,0.19225137235917758,0.15849029605972756,-0.660048115009296,0.0650620167086261,0.5549148039454193,-0.1829912446203909,-1.1625620428471417,-1.1222664491166177,0.19742986831722667,0.1874287597674972,-0.16398212237950952,-0.8380856828082298,0.7822148908857821,-0.4646312423049007,1.2394500624554639,0.23107674902505215,1,1,0.8896866654703763,0,1.0
987,1.0950439587626748,-0.36984881565319633,0.1121394753789941,0.14702762913329703,-2.2418579074117555,-0.513925249212329,-0.3701570587140004,-0.4556846167940771,0.007337407787368466,-0.09537506274230405,-0.8961451329915354,0.6666870039389071,0.9016164317371415,0.5541313436840375,-0.12092765861994824,-0.5972129919879121,0.0036140079072277016,0.5348266932135072,-0.7005003486457516,-0.7747598937239802,-0.17646249756045468,-0.012505267495545029,-0.8651458920065171,-2.2345593753855693,-0.21966003949674856,-0.10024496240033233,0.06110290409189075,-0.9590847654793835,0.07267664914412994,-0.49367886669147837,-0.8175294330728697,0.705686900787222,-1.2790111358666658,0.6734880320818015,0.12150863656620582,-0.2420951251343018,-0.3643518590563432,-0.3086103472623979,0.9219112768637779,-0.972243310736228,0.3796181680572421,0.7316023633545825,-1.0739055541378784,1.3819976809625456,0.0517013037925705,0.0309856732037379,1.8686924265698241,0.05610565161755015,1,1,0.6126527666712016,0,1.0
988,5.072402545804212,0.6449504722007683,2.242508566400658,0.33379360681038633,0.6377834530470236,-0.505279647527059,-0.572345630971159,-1.2305270318019879,-0.1843996682714294,-0.6786208365171073,3.2019534858400522,-0.1650355260296361,0.22402653063713038,0.001549447604207423,2.0849931621913598,-0.19685608616953115,0.11225691571964236,0.6850832085866906,-0.7480054732753533,1.7458162993127744,0.6394922136430325,1.0398794693773379,-0.17526728317890466,0.782237819163979,0.4364109272300789,-1.5159256126933538,0.29243442403850417,0.7706620675984077,0.01161163107000189,-0.474799043830197,-0.6804024392477763,0.4390638313216819,-0.4162268703866419,-0.5016449776169343,0.14306971612267994,-0.25796713826585654,-0.35625069639115714,0.2713651676203782,0.12684835110018497,0.9151820190331983,0.03468319319805116,-0.8002546952744118,0.2563076438257353,0.7219341248639052,-0.46648628779097195,-0.028399181479710302,-0.35525264636901954,-0.6231331036599488,1,1,0.9786425444390857,0,1.0
989,3.8029951313196193,2.774447347309472,-0.038826665046510875,-2.744906488765465,1.1290285595610903,0.735805313697571,-0.31679425138684053,0.19499299481358953,1.019056308654733,1.1277783132082193,0.9106540868884023,1.9729194441214932,-1.137996561148777,0.1887056694299749,-0.6305983173977343,-1.1704748151466706,-1.73290476162013,-0.7103594106398772,-1.4735415486958772,0.7722029063969471,0.2550466973896124,-0.21716191008807248,-0.38923166285945576,0.02515464659860589,-0.3113228045263424,1.4128222877129255,0.37986373105497345,1.534409259372399,-1.021314758066574,-1.4067641696449178,0.1482100596779608,0.18780168416974244,0.09508517168964026,-0.15868723070795876,0.8277996299698984,0.03774650106373244,0.0851363498982936,0.16135677746357946,1.2360910266307303,-0.3089585613724189,-0.29560604927522166,1.521193845171232,1.5292791807879347,1.1302241451416024,-0.18300724198902577,0.30389901680188247,-0.5874935790145178,-0.09464639608702217,1,1,0.9788961971505866,0,1.0
990,1.6406471615629585,-1.3491976320040906,1.422163296915661,-1.1412602218214118,-0.5842693167596396,0.6437435274771027,-0.8854325643868044,-0.4181475648449101,2.062823459641765,3.069600422319135,-0.8318823171921427,-1.933679445438326,-0.09280446052096034,-0.8025184857744331,1.191349609094199,0.1391770804763275,0.4506708272952933,-0.025357699294530574,-1.589814457581931,1.3797363215641956,0.17388917025777895,1.319744910910977,0.12651844681764815,1.1177471663557685,-0.18103713171070485,0.9002409760727125,-0.874123129649954,0.5380298861153682,0.7975310990749739,1.0047845526315284,-0.6760220059425779,-0.14833734408685756,-0.9015212411541814,0.32466939767812575,0.26481066820325866,0.06115480101791854,1.0237047615988302,-1.1911128612696897,-0.8101161635430209,-0.5608258587044149,-0.2867643941453824,0.9656349592994912,0.4778545233910469,0.4646850550603926,0.3090983028904126,0.15128939824581247,-0.5501621705135272,0.8980946716425535,1,1,0.869255865864415,0,1.0
991,-0.9279221572221863,2.2961966394712747,1.2984779415677135,0.1976651836041368,-2.6646968369940973,1.3177246783461205,0.28150346461394304,1.1034381017670853,-0.022512785525559804,0.09602247452068141,0.15679540613489384,0.31194149524243703,-0.33703560796035714,-1.1174374386294044,-0.8167963414396846,-1.2676064951637007,0.3194242881978123,-0.11401421551340951,-0.3523071232781324,1.198588456508662,0.8371252331149033,-0.39189070623159783,-0.2959489795940592,0.014925430297492673,0.8645939176837516,0.7464523548302945,-1.278084952397609,0.006422567287397448,0.26184937754435533,1.7735962541831543,-0.3090999235617903,0.04833632809226609,1.8570774535696024,-0.4215110252866655,0.3531005467580454,0.820334994303384,-0.607504672401491,0.017607769168591192,-0.39237834443836966,0.683568326035507,1.0306793958602551,2.2078285660473216,0.5396690797110495,-0.3748472935569689,-0.7787842307460242,0.2898442478094459,-1.0192301966995259,1.261647956479544,0,0,0.7532694646424217,0,1.0
992,-0.6534998988473035,-1.310858702662626,2.884820256733667,0.14338769557266767,1.0848907046598397,1.075069346684651,0.44127505136484035,-0.6033447426626196,0.9235430184503728,-0.8286085198040817,0.06363564390668987,-0.5000150625025048,0.4015908310943575,-0.07891910332629593,-0.8388677517916783,-0.26039653876826535,-0.6865261304031661,-0.7748283310178908,1.0556527860099165,0.6191591350796777,0.013397653608417086,-0.4909294997937148,-0.538296246850078,-1.7349047467571106,0.03402034567171903,-0.6898514505212738,-0.7170659975716795,-0.7844663195053675,1.7666828550958011,0.012458595761806539,-0.22513385868446883,-1.1936115273085708,-0.2413874662046242,-1.4651041738942223,-1.13157270579861,-1.1094525238956632,0.37260047089043047,1.2172183383489787,-1.0363346465416394,0.6531974547567261,-0.9426246522575049,-0.8124560439493288,-0.28102529219967687,0.16992326481368691,0.39561433114881867,-0.15966640691346412,1.494575980965613,-0.6542862876594284,0,0,0.6931408537810799,0,1.0
993,0.08853696806827598,0.3418082938374016,-0.04151255443077294,1.389659655471939,0.5869093301248757,-0.2740226347993092,-0.3247596929841309,1.8482799598823076,-1.6792411619311236,0.15786532863089606,0.5968086347578887,0.5859955523737855,0.21656225045874591,-0.3683550915016582,-1.0764241851758296,-0.2839168596437532,-0.33019145623627794,2.1307775543722296,1.131655126402277,0.36204117485811155,-0.4002977101565125,0.5258449683734806,1.0084235646197466,-1.1010882234946953,-0.22205086492063392,-0.9458440405488555,0.1668247600149629,-0.0816068294925623,1.2665289837664644,-0.7622825671180565,-1.3043260135527093,-1.0073823602712308,-0.09216145526624527,0.6849672850976266,0.8396153458240723,0.048663948783819314,0.31780745617037365,-0.3000435652723653,0.7316099333155347,-0.8567167436406864,-0.4349540496358184,-0.5190412257807583,0.4918453153909387,-0.21892263905662776,0.11442929530017511,0.7067444249163011,-0.3573711021003294,0.21499572436926195,1,1,0.6450433057778119,0,1.0
994,1.847624307558108,1.7842891882873742,2.4063394648585312,-1.0613628211303299,1.0093336562162745,1.4323651416490968,-0.5696507256372954,-0.15312393980015584,0.8346250869419817,-0.14901752589244735,0.42405083606089244,-0.6057052097376711,0.8040605835555239,-0.9204761302785703,-0.2691149144074695,0.6589532736299392,0.932042349948082,0.16408889116437123,1.8711867296964382,-0.7558330278136799,-1.7757012289377279,-1.2784896514152722,-0.22273112612839205,0.8788857223909146,0.4738984045633601,1.001952236874231,-1.0102365760588041,0.5199816464842869,0.8622773967150809,0.8920691349327845,-0.69028215658334,-0.6741039187943487,-1.2384589388340492,-0.008641914825012016,0.11367548787661337,-0.5299150661237777,-0.1975584185486326,0.0581198388653664,-0.7768201882485937,0.17450608948483026,0.25563492794576004,-0.14429879584227645,0.07567793753065846,-0.07846498180232413,0.34914541236785995,-0.09813351287486514,-0.7554793515688574,0.2618412784431726,1,1,0.838818854083665,0,1.0
995,0.8900536926373648,2.708713398106566,-2.5091811087502136,0.39441218053415467,0.6554821327338979,-1.4077252710745354,-0.547664842648083,1.0857299046560431,-0.4570959373800622,-0.6342467410134317,0.06715783336168515,-0.02430222069887044,0.7606480382389189,-1.6604300093798845,-0.1958919656422268,0.4300482807525874,1.535869335152005,-1.116783443464029,1.212825996254473,-1.939158987494018,0.3159426689562199,0.6116306606208961,1.6042992012265214,-0.4365276085362119,-0.288605106452556,-0.5658395370517215,1.191076727429288,-0.012175413418594254,-1.0345660639382679,-0.4007143058276254,0.21689077209927615,-0.36287763447113597,0.8274982710854132,-0.6264196604874057,0.305274135250389,-0.6147269371405765,1.6321780872073508,0.9461757308511966,0.567005856800068,0.18933942240159854,-0.6080475152973629,1.0851609175291435,0.427516465029723,0.07009156538058535,-0.06078663485467063,0.39740047531324185,-0.3831978524914473,0.2556438199231996,1,1,0.7450968297501541,0,1.0
996,0.006922601395452419,3.222167448270736,-1.3709437862096188,-0.1287792468409115,-1.8914210419608304,0.8758906269686598,-0.7758731996046617,1.7575680983769975,0.6230589632390287,-1.0096684892186387,-0.433871135966046,-0.7236935156864905,1.364121980636827,0.3782719064790478,0.5272967904024075,0.9167291310616882,0.1636138790869798,0.5440630495698776,-0.25913123662800813,0.9171019213915034,-0.6161030248553061,0.17691133540813145,0.3533426059918952,-0.6966818784158344,-1.587720707849982,0.15058002827206987,1.2574118315557536,-0.20446653142652751,-0.3526134483705107,1.056095578513704,-0.030128932637609945,-0.28556089385582584,0.36635772569671504,-0.06237100760255693,-0.4194041200610618,0.1968624749268236,-0.27889808543016253,-1.4549097319545035,0.052437637713532846,-0.4936021160552138,-0.654479643057414,-0.2853967011600019,0.20496581215607104,-0.7193548623208286,0.02588638704629539,0.841393216467387,-1.0712408258794097,-0.11918166384145534,1,0,0.6737535594332744,0,1.0
997,-1.3758212522031776,0.7338164454965024,-1.1121970401479768,-0.8944610958854885,0.15322444037750654,-0.6045008124182049,0.3971971493926564,1.4930221130494559,0.9423681025452878,0.5839874705596529,-0.8782838799148701,1.853405739067575,0.011503483697097144,0.42593510727302486,0.008691495083195097,-0.6657723294175438,-0.5574787738012141,0.4696678101439999,-1.4951811488864282,0.8873019073147657,1.0384321900970448,-1.463451057885244,-1.070091603491926,-0.1783485129990284,1.5047506043665593,-0.1842953817557607,-0.21760224815971455,-0.5357948746158314,-0.46346293097595137,0.43300860802539975,0.4846140429725148,-0.37143287693718086,-1.0525218328143022,-0.15439624125482698,-0.1904543356597281,-0.8075945563299256,-0.249496510979759,-0.5049897207558173,1.5195517964177072,0.34966905022236455,0.8107563433522453,-0.44622930339393263,0.15339411347093135,-0.3117326525620028,0.019264411945971872,-0.28680220678377677,-0.23063919102313346,-0.6141366513655783,0,0,0.7422832727298657,0,1.0
998,-4.959729818669866,-1.6238681659077123,-2.0760646363290016,-0.4558500997056766,-0.3155799891392521,0.4685431005459006,0.1775707778118656,-0.9364903181237664,0.039721175579033076,-0.05186282623504206,-0.10582659421405165,0.1122223664356302,-0.5714583351194683,0.027875961627504532,0.1720609909719217,-0.21223741951022757,-0.047642790016697814,-0.03308754144990643,-0.34000214976577414,-0.07868334199035304,-1.2180967087466386,0.9645855127281346,-0.13407053882121545,1.0315790409635495,-0.008905494413402206,-0.3952801701482243,-0.5508652731991466,-1.0955896978717163,0.38967402491728226,0.14325784319861729,0.5117246926030278,0.7217828926928093,0.9797091508122561,0.40945226068322327,0.86263097839766,-0.2178351094824627,0.5426342366525525,-1.489018220347488,0.30875652779484625,-0.2654399538531555,-0.5578965268792554,-0.5637400918138853,1.2973988692960527,0.06034673802526463,-0.09067909467699516,1.4351618119908738,-0.8129430067724399,1.3586238125663646,0,0,0.964763847638029,0,1.0
999,-2.365159359241699,-3.3538963385141387,-0.5706659813971647,-1.9336820173092604,1.474483618943441,2.0639754870200187,-0.14719325221903656,1.1197779688357552,0.6420940807609018,-0.568450300587244,-1.2536781066253242,0.1340350681451796,1.1798578414769758,-0.12338002687478837,0.19527555671951993,-0.04147898819687697,-0.8962582665878832,0.4864729463074394,-1.2129005508751483,0.16770726075443354,0.542191596699385,0.4656099613801736,-0.6097156670056691,-0.43272505053758115,-0.7355090825834412,-0.38390515330268477,0.7197055582135888,1.0401707125020092,-0.29376264161183563,0.11473963926630866,0.4564396366897489,0.06463210757164387,-0.16226913915196428,-1.4296489769190253,1.0239168925759519,2.1713514199208843,1.0792547578470575,1.859653143016527,-0.8834820240492768,0.3777216453868372,0.5053838381131747,0.13201410425835314,-1.4294321878221972,0.2934194551633823,0.9387785703958366,-0.6278426576283865,-0.6794376791753091,0.0650324628233187,0,0,0.9443194620045616,0,1.0
